"source","target","ligand","receptor","prob","pval","interaction_name","interaction_name_2","pathway_name","annotation","evidence"
"NK","NK","TGFB1","TGFbR1_R2",0.0536616758313403,0,"TGFB1_TGFBR1_TGFBR2","TGFB1 - (TGFBR1+TGFBR2)","TGFb","Secreted Signaling","KEGG: hsa04350"
"CD8_Cytotoxic","NK","TGFB1","TGFbR1_R2",0.0408863658584379,0,"TGFB1_TGFBR1_TGFBR2","TGFB1 - (TGFBR1+TGFBR2)","TGFb","Secreted Signaling","KEGG: hsa04350"
"CD8_TRM","NK","TGFB1","TGFbR1_R2",0.0445813148830985,0,"TGFB1_TGFBR1_TGFBR2","TGFB1 - (TGFBR1+TGFBR2)","TGFb","Secreted Signaling","KEGG: hsa04350"
"cDC2","NK","TGFB1","TGFbR1_R2",0.0348002898812286,0,"TGFB1_TGFBR1_TGFBR2","TGFB1 - (TGFBR1+TGFBR2)","TGFb","Secreted Signaling","KEGG: hsa04350"
"Cycling","NK","TGFB1","TGFbR1_R2",0.104424704098886,0,"TGFB1_TGFBR1_TGFBR2","TGFB1 - (TGFBR1+TGFBR2)","TGFb","Secreted Signaling","KEGG: hsa04350"
"NK","CD4_T","TGFB1","TGFbR1_R2",0.0202214399962053,0,"TGFB1_TGFBR1_TGFBR2","TGFB1 - (TGFBR1+TGFBR2)","TGFb","Secreted Signaling","KEGG: hsa04350"
"CD8_Cytotoxic","CD4_T","TGFB1","TGFbR1_R2",0.0152787595298232,0.02,"TGFB1_TGFBR1_TGFBR2","TGFB1 - (TGFBR1+TGFBR2)","TGFb","Secreted Signaling","KEGG: hsa04350"
"CD8_TRM","CD4_T","TGFB1","TGFbR1_R2",0.016699813026766,0.01,"TGFB1_TGFBR1_TGFBR2","TGFB1 - (TGFBR1+TGFBR2)","TGFb","Secreted Signaling","KEGG: hsa04350"
"Cycling","CD4_T","TGFB1","TGFbR1_R2",0.040711466390855,0,"TGFB1_TGFBR1_TGFBR2","TGFB1 - (TGFBR1+TGFBR2)","TGFb","Secreted Signaling","KEGG: hsa04350"
"NK","CD8_Cytotoxic","TGFB1","TGFbR1_R2",0.0221998848876808,0,"TGFB1_TGFBR1_TGFBR2","TGFB1 - (TGFBR1+TGFBR2)","TGFb","Secreted Signaling","KEGG: hsa04350"
"CD8_Cytotoxic","CD8_Cytotoxic","TGFB1","TGFbR1_R2",0.0167819006473734,0.01,"TGFB1_TGFBR1_TGFBR2","TGFB1 - (TGFBR1+TGFBR2)","TGFb","Secreted Signaling","KEGG: hsa04350"
"CD8_TRM","CD8_Cytotoxic","TGFB1","TGFbR1_R2",0.0183401551207429,0,"TGFB1_TGFBR1_TGFBR2","TGFB1 - (TGFBR1+TGFBR2)","TGFb","Secreted Signaling","KEGG: hsa04350"
"Cycling","CD8_Cytotoxic","TGFB1","TGFbR1_R2",0.0446033715144202,0,"TGFB1_TGFBR1_TGFBR2","TGFB1 - (TGFBR1+TGFBR2)","TGFb","Secreted Signaling","KEGG: hsa04350"
"NK","CD8_TRM","TGFB1","TGFbR1_R2",0.0348452567998701,0,"TGFB1_TGFBR1_TGFBR2","TGFB1 - (TGFBR1+TGFBR2)","TGFb","Secreted Signaling","KEGG: hsa04350"
"CD8_Cytotoxic","CD8_TRM","TGFB1","TGFbR1_R2",0.0264245130743761,0,"TGFB1_TGFBR1_TGFBR2","TGFB1 - (TGFBR1+TGFBR2)","TGFb","Secreted Signaling","KEGG: hsa04350"
"CD8_TRM","CD8_TRM","TGFB1","TGFbR1_R2",0.0288518423516761,0,"TGFB1_TGFBR1_TGFBR2","TGFB1 - (TGFBR1+TGFBR2)","TGFb","Secreted Signaling","KEGG: hsa04350"
"cDC2","CD8_TRM","TGFB1","TGFbR1_R2",0.0224407660499174,0,"TGFB1_TGFBR1_TGFBR2","TGFB1 - (TGFBR1+TGFBR2)","TGFb","Secreted Signaling","KEGG: hsa04350"
"Cycling","CD8_TRM","TGFB1","TGFbR1_R2",0.0691081538380896,0,"TGFB1_TGFBR1_TGFBR2","TGFB1 - (TGFBR1+TGFBR2)","TGFb","Secreted Signaling","KEGG: hsa04350"
"NK","cDC2","TGFB1","TGFbR1_R2",0.0301098108488379,0,"TGFB1_TGFBR1_TGFBR2","TGFB1 - (TGFBR1+TGFBR2)","TGFb","Secreted Signaling","KEGG: hsa04350"
"CD8_Cytotoxic","cDC2","TGFB1","TGFbR1_R2",0.0228063989957542,0.01,"TGFB1_TGFBR1_TGFBR2","TGFB1 - (TGFBR1+TGFBR2)","TGFb","Secreted Signaling","KEGG: hsa04350"
"CD8_TRM","cDC2","TGFB1","TGFbR1_R2",0.0249098756013319,0,"TGFB1_TGFBR1_TGFBR2","TGFB1 - (TGFBR1+TGFBR2)","TGFb","Secreted Signaling","KEGG: hsa04350"
"cDC2","cDC2","TGFB1","TGFbR1_R2",0.0193572718300503,0.03,"TGFB1_TGFBR1_TGFBR2","TGFB1 - (TGFBR1+TGFBR2)","TGFb","Secreted Signaling","KEGG: hsa04350"
"Cycling","cDC2","TGFB1","TGFbR1_R2",0.0600058973619343,0,"TGFB1_TGFBR1_TGFBR2","TGFB1 - (TGFBR1+TGFBR2)","TGFb","Secreted Signaling","KEGG: hsa04350"
"NK","Cycling","TGFB1","TGFbR1_R2",0.041124850796284,0,"TGFB1_TGFBR1_TGFBR2","TGFB1 - (TGFBR1+TGFBR2)","TGFb","Secreted Signaling","KEGG: hsa04350"
"CD8_Cytotoxic","Cycling","TGFB1","TGFbR1_R2",0.031235685908692,0,"TGFB1_TGFBR1_TGFBR2","TGFB1 - (TGFBR1+TGFBR2)","TGFb","Secreted Signaling","KEGG: hsa04350"
"CD8_TRM","Cycling","TGFB1","TGFbR1_R2",0.0340894899526735,0,"TGFB1_TGFBR1_TGFBR2","TGFB1 - (TGFBR1+TGFBR2)","TGFb","Secreted Signaling","KEGG: hsa04350"
"cDC2","Cycling","TGFB1","TGFbR1_R2",0.026546386260456,0,"TGFB1_TGFBR1_TGFBR2","TGFB1 - (TGFBR1+TGFBR2)","TGFb","Secreted Signaling","KEGG: hsa04350"
"Cycling","Cycling","TGFB1","TGFbR1_R2",0.0810439085452883,0,"TGFB1_TGFBR1_TGFBR2","TGFB1 - (TGFBR1+TGFBR2)","TGFb","Secreted Signaling","KEGG: hsa04350"
"Stromal_2","Stromal_2","WNT5B","FZD3",0.0103127732748246,0,"WNT5B_FZD3","WNT5B - FZD3","ncWNT","Secreted Signaling","KEGG: hsa04310"
"cDC2","NK","PDGFB","PDGFRB",0.0104854024218201,0,"PDGFB_PDGFRB","PDGFB - PDGFRB","PDGF","Secreted Signaling","PMID: 15207812"
"Stromal_2","Stromal_1","IGF1","IGF1R",0.00946832035319795,0,"IGF1_IGF1R","IGF1 - IGF1R","IGF","Secreted Signaling","PMID: 14604834"
"NK","Inflammatory_Macrophage","CCL5","CCR1",0.280015671097806,0,"CCL5_CCR1","CCL5 - CCR1","CCL","Secreted Signaling","KEGG: hsa04060"
"CD4_T","Inflammatory_Macrophage","CCL5","CCR1",0.0834098482266778,0,"CCL5_CCR1","CCL5 - CCR1","CCL","Secreted Signaling","KEGG: hsa04060"
"CD8_Cytotoxic","Inflammatory_Macrophage","CCL5","CCR1",0.295195507084152,0,"CCL5_CCR1","CCL5 - CCR1","CCL","Secreted Signaling","KEGG: hsa04060"
"CD8_TRM","Inflammatory_Macrophage","CCL5","CCR1",0.303196852133867,0,"CCL5_CCR1","CCL5 - CCR1","CCL","Secreted Signaling","KEGG: hsa04060"
"Cycling","Inflammatory_Macrophage","CCL5","CCR1",0.264338973218834,0,"CCL5_CCR1","CCL5 - CCR1","CCL","Secreted Signaling","KEGG: hsa04060"
"NK","CD8_TRM","CCL5","CCR1",0.117252336356989,0,"CCL5_CCR1","CCL5 - CCR1","CCL","Secreted Signaling","KEGG: hsa04060"
"CD4_T","CD8_TRM","CCL5","CCR1",0.0301422602315015,0.01,"CCL5_CCR1","CCL5 - CCR1","CCL","Secreted Signaling","KEGG: hsa04060"
"CD8_Cytotoxic","CD8_TRM","CCL5","CCR1",0.125142299994379,0,"CCL5_CCR1","CCL5 - CCR1","CCL","Secreted Signaling","KEGG: hsa04060"
"CD8_TRM","CD8_TRM","CCL5","CCR1",0.129380443938188,0,"CCL5_CCR1","CCL5 - CCR1","CCL","Secreted Signaling","KEGG: hsa04060"
"Cycling","CD8_TRM","CCL5","CCR1",0.109304567413608,0,"CCL5_CCR1","CCL5 - CCR1","CCL","Secreted Signaling","KEGG: hsa04060"
"NK","cDC2","CCL5","CCR1",0.116073257331643,0,"CCL5_CCR1","CCL5 - CCR1","CCL","Secreted Signaling","KEGG: hsa04060"
"CD4_T","cDC2","CCL5","CCR1",0.0298095716189637,0.04,"CCL5_CCR1","CCL5 - CCR1","CCL","Secreted Signaling","KEGG: hsa04060"
"CD8_Cytotoxic","cDC2","CCL5","CCR1",0.123895015800357,0,"CCL5_CCR1","CCL5 - CCR1","CCL","Secreted Signaling","KEGG: hsa04060"
"CD8_TRM","cDC2","CCL5","CCR1",0.128097103460271,0,"CCL5_CCR1","CCL5 - CCR1","CCL","Secreted Signaling","KEGG: hsa04060"
"Cycling","cDC2","CCL5","CCR1",0.108195614647334,0,"CCL5_CCR1","CCL5 - CCR1","CCL","Secreted Signaling","KEGG: hsa04060"
"NK","Cycling","CCL5","CCR1",0.245812776407539,0,"CCL5_CCR1","CCL5 - CCR1","CCL","Secreted Signaling","KEGG: hsa04060"
"CD4_T","Cycling","CCL5","CCR1",0.0708582021921898,0,"CCL5_CCR1","CCL5 - CCR1","CCL","Secreted Signaling","KEGG: hsa04060"
"CD8_Cytotoxic","Cycling","CCL5","CCR1",0.259807527992144,0,"CCL5_CCR1","CCL5 - CCR1","CCL","Secreted Signaling","KEGG: hsa04060"
"CD8_TRM","Cycling","CCL5","CCR1",0.267213335846476,0,"CCL5_CCR1","CCL5 - CCR1","CCL","Secreted Signaling","KEGG: hsa04060"
"Cycling","Cycling","CCL5","CCR1",0.231435410506358,0,"CCL5_CCR1","CCL5 - CCR1","CCL","Secreted Signaling","KEGG: hsa04060"
"NK","Inflammatory_Macrophage","CCL3","CCR1",0.153684878829076,0,"CCL3_CCR1","CCL3 - CCR1","CCL","Secreted Signaling","KEGG: hsa04060"
"Inflammatory_Macrophage","Inflammatory_Macrophage","CCL3","CCR1",0.0713538260390682,0,"CCL3_CCR1","CCL3 - CCR1","CCL","Secreted Signaling","KEGG: hsa04060"
"cDC2","Inflammatory_Macrophage","CCL3","CCR1",0.0609739553945817,0,"CCL3_CCR1","CCL3 - CCR1","CCL","Secreted Signaling","KEGG: hsa04060"
"Cycling","Inflammatory_Macrophage","CCL3","CCR1",0.123943924456961,0,"CCL3_CCR1","CCL3 - CCR1","CCL","Secreted Signaling","KEGG: hsa04060"
"NK","CD8_TRM","CCL3","CCR1",0.0583972494162474,0,"CCL3_CCR1","CCL3 - CCR1","CCL","Secreted Signaling","KEGG: hsa04060"
"Inflammatory_Macrophage","CD8_TRM","CCL3","CCR1",0.0255707197033405,0,"CCL3_CCR1","CCL3 - CCR1","CCL","Secreted Signaling","KEGG: hsa04060"
"cDC2","CD8_TRM","CCL3","CCR1",0.0216953413289187,0,"CCL3_CCR1","CCL3 - CCR1","CCL","Secreted Signaling","KEGG: hsa04060"
"Cycling","CD8_TRM","CCL3","CCR1",0.0460919908794757,0,"CCL3_CCR1","CCL3 - CCR1","CCL","Secreted Signaling","KEGG: hsa04060"
"NK","cDC2","CCL3","CCR1",0.0577712789184428,0,"CCL3_CCR1","CCL3 - CCR1","CCL","Secreted Signaling","KEGG: hsa04060"
"Inflammatory_Macrophage","cDC2","CCL3","CCR1",0.0252871728916862,0,"CCL3_CCR1","CCL3 - CCR1","CCL","Secreted Signaling","KEGG: hsa04060"
"cDC2","cDC2","CCL3","CCR1",0.0214538214136551,0,"CCL3_CCR1","CCL3 - CCR1","CCL","Secreted Signaling","KEGG: hsa04060"
"Cycling","cDC2","CCL3","CCR1",0.0455915360500626,0,"CCL3_CCR1","CCL3 - CCR1","CCL","Secreted Signaling","KEGG: hsa04060"
"NK","Cycling","CCL3","CCR1",0.13208202245876,0,"CCL3_CCR1","CCL3 - CCR1","CCL","Secreted Signaling","KEGG: hsa04060"
"Inflammatory_Macrophage","Cycling","CCL3","CCR1",0.0604966481377297,0,"CCL3_CCR1","CCL3 - CCR1","CCL","Secreted Signaling","KEGG: hsa04060"
"cDC2","Cycling","CCL3","CCR1",0.0516084024942691,0,"CCL3_CCR1","CCL3 - CCR1","CCL","Secreted Signaling","KEGG: hsa04060"
"Cycling","Cycling","CCL3","CCR1",0.105998031489897,0,"CCL3_CCR1","CCL3 - CCR1","CCL","Secreted Signaling","KEGG: hsa04060"
"NK","CD8_Cytotoxic","CCL4","CCR5",0.0961054795683145,0,"CCL4_CCR5","CCL4 - CCR5","CCL","Secreted Signaling","KEGG: hsa04060"
"CD8_Cytotoxic","CD8_Cytotoxic","CCL4","CCR5",0.0916245956387932,0,"CCL4_CCR5","CCL4 - CCR5","CCL","Secreted Signaling","KEGG: hsa04060"
"Inflammatory_Macrophage","CD8_Cytotoxic","CCL4","CCR5",0.051533711035904,0,"CCL4_CCR5","CCL4 - CCR5","CCL","Secreted Signaling","KEGG: hsa04060"
"CD8_TRM","CD8_Cytotoxic","CCL4","CCR5",0.0698255575031483,0,"CCL4_CCR5","CCL4 - CCR5","CCL","Secreted Signaling","KEGG: hsa04060"
"cDC2","CD8_Cytotoxic","CCL4","CCR5",0.0100992874211159,0,"CCL4_CCR5","CCL4 - CCR5","CCL","Secreted Signaling","KEGG: hsa04060"
"Cycling","CD8_Cytotoxic","CCL4","CCR5",0.0891726906469271,0,"CCL4_CCR5","CCL4 - CCR5","CCL","Secreted Signaling","KEGG: hsa04060"
"NK","CD8_TRM","CCL4","CCR5",0.293328284574881,0,"CCL4_CCR5","CCL4 - CCR5","CCL","Secreted Signaling","KEGG: hsa04060"
"CD8_Cytotoxic","CD8_TRM","CCL4","CCR5",0.28252613451074,0,"CCL4_CCR5","CCL4 - CCR5","CCL","Secreted Signaling","KEGG: hsa04060"
"Inflammatory_Macrophage","CD8_TRM","CCL4","CCR5",0.174997092916245,0,"CCL4_CCR5","CCL4 - CCR5","CCL","Secreted Signaling","KEGG: hsa04060"
"CD8_TRM","CD8_TRM","CCL4","CCR5",0.226640399622409,0,"CCL4_CCR5","CCL4 - CCR5","CCL","Secreted Signaling","KEGG: hsa04060"
"cDC2","CD8_TRM","CCL4","CCR5",0.0383038823671142,0,"CCL4_CCR5","CCL4 - CCR5","CCL","Secreted Signaling","KEGG: hsa04060"
"Cycling","CD8_TRM","CCL4","CCR5",0.276520758213128,0,"CCL4_CCR5","CCL4 - CCR5","CCL","Secreted Signaling","KEGG: hsa04060"
"NK","cDC2","CCL4","CCR5",0.0830263364978117,0,"CCL4_CCR5","CCL4 - CCR5","CCL","Secreted Signaling","KEGG: hsa04060"
"CD8_Cytotoxic","cDC2","CCL4","CCR5",0.0791018970618587,0,"CCL4_CCR5","CCL4 - CCR5","CCL","Secreted Signaling","KEGG: hsa04060"
"Inflammatory_Macrophage","cDC2","CCL4","CCR5",0.0442236335023257,0.01,"CCL4_CCR5","CCL4 - CCR5","CCL","Secreted Signaling","KEGG: hsa04060"
"CD8_TRM","cDC2","CCL4","CCR5",0.0600851483139866,0,"CCL4_CCR5","CCL4 - CCR5","CCL","Secreted Signaling","KEGG: hsa04060"
"cDC2","cDC2","CCL4","CCR5",0.00861332410621827,0.02,"CCL4_CCR5","CCL4 - CCR5","CCL","Secreted Signaling","KEGG: hsa04060"
"Cycling","cDC2","CCL4","CCR5",0.0769567133522119,0,"CCL4_CCR5","CCL4 - CCR5","CCL","Secreted Signaling","KEGG: hsa04060"
"NK","Cycling","CCL4","CCR5",0.0982838582962511,0,"CCL4_CCR5","CCL4 - CCR5","CCL","Secreted Signaling","KEGG: hsa04060"
"CD8_Cytotoxic","Cycling","CCL4","CCR5",0.093711938175343,0,"CCL4_CCR5","CCL4 - CCR5","CCL","Secreted Signaling","KEGG: hsa04060"
"Inflammatory_Macrophage","Cycling","CCL4","CCR5",0.0527607729761072,0.03,"CCL4_CCR5","CCL4 - CCR5","CCL","Secreted Signaling","KEGG: hsa04060"
"CD8_TRM","Cycling","CCL4","CCR5",0.0714553510602051,0,"CCL4_CCR5","CCL4 - CCR5","CCL","Secreted Signaling","KEGG: hsa04060"
"Cycling","Cycling","CCL4","CCR5",0.0912097838841295,0,"CCL4_CCR5","CCL4 - CCR5","CCL","Secreted Signaling","KEGG: hsa04060"
"NK","CD8_Cytotoxic","CCL5","CCR5",0.0982904894622249,0,"CCL5_CCR5","CCL5 - CCR5","CCL","Secreted Signaling","KEGG: hsa04060"
"CD4_T","CD8_Cytotoxic","CCL5","CCR5",0.0248708058327298,0,"CCL5_CCR5","CCL5 - CCR5","CCL","Secreted Signaling","KEGG: hsa04060"
"CD8_Cytotoxic","CD8_Cytotoxic","CCL5","CCR5",0.105056353478271,0,"CCL5_CCR5","CCL5 - CCR5","CCL","Secreted Signaling","KEGG: hsa04060"
"CD8_TRM","CD8_Cytotoxic","CCL5","CCR5",0.108698773116362,0,"CCL5_CCR5","CCL5 - CCR5","CCL","Secreted Signaling","KEGG: hsa04060"
"Cycling","CD8_Cytotoxic","CCL5","CCR5",0.0914948016939381,0,"CCL5_CCR5","CCL5 - CCR5","CCL","Secreted Signaling","KEGG: hsa04060"
"NK","CD8_TRM","CCL5","CCR5",0.298516405243478,0,"CCL5_CCR5","CCL5 - CCR5","CCL","Secreted Signaling","KEGG: hsa04060"
"CD4_T","CD8_TRM","CCL5","CCR5",0.0905545334487089,0,"CCL5_CCR5","CCL5 - CCR5","CCL","Secreted Signaling","KEGG: hsa04060"
"CD8_Cytotoxic","CD8_TRM","CCL5","CCR5",0.314261412658824,0,"CCL5_CCR5","CCL5 - CCR5","CCL","Secreted Signaling","KEGG: hsa04060"
"CD8_TRM","CD8_TRM","CCL5","CCR5",0.322543044434866,0,"CCL5_CCR5","CCL5 - CCR5","CCL","Secreted Signaling","KEGG: hsa04060"
"Cycling","CD8_TRM","CCL5","CCR5",0.282209927845971,0,"CCL5_CCR5","CCL5 - CCR5","CCL","Secreted Signaling","KEGG: hsa04060"
"NK","cDC2","CCL5","CCR5",0.0849419290442795,0,"CCL5_CCR5","CCL5 - CCR5","CCL","Secreted Signaling","KEGG: hsa04060"
"CD4_T","cDC2","CCL5","CCR5",0.0212581023757978,0.02,"CCL5_CCR5","CCL5 - CCR5","CCL","Secreted Signaling","KEGG: hsa04060"
"CD8_Cytotoxic","cDC2","CCL5","CCR5",0.0908815491621446,0,"CCL5_CCR5","CCL5 - CCR5","CCL","Secreted Signaling","KEGG: hsa04060"
"CD8_TRM","cDC2","CCL5","CCR5",0.09408417879668,0,"CCL5_CCR5","CCL5 - CCR5","CCL","Secreted Signaling","KEGG: hsa04060"
"Cycling","cDC2","CCL5","CCR5",0.0789883000281738,0,"CCL5_CCR5","CCL5 - CCR5","CCL","Secreted Signaling","KEGG: hsa04060"
"NK","Cycling","CCL5","CCR5",0.100512887455495,0,"CCL5_CCR5","CCL5 - CCR5","CCL","Secreted Signaling","KEGG: hsa04060"
"CD8_Cytotoxic","Cycling","CCL5","CCR5",0.107413507849715,0,"CCL5_CCR5","CCL5 - CCR5","CCL","Secreted Signaling","KEGG: hsa04060"
"CD8_TRM","Cycling","CCL5","CCR5",0.111127504603862,0,"CCL5_CCR5","CCL5 - CCR5","CCL","Secreted Signaling","KEGG: hsa04060"
"Cycling","Cycling","CCL5","CCR5",0.0935794919493319,0.02,"CCL5_CCR5","CCL5 - CCR5","CCL","Secreted Signaling","KEGG: hsa04060"
"NK","CD8_Cytotoxic","CCL3","CCR5",0.0484311529325724,0,"CCL3_CCR5","CCL3 - CCR5","CCL","Secreted Signaling","KEGG: hsa04060"
"Inflammatory_Macrophage","CD8_Cytotoxic","CCL3","CCR5",0.0210813846537611,0,"CCL3_CCR5","CCL3 - CCR5","CCL","Secreted Signaling","KEGG: hsa04060"
"cDC2","CD8_Cytotoxic","CCL3","CCR5",0.0178739086243004,0,"CCL3_CCR5","CCL3 - CCR5","CCL","Secreted Signaling","KEGG: hsa04060"
"Cycling","CD8_Cytotoxic","CCL3","CCR5",0.0381408503750817,0,"CCL3_CCR5","CCL3 - CCR5","CCL","Secreted Signaling","KEGG: hsa04060"
"NK","CD8_TRM","CCL3","CCR5",0.165760541504619,0,"CCL3_CCR5","CCL3 - CCR5","CCL","Secreted Signaling","KEGG: hsa04060"
"Inflammatory_Macrophage","CD8_TRM","CCL3","CCR5",0.0775531980891826,0,"CCL3_CCR5","CCL3 - CCR5","CCL","Secreted Signaling","KEGG: hsa04060"
"cDC2","CD8_TRM","CCL3","CCR5",0.0663359222462746,0,"CCL3_CCR5","CCL3 - CCR5","CCL","Secreted Signaling","KEGG: hsa04060"
"Cycling","CD8_TRM","CCL3","CCR5",0.134052866998605,0,"CCL3_CCR5","CCL3 - CCR5","CCL","Secreted Signaling","KEGG: hsa04060"
"NK","cDC2","CCL3","CCR5",0.0415418985957469,0,"CCL3_CCR5","CCL3 - CCR5","CCL","Secreted Signaling","KEGG: hsa04060"
"Inflammatory_Macrophage","cDC2","CCL3","CCR5",0.0180089621700307,0,"CCL3_CCR5","CCL3 - CCR5","CCL","Secreted Signaling","KEGG: hsa04060"
"cDC2","cDC2","CCL3","CCR5",0.0152616590998146,0,"CCL3_CCR5","CCL3 - CCR5","CCL","Secreted Signaling","KEGG: hsa04060"
"Cycling","cDC2","CCL3","CCR5",0.0326651270756093,0,"CCL3_CCR5","CCL3 - CCR5","CCL","Secreted Signaling","KEGG: hsa04060"
"NK","Cycling","CCL3","CCR5",0.0495882026469703,0,"CCL3_CCR5","CCL3 - CCR5","CCL","Secreted Signaling","KEGG: hsa04060"
"Inflammatory_Macrophage","Cycling","CCL3","CCR5",0.0215998634860038,0,"CCL3_CCR5","CCL3 - CCR5","CCL","Secreted Signaling","KEGG: hsa04060"
"cDC2","Cycling","CCL3","CCR5",0.0183149781892615,0,"CCL3_CCR5","CCL3 - CCR5","CCL","Secreted Signaling","KEGG: hsa04060"
"Cycling","Cycling","CCL3","CCR5",0.039062150361272,0,"CCL3_CCR5","CCL3 - CCR5","CCL","Secreted Signaling","KEGG: hsa04060"
"Inflammatory_Macrophage","CD8_TRM","CXCL16","CXCR6",0.0914292669812366,0,"CXCL16_CXCR6","CXCL16 - CXCR6","CXCL","Secreted Signaling","KEGG: hsa04060"
"cDC2","CD8_TRM","CXCL16","CXCR6",0.0814187186665529,0,"CXCL16_CXCR6","CXCL16 - CXCR6","CXCL","Secreted Signaling","KEGG: hsa04060"
"Treg","NK","MIF","CD74_CXCR4",0.0133680794363666,0,"MIF_CD74_CXCR4","MIF - (CD74+CXCR4)","MIF","Secreted Signaling","PMID: 29637711; PMID: 24760155"
"Stromal_1","NK","MIF","CD74_CXCR4",0.0676736267331965,0,"MIF_CD74_CXCR4","MIF - (CD74+CXCR4)","MIF","Secreted Signaling","PMID: 29637711; PMID: 24760155"
"Stromal_2","NK","MIF","CD74_CXCR4",0.152267432030359,0,"MIF_CD74_CXCR4","MIF - (CD74+CXCR4)","MIF","Secreted Signaling","PMID: 29637711; PMID: 24760155"
"Treg","CD4_T","MIF","CD74_CXCR4",0.0183999990511905,0,"MIF_CD74_CXCR4","MIF - (CD74+CXCR4)","MIF","Secreted Signaling","PMID: 29637711; PMID: 24760155"
"Stromal_1","CD4_T","MIF","CD74_CXCR4",0.0912561919012626,0,"MIF_CD74_CXCR4","MIF - (CD74+CXCR4)","MIF","Secreted Signaling","PMID: 29637711; PMID: 24760155"
"Stromal_2","CD4_T","MIF","CD74_CXCR4",0.199035600636793,0,"MIF_CD74_CXCR4","MIF - (CD74+CXCR4)","MIF","Secreted Signaling","PMID: 29637711; PMID: 24760155"
"Treg","CD8_Cytotoxic","MIF","CD74_CXCR4",0.0151950033110384,0,"MIF_CD74_CXCR4","MIF - (CD74+CXCR4)","MIF","Secreted Signaling","PMID: 29637711; PMID: 24760155"
"Stromal_1","CD8_Cytotoxic","MIF","CD74_CXCR4",0.0763478201421898,0,"MIF_CD74_CXCR4","MIF - (CD74+CXCR4)","MIF","Secreted Signaling","PMID: 29637711; PMID: 24760155"
"Stromal_2","CD8_Cytotoxic","MIF","CD74_CXCR4",0.169809705049126,0,"MIF_CD74_CXCR4","MIF - (CD74+CXCR4)","MIF","Secreted Signaling","PMID: 29637711; PMID: 24760155"
"Treg","B_Cell","MIF","CD74_CXCR4",0.0207028405560062,0,"MIF_CD74_CXCR4","MIF - (CD74+CXCR4)","MIF","Secreted Signaling","PMID: 29637711; PMID: 24760155"
"Stromal_1","B_Cell","MIF","CD74_CXCR4",0.101732297786157,0,"MIF_CD74_CXCR4","MIF - (CD74+CXCR4)","MIF","Secreted Signaling","PMID: 29637711; PMID: 24760155"
"Stromal_2","B_Cell","MIF","CD74_CXCR4",0.218904180663514,0,"MIF_CD74_CXCR4","MIF - (CD74+CXCR4)","MIF","Secreted Signaling","PMID: 29637711; PMID: 24760155"
"Treg","Inflammatory_Macrophage","MIF","CD74_CXCR4",0.00994934710942862,0,"MIF_CD74_CXCR4","MIF - (CD74+CXCR4)","MIF","Secreted Signaling","PMID: 29637711; PMID: 24760155"
"Stromal_1","Inflammatory_Macrophage","MIF","CD74_CXCR4",0.0510859720774462,0.01,"MIF_CD74_CXCR4","MIF - (CD74+CXCR4)","MIF","Secreted Signaling","PMID: 29637711; PMID: 24760155"
"Stromal_2","Inflammatory_Macrophage","MIF","CD74_CXCR4",0.117559301695519,0,"MIF_CD74_CXCR4","MIF - (CD74+CXCR4)","MIF","Secreted Signaling","PMID: 29637711; PMID: 24760155"
"Treg","CD8_TRM","MIF","CD74_CXCR4",0.016196157337976,0,"MIF_CD74_CXCR4","MIF - (CD74+CXCR4)","MIF","Secreted Signaling","PMID: 29637711; PMID: 24760155"
"Stromal_1","CD8_TRM","MIF","CD74_CXCR4",0.081046563586996,0,"MIF_CD74_CXCR4","MIF - (CD74+CXCR4)","MIF","Secreted Signaling","PMID: 29637711; PMID: 24760155"
"Stromal_2","CD8_TRM","MIF","CD74_CXCR4",0.1791448405221,0,"MIF_CD74_CXCR4","MIF - (CD74+CXCR4)","MIF","Secreted Signaling","PMID: 29637711; PMID: 24760155"
"Treg","Treg","MIF","CD74_CXCR4",0.0174164175978711,0,"MIF_CD74_CXCR4","MIF - (CD74+CXCR4)","MIF","Secreted Signaling","PMID: 29637711; PMID: 24760155"
"Stromal_1","Treg","MIF","CD74_CXCR4",0.0867221209983818,0,"MIF_CD74_CXCR4","MIF - (CD74+CXCR4)","MIF","Secreted Signaling","PMID: 29637711; PMID: 24760155"
"Stromal_2","Treg","MIF","CD74_CXCR4",0.190267707455453,0,"MIF_CD74_CXCR4","MIF - (CD74+CXCR4)","MIF","Secreted Signaling","PMID: 29637711; PMID: 24760155"
"Treg","cDC2","MIF","CD74_CXCR4",0.0195726195525848,0,"MIF_CD74_CXCR4","MIF - (CD74+CXCR4)","MIF","Secreted Signaling","PMID: 29637711; PMID: 24760155"
"Stromal_1","cDC2","MIF","CD74_CXCR4",0.0966148928282714,0,"MIF_CD74_CXCR4","MIF - (CD74+CXCR4)","MIF","Secreted Signaling","PMID: 29637711; PMID: 24760155"
"Stromal_2","cDC2","MIF","CD74_CXCR4",0.209265833494552,0,"MIF_CD74_CXCR4","MIF - (CD74+CXCR4)","MIF","Secreted Signaling","PMID: 29637711; PMID: 24760155"
"Treg","Stromal_2","MIF","CD74_CXCR4",0.0164353344864138,0,"MIF_CD74_CXCR4","MIF - (CD74+CXCR4)","MIF","Secreted Signaling","PMID: 29637711; PMID: 24760155"
"Stromal_1","Stromal_2","MIF","CD74_CXCR4",0.0821634390166981,0,"MIF_CD74_CXCR4","MIF - (CD74+CXCR4)","MIF","Secreted Signaling","PMID: 29637711; PMID: 24760155"
"Stromal_2","Stromal_2","MIF","CD74_CXCR4",0.181346798606031,0,"MIF_CD74_CXCR4","MIF - (CD74+CXCR4)","MIF","Secreted Signaling","PMID: 29637711; PMID: 24760155"
"Treg","LAMP3_DC","MIF","CD74_CXCR4",0.0146926227627943,0,"MIF_CD74_CXCR4","MIF - (CD74+CXCR4)","MIF","Secreted Signaling","PMID: 29637711; PMID: 24760155"
"Stromal_1","LAMP3_DC","MIF","CD74_CXCR4",0.0739754665682185,0,"MIF_CD74_CXCR4","MIF - (CD74+CXCR4)","MIF","Secreted Signaling","PMID: 29637711; PMID: 24760155"
"Stromal_2","LAMP3_DC","MIF","CD74_CXCR4",0.165052168528876,0,"MIF_CD74_CXCR4","MIF - (CD74+CXCR4)","MIF","Secreted Signaling","PMID: 29637711; PMID: 24760155"
"Treg","Cycling","MIF","CD74_CXCR4",0.0177863547508522,0,"MIF_CD74_CXCR4","MIF - (CD74+CXCR4)","MIF","Secreted Signaling","PMID: 29637711; PMID: 24760155"
"Stromal_1","Cycling","MIF","CD74_CXCR4",0.0884316728410224,0,"MIF_CD74_CXCR4","MIF - (CD74+CXCR4)","MIF","Secreted Signaling","PMID: 29637711; PMID: 24760155"
"Stromal_2","Cycling","MIF","CD74_CXCR4",0.193585784132589,0,"MIF_CD74_CXCR4","MIF - (CD74+CXCR4)","MIF","Secreted Signaling","PMID: 29637711; PMID: 24760155"
"Treg","NK","MIF","CD74_CD44",0.0133275221423255,0,"MIF_CD74_CD44","MIF - (CD74+CD44)","MIF","Secreted Signaling","PMID: 29637711; PMID: 26175090"
"Stromal_1","NK","MIF","CD74_CD44",0.0674795807123023,0,"MIF_CD74_CD44","MIF - (CD74+CD44)","MIF","Secreted Signaling","PMID: 29637711; PMID: 26175090"
"Stromal_2","NK","MIF","CD74_CD44",0.151870335386369,0,"MIF_CD74_CD44","MIF - (CD74+CD44)","MIF","Secreted Signaling","PMID: 29637711; PMID: 26175090"
"Treg","CD4_T","MIF","CD74_CD44",0.0181433984572349,0,"MIF_CD74_CD44","MIF - (CD74+CD44)","MIF","Secreted Signaling","PMID: 29637711; PMID: 26175090"
"Stromal_1","CD4_T","MIF","CD74_CD44",0.0900767980121072,0,"MIF_CD74_CD44","MIF - (CD74+CD44)","MIF","Secreted Signaling","PMID: 29637711; PMID: 26175090"
"Stromal_2","CD4_T","MIF","CD74_CD44",0.196764871935808,0,"MIF_CD74_CD44","MIF - (CD74+CD44)","MIF","Secreted Signaling","PMID: 29637711; PMID: 26175090"
"Treg","CD8_Cytotoxic","MIF","CD74_CD44",0.0172746704752761,0,"MIF_CD74_CD44","MIF - (CD74+CD44)","MIF","Secreted Signaling","PMID: 29637711; PMID: 26175090"
"Stromal_1","CD8_Cytotoxic","MIF","CD74_CD44",0.08606572166738,0,"MIF_CD74_CD44","MIF - (CD74+CD44)","MIF","Secreted Signaling","PMID: 29637711; PMID: 26175090"
"Stromal_2","CD8_Cytotoxic","MIF","CD74_CD44",0.188989754996128,0,"MIF_CD74_CD44","MIF - (CD74+CD44)","MIF","Secreted Signaling","PMID: 29637711; PMID: 26175090"
"Treg","B_Cell","MIF","CD74_CD44",0.0168142886084174,0,"MIF_CD74_CD44","MIF - (CD74+CD44)","MIF","Secreted Signaling","PMID: 29637711; PMID: 26175090"
"Stromal_1","B_Cell","MIF","CD74_CD44",0.083928584357194,0,"MIF_CD74_CD44","MIF - (CD74+CD44)","MIF","Secreted Signaling","PMID: 29637711; PMID: 26175090"
"Stromal_2","B_Cell","MIF","CD74_CD44",0.184813682558791,0,"MIF_CD74_CD44","MIF - (CD74+CD44)","MIF","Secreted Signaling","PMID: 29637711; PMID: 26175090"
"Treg","Inflammatory_Macrophage","MIF","CD74_CD44",0.0171136431927155,0,"MIF_CD74_CD44","MIF - (CD74+CD44)","MIF","Secreted Signaling","PMID: 29637711; PMID: 26175090"
"Stromal_1","Inflammatory_Macrophage","MIF","CD74_CD44",0.0853191247389221,0,"MIF_CD74_CD44","MIF - (CD74+CD44)","MIF","Secreted Signaling","PMID: 29637711; PMID: 26175090"
"Stromal_2","Inflammatory_Macrophage","MIF","CD74_CD44",0.187533524581682,0,"MIF_CD74_CD44","MIF - (CD74+CD44)","MIF","Secreted Signaling","PMID: 29637711; PMID: 26175090"
"Treg","CD8_TRM","MIF","CD74_CD44",0.0186865624012642,0,"MIF_CD74_CD44","MIF - (CD74+CD44)","MIF","Secreted Signaling","PMID: 29637711; PMID: 26175090"
"Stromal_1","CD8_TRM","MIF","CD74_CD44",0.0925704188660189,0,"MIF_CD74_CD44","MIF - (CD74+CD44)","MIF","Secreted Signaling","PMID: 29637711; PMID: 26175090"
"Stromal_2","CD8_TRM","MIF","CD74_CD44",0.20155774172452,0,"MIF_CD74_CD44","MIF - (CD74+CD44)","MIF","Secreted Signaling","PMID: 29637711; PMID: 26175090"
"Treg","Treg","MIF","CD74_CD44",0.0181972871583291,0,"MIF_CD74_CD44","MIF - (CD74+CD44)","MIF","Secreted Signaling","PMID: 29637711; PMID: 26175090"
"Stromal_1","Treg","MIF","CD74_CD44",0.0903246852674816,0,"MIF_CD74_CD44","MIF - (CD74+CD44)","MIF","Secreted Signaling","PMID: 29637711; PMID: 26175090"
"Stromal_2","Treg","MIF","CD74_CD44",0.197242716523522,0,"MIF_CD74_CD44","MIF - (CD74+CD44)","MIF","Secreted Signaling","PMID: 29637711; PMID: 26175090"
"Treg","cDC2","MIF","CD74_CD44",0.0158757561143279,0,"MIF_CD74_CD44","MIF - (CD74+CD44)","MIF","Secreted Signaling","PMID: 29637711; PMID: 26175090"
"Stromal_1","cDC2","MIF","CD74_CD44",0.0795469876017706,0,"MIF_CD74_CD44","MIF - (CD74+CD44)","MIF","Secreted Signaling","PMID: 29637711; PMID: 26175090"
"Stromal_2","cDC2","MIF","CD74_CD44",0.176178166349372,0,"MIF_CD74_CD44","MIF - (CD74+CD44)","MIF","Secreted Signaling","PMID: 29637711; PMID: 26175090"
"Treg","Stromal_2","MIF","CD74_CD44",0.0134371262699434,0,"MIF_CD74_CD44","MIF - (CD74+CD44)","MIF","Secreted Signaling","PMID: 29637711; PMID: 26175090"
"Stromal_1","Stromal_2","MIF","CD74_CD44",0.0680038316683649,0,"MIF_CD74_CD44","MIF - (CD74+CD44)","MIF","Secreted Signaling","PMID: 29637711; PMID: 26175090"
"Stromal_2","Stromal_2","MIF","CD74_CD44",0.152942690125795,0,"MIF_CD74_CD44","MIF - (CD74+CD44)","MIF","Secreted Signaling","PMID: 29637711; PMID: 26175090"
"Treg","LAMP3_DC","MIF","CD74_CD44",0.0166526890158563,0,"MIF_CD74_CD44","MIF - (CD74+CD44)","MIF","Secreted Signaling","PMID: 29637711; PMID: 26175090"
"Stromal_1","LAMP3_DC","MIF","CD74_CD44",0.0831765278894635,0,"MIF_CD74_CD44","MIF - (CD74+CD44)","MIF","Secreted Signaling","PMID: 29637711; PMID: 26175090"
"Stromal_2","LAMP3_DC","MIF","CD74_CD44",0.183338550146858,0,"MIF_CD74_CD44","MIF - (CD74+CD44)","MIF","Secreted Signaling","PMID: 29637711; PMID: 26175090"
"Treg","Cycling","MIF","CD74_CD44",0.0159261420516808,0,"MIF_CD74_CD44","MIF - (CD74+CD44)","MIF","Secreted Signaling","PMID: 29637711; PMID: 26175090"
"Stromal_1","Cycling","MIF","CD74_CD44",0.0797830686834804,0,"MIF_CD74_CD44","MIF - (CD74+CD44)","MIF","Secreted Signaling","PMID: 29637711; PMID: 26175090"
"Stromal_2","Cycling","MIF","CD74_CD44",0.176645994032772,0,"MIF_CD74_CD44","MIF - (CD74+CD44)","MIF","Secreted Signaling","PMID: 29637711; PMID: 26175090"
"Treg","NK","MIF","CD74_CXCR2",0.00738331397327881,0,"MIF_CD74_CXCR2","MIF - (CD74+CXCR2)","MIF","Secreted Signaling","PMID: 29637711; PMID: 26175090"
"Stromal_1","NK","MIF","CD74_CXCR2",0.0383210586454953,0,"MIF_CD74_CXCR2","MIF - (CD74+CXCR2)","MIF","Secreted Signaling","PMID: 29637711; PMID: 26175090"
"Stromal_2","NK","MIF","CD74_CXCR2",0.0897556991048026,0,"MIF_CD74_CXCR2","MIF - (CD74+CXCR2)","MIF","Secreted Signaling","PMID: 29637711; PMID: 26175090"
"Cycling","NK","MIF","CD74_CXCR2",0.0273100502555678,0,"MIF_CD74_CXCR2","MIF - (CD74+CXCR2)","MIF","Secreted Signaling","PMID: 29637711; PMID: 26175090"
"NK","CD4_T","IL16","CD4",0.191387498418979,0,"IL16_CD4","IL16 - CD4","IL16","Secreted Signaling","KEGG: hsa04060"
"CD4_T","CD4_T","IL16","CD4",0.225827028121045,0,"IL16_CD4","IL16 - CD4","IL16","Secreted Signaling","KEGG: hsa04060"
"CD8_Cytotoxic","CD4_T","IL16","CD4",0.19667239160039,0,"IL16_CD4","IL16 - CD4","IL16","Secreted Signaling","KEGG: hsa04060"
"B_Cell","CD4_T","IL16","CD4",0.216767615942661,0,"IL16_CD4","IL16 - CD4","IL16","Secreted Signaling","KEGG: hsa04060"
"CD8_TRM","CD4_T","IL16","CD4",0.225960677423954,0,"IL16_CD4","IL16 - CD4","IL16","Secreted Signaling","KEGG: hsa04060"
"Treg","CD4_T","IL16","CD4",0.277817038030281,0,"IL16_CD4","IL16 - CD4","IL16","Secreted Signaling","KEGG: hsa04060"
"cDC2","CD4_T","IL16","CD4",0.146361945673263,0,"IL16_CD4","IL16 - CD4","IL16","Secreted Signaling","KEGG: hsa04060"
"Stromal_2","CD4_T","IL16","CD4",0.186513134783111,0,"IL16_CD4","IL16 - CD4","IL16","Secreted Signaling","KEGG: hsa04060"
"LAMP3_DC","CD4_T","IL16","CD4",0.089523200355504,0,"IL16_CD4","IL16 - CD4","IL16","Secreted Signaling","KEGG: hsa04060"
"Cycling","CD4_T","IL16","CD4",0.166458300296306,0,"IL16_CD4","IL16 - CD4","IL16","Secreted Signaling","KEGG: hsa04060"
"NK","Inflammatory_Macrophage","IL16","CD4",0.243651319363016,0,"IL16_CD4","IL16 - CD4","IL16","Secreted Signaling","KEGG: hsa04060"
"CD4_T","Inflammatory_Macrophage","IL16","CD4",0.28419022613428,0,"IL16_CD4","IL16 - CD4","IL16","Secreted Signaling","KEGG: hsa04060"
"CD8_Cytotoxic","Inflammatory_Macrophage","IL16","CD4",0.24993332888856,0,"IL16_CD4","IL16 - CD4","IL16","Secreted Signaling","KEGG: hsa04060"
"B_Cell","Inflammatory_Macrophage","IL16","CD4",0.273616981405199,0,"IL16_CD4","IL16 - CD4","IL16","Secreted Signaling","KEGG: hsa04060"
"Inflammatory_Macrophage","Inflammatory_Macrophage","IL16","CD4",0.0824744144214551,0.01,"IL16_CD4","IL16 - CD4","IL16","Secreted Signaling","KEGG: hsa04060"
"CD8_TRM","Inflammatory_Macrophage","IL16","CD4",0.284345729630979,0,"IL16_CD4","IL16 - CD4","IL16","Secreted Signaling","KEGG: hsa04060"
"Treg","Inflammatory_Macrophage","IL16","CD4",0.343652274392261,0,"IL16_CD4","IL16 - CD4","IL16","Secreted Signaling","KEGG: hsa04060"
"cDC2","Inflammatory_Macrophage","IL16","CD4",0.189207281540376,0,"IL16_CD4","IL16 - CD4","IL16","Secreted Signaling","KEGG: hsa04060"
"Stromal_2","Inflammatory_Macrophage","IL16","CD4",0.237837383658906,0,"IL16_CD4","IL16 - CD4","IL16","Secreted Signaling","KEGG: hsa04060"
"LAMP3_DC","Inflammatory_Macrophage","IL16","CD4",0.118030412451448,0,"IL16_CD4","IL16 - CD4","IL16","Secreted Signaling","KEGG: hsa04060"
"Cycling","Inflammatory_Macrophage","IL16","CD4",0.213713726814735,0,"IL16_CD4","IL16 - CD4","IL16","Secreted Signaling","KEGG: hsa04060"
"NK","Treg","IL16","CD4",0.250747316150509,0,"IL16_CD4","IL16 - CD4","IL16","Secreted Signaling","KEGG: hsa04060"
"CD4_T","Treg","IL16","CD4",0.292011040157494,0,"IL16_CD4","IL16 - CD4","IL16","Secreted Signaling","KEGG: hsa04060"
"CD8_Cytotoxic","Treg","IL16","CD4",0.257150077733972,0,"IL16_CD4","IL16 - CD4","IL16","Secreted Signaling","KEGG: hsa04060"
"B_Cell","Treg","IL16","CD4",0.281261154289542,0,"IL16_CD4","IL16 - CD4","IL16","Secreted Signaling","KEGG: hsa04060"
"Inflammatory_Macrophage","Treg","IL16","CD4",0.0854064128157878,0,"IL16_CD4","IL16 - CD4","IL16","Secreted Signaling","KEGG: hsa04060"
"CD8_TRM","Treg","IL16","CD4",0.292169076349996,0,"IL16_CD4","IL16 - CD4","IL16","Secreted Signaling","KEGG: hsa04060"
"Treg","Treg","IL16","CD4",0.352304079339878,0,"IL16_CD4","IL16 - CD4","IL16","Secreted Signaling","KEGG: hsa04060"
"cDC2","Treg","IL16","CD4",0.195126735988486,0,"IL16_CD4","IL16 - CD4","IL16","Secreted Signaling","KEGG: hsa04060"
"Stromal_2","Treg","IL16","CD4",0.244818865080181,0,"IL16_CD4","IL16 - CD4","IL16","Secreted Signaling","KEGG: hsa04060"
"LAMP3_DC","Treg","IL16","CD4",0.12205828707811,0,"IL16_CD4","IL16 - CD4","IL16","Secreted Signaling","KEGG: hsa04060"
"Cycling","Treg","IL16","CD4",0.220191662435095,0,"IL16_CD4","IL16 - CD4","IL16","Secreted Signaling","KEGG: hsa04060"
"NK","cDC2","IL16","CD4",0.243216219815077,0,"IL16_CD4","IL16 - CD4","IL16","Secreted Signaling","KEGG: hsa04060"
"CD4_T","cDC2","IL16","CD4",0.283709889022709,0,"IL16_CD4","IL16 - CD4","IL16","Secreted Signaling","KEGG: hsa04060"
"CD8_Cytotoxic","cDC2","IL16","CD4",0.249490711680613,0,"IL16_CD4","IL16 - CD4","IL16","Secreted Signaling","KEGG: hsa04060"
"B_Cell","cDC2","IL16","CD4",0.27314769576196,0,"IL16_CD4","IL16 - CD4","IL16","Secreted Signaling","KEGG: hsa04060"
"Inflammatory_Macrophage","cDC2","IL16","CD4",0.0822958191319197,0.03,"IL16_CD4","IL16 - CD4","IL16","Secreted Signaling","KEGG: hsa04060"
"CD8_TRM","cDC2","IL16","CD4",0.283865233917821,0,"IL16_CD4","IL16 - CD4","IL16","Secreted Signaling","KEGG: hsa04060"
"Treg","cDC2","IL16","CD4",0.343119610119269,0,"IL16_CD4","IL16 - CD4","IL16","Secreted Signaling","KEGG: hsa04060"
"cDC2","cDC2","IL16","CD4",0.188845130551984,0,"IL16_CD4","IL16 - CD4","IL16","Secreted Signaling","KEGG: hsa04060"
"Stromal_2","cDC2","IL16","CD4",0.237409407465745,0,"IL16_CD4","IL16 - CD4","IL16","Secreted Signaling","KEGG: hsa04060"
"LAMP3_DC","cDC2","IL16","CD4",0.117784706001943,0,"IL16_CD4","IL16 - CD4","IL16","Secreted Signaling","KEGG: hsa04060"
"Cycling","cDC2","IL16","CD4",0.213317010348746,0,"IL16_CD4","IL16 - CD4","IL16","Secreted Signaling","KEGG: hsa04060"
"NK","LAMP3_DC","IL16","CD4",0.229761473312083,0,"IL16_CD4","IL16 - CD4","IL16","Secreted Signaling","KEGG: hsa04060"
"CD4_T","LAMP3_DC","IL16","CD4",0.268810720345483,0,"IL16_CD4","IL16 - CD4","IL16","Secreted Signaling","KEGG: hsa04060"
"CD8_Cytotoxic","LAMP3_DC","IL16","CD4",0.235797010010643,0,"IL16_CD4","IL16 - CD4","IL16","Secreted Signaling","KEGG: hsa04060"
"B_Cell","LAMP3_DC","IL16","CD4",0.258602949717577,0,"IL16_CD4","IL16 - CD4","IL16","Secreted Signaling","KEGG: hsa04060"
"CD8_TRM","LAMP3_DC","IL16","CD4",0.268960970491694,0,"IL16_CD4","IL16 - CD4","IL16","Secreted Signaling","KEGG: hsa04060"
"Treg","LAMP3_DC","IL16","CD4",0.326522738887224,0,"IL16_CD4","IL16 - CD4","IL16","Secreted Signaling","KEGG: hsa04060"
"cDC2","LAMP3_DC","IL16","CD4",0.17769196698509,0.01,"IL16_CD4","IL16 - CD4","IL16","Secreted Signaling","KEGG: hsa04060"
"Stromal_2","LAMP3_DC","IL16","CD4",0.224180735997518,0,"IL16_CD4","IL16 - CD4","IL16","Secreted Signaling","KEGG: hsa04060"
"Cycling","LAMP3_DC","IL16","CD4",0.201076817525558,0,"IL16_CD4","IL16 - CD4","IL16","Secreted Signaling","KEGG: hsa04060"
"NK","Inflammatory_Macrophage","IFNG","IFNGR1_IFNGR2",0.0782859746728115,0,"IFNG_IFNGR1_IFNGR2","IFNG - (IFNGR1+IFNGR2)","IFN-II","Secreted Signaling","KEGG: hsa04060"
"CD8_Cytotoxic","Inflammatory_Macrophage","IFNG","IFNGR1_IFNGR2",0.160791024577528,0,"IFNG_IFNGR1_IFNGR2","IFNG - (IFNGR1+IFNGR2)","IFN-II","Secreted Signaling","KEGG: hsa04060"
"CD8_TRM","Inflammatory_Macrophage","IFNG","IFNGR1_IFNGR2",0.0728967541306952,0,"IFNG_IFNGR1_IFNGR2","IFNG - (IFNGR1+IFNGR2)","IFN-II","Secreted Signaling","KEGG: hsa04060"
"Cycling","Inflammatory_Macrophage","IFNG","IFNGR1_IFNGR2",0.221142364064608,0,"IFNG_IFNGR1_IFNGR2","IFNG - (IFNGR1+IFNGR2)","IFN-II","Secreted Signaling","KEGG: hsa04060"
"NK","cDC2","IFNG","IFNGR1_IFNGR2",0.074441850091995,0,"IFNG_IFNGR1_IFNGR2","IFNG - (IFNGR1+IFNGR2)","IFN-II","Secreted Signaling","KEGG: hsa04060"
"CD8_Cytotoxic","cDC2","IFNG","IFNGR1_IFNGR2",0.153570606905979,0,"IFNG_IFNGR1_IFNGR2","IFNG - (IFNGR1+IFNGR2)","IFN-II","Secreted Signaling","KEGG: hsa04060"
"CD8_TRM","cDC2","IFNG","IFNGR1_IFNGR2",0.0692973640416877,0,"IFNG_IFNGR1_IFNGR2","IFNG - (IFNGR1+IFNGR2)","IFN-II","Secreted Signaling","KEGG: hsa04060"
"Cycling","cDC2","IFNG","IFNGR1_IFNGR2",0.211896123397196,0,"IFNG_IFNGR1_IFNGR2","IFNG - (IFNGR1+IFNGR2)","IFN-II","Secreted Signaling","KEGG: hsa04060"
"CD4_T","NK","TNF","TNFRSF1A",0.0144738798150629,0,"TNF_TNFRSF1A","TNF - TNFRSF1A","TNF","Secreted Signaling","KEGG: hsa04060"
"Inflammatory_Macrophage","NK","TNF","TNFRSF1A",0.00298948302029099,0,"TNF_TNFRSF1A","TNF - TNFRSF1A","TNF","Secreted Signaling","KEGG: hsa04060"
"CD4_T","CD8_Cytotoxic","TNF","TNFRSF1A",0.0132943159367532,0,"TNF_TNFRSF1A","TNF - TNFRSF1A","TNF","Secreted Signaling","KEGG: hsa04060"
"Inflammatory_Macrophage","CD8_Cytotoxic","TNF","TNFRSF1A",0.0027432467923876,0,"TNF_TNFRSF1A","TNF - TNFRSF1A","TNF","Secreted Signaling","KEGG: hsa04060"
"CD4_T","Inflammatory_Macrophage","TNF","TNFRSF1A",0.0172540456838311,0,"TNF_TNFRSF1A","TNF - TNFRSF1A","TNF","Secreted Signaling","KEGG: hsa04060"
"Inflammatory_Macrophage","Inflammatory_Macrophage","TNF","TNFRSF1A",0.00357170235578036,0,"TNF_TNFRSF1A","TNF - TNFRSF1A","TNF","Secreted Signaling","KEGG: hsa04060"
"CD4_T","CD8_TRM","TNF","TNFRSF1A",0.0148885747843225,0,"TNF_TNFRSF1A","TNF - TNFRSF1A","TNF","Secreted Signaling","KEGG: hsa04060"
"Inflammatory_Macrophage","CD8_TRM","TNF","TNFRSF1A",0.00307616254481909,0,"TNF_TNFRSF1A","TNF - TNFRSF1A","TNF","Secreted Signaling","KEGG: hsa04060"
"CD4_T","cDC2","TNF","TNFRSF1A",0.0141294250177482,0,"TNF_TNFRSF1A","TNF - TNFRSF1A","TNF","Secreted Signaling","KEGG: hsa04060"
"Inflammatory_Macrophage","cDC2","TNF","TNFRSF1A",0.00291752908631513,0,"TNF_TNFRSF1A","TNF - TNFRSF1A","TNF","Secreted Signaling","KEGG: hsa04060"
"CD4_T","Cycling","TNF","TNFRSF1A",0.0114692571010068,0,"TNF_TNFRSF1A","TNF - TNFRSF1A","TNF","Secreted Signaling","KEGG: hsa04060"
"Inflammatory_Macrophage","Cycling","TNF","TNFRSF1A",0.00236318164781796,0,"TNF_TNFRSF1A","TNF - TNFRSF1A","TNF","Secreted Signaling","KEGG: hsa04060"
"CD4_T","NK","TNF","TNFRSF1B",0.0554680295199175,0,"TNF_TNFRSF1B","TNF - TNFRSF1B","TNF","Secreted Signaling","KEGG: hsa04060"
"Inflammatory_Macrophage","NK","TNF","TNFRSF1B",0.0118475771112338,0,"TNF_TNFRSF1B","TNF - TNFRSF1B","TNF","Secreted Signaling","KEGG: hsa04060"
"CD4_T","CD4_T","TNF","TNFRSF1B",0.020232334241896,0,"TNF_TNFRSF1B","TNF - TNFRSF1B","TNF","Secreted Signaling","KEGG: hsa04060"
"Inflammatory_Macrophage","CD4_T","TNF","TNFRSF1B",0.00419831743622679,0,"TNF_TNFRSF1B","TNF - TNFRSF1B","TNF","Secreted Signaling","KEGG: hsa04060"
"CD4_T","CD8_Cytotoxic","TNF","TNFRSF1B",0.0586783081997511,0,"TNF_TNFRSF1B","TNF - TNFRSF1B","TNF","Secreted Signaling","KEGG: hsa04060"
"Inflammatory_Macrophage","CD8_Cytotoxic","TNF","TNFRSF1B",0.0125668590795548,0,"TNF_TNFRSF1B","TNF - TNFRSF1B","TNF","Secreted Signaling","KEGG: hsa04060"
"CD4_T","B_Cell","TNF","TNFRSF1B",0.0192581721705773,0,"TNF_TNFRSF1B","TNF - TNFRSF1B","TNF","Secreted Signaling","KEGG: hsa04060"
"Inflammatory_Macrophage","B_Cell","TNF","TNFRSF1B",0.00399302725463457,0,"TNF_TNFRSF1B","TNF - TNFRSF1B","TNF","Secreted Signaling","KEGG: hsa04060"
"CD4_T","Inflammatory_Macrophage","TNF","TNFRSF1B",0.0904156965179192,0,"TNF_TNFRSF1B","TNF - TNFRSF1B","TNF","Secreted Signaling","KEGG: hsa04060"
"Inflammatory_Macrophage","Inflammatory_Macrophage","TNF","TNFRSF1B",0.019890917559891,0,"TNF_TNFRSF1B","TNF - TNFRSF1B","TNF","Secreted Signaling","KEGG: hsa04060"
"CD4_T","CD8_TRM","TNF","TNFRSF1B",0.0457752101832695,0,"TNF_TNFRSF1B","TNF - TNFRSF1B","TNF","Secreted Signaling","KEGG: hsa04060"
"Inflammatory_Macrophage","CD8_TRM","TNF","TNFRSF1B",0.00969898759559233,0,"TNF_TNFRSF1B","TNF - TNFRSF1B","TNF","Secreted Signaling","KEGG: hsa04060"
"CD4_T","Treg","TNF","TNFRSF1B",0.0549235232039962,0,"TNF_TNFRSF1B","TNF - TNFRSF1B","TNF","Secreted Signaling","KEGG: hsa04060"
"Inflammatory_Macrophage","Treg","TNF","TNFRSF1B",0.0117259584657425,0,"TNF_TNFRSF1B","TNF - TNFRSF1B","TNF","Secreted Signaling","KEGG: hsa04060"
"CD4_T","cDC2","TNF","TNFRSF1B",0.0531582580819833,0,"TNF_TNFRSF1B","TNF - TNFRSF1B","TNF","Secreted Signaling","KEGG: hsa04060"
"Inflammatory_Macrophage","cDC2","TNF","TNFRSF1B",0.0113324330418025,0,"TNF_TNFRSF1B","TNF - TNFRSF1B","TNF","Secreted Signaling","KEGG: hsa04060"
"CD4_T","LAMP3_DC","TNF","TNFRSF1B",0.0188864948251255,0,"TNF_TNFRSF1B","TNF - TNFRSF1B","TNF","Secreted Signaling","KEGG: hsa04060"
"Inflammatory_Macrophage","LAMP3_DC","TNF","TNFRSF1B",0.00391478694881735,0,"TNF_TNFRSF1B","TNF - TNFRSF1B","TNF","Secreted Signaling","KEGG: hsa04060"
"CD4_T","Cycling","TNF","TNFRSF1B",0.0615586151762172,0,"TNF_TNFRSF1B","TNF - TNFRSF1B","TNF","Secreted Signaling","KEGG: hsa04060"
"Inflammatory_Macrophage","Cycling","TNF","TNFRSF1B",0.0132154981517377,0,"TNF_TNFRSF1B","TNF - TNFRSF1B","TNF","Secreted Signaling","KEGG: hsa04060"
"LAMP3_DC","NK","LTA","TNFRSF1A",0.00869720021484184,0,"LTA_TNFRSF1A","LTA - TNFRSF1A","LT","Secreted Signaling","KEGG: hsa04060"
"LAMP3_DC","CD8_Cytotoxic","LTA","TNFRSF1A",0.00798459867700652,0,"LTA_TNFRSF1A","LTA - TNFRSF1A","LT","Secreted Signaling","KEGG: hsa04060"
"LAMP3_DC","Inflammatory_Macrophage","LTA","TNFRSF1A",0.0103794583993153,0,"LTA_TNFRSF1A","LTA - TNFRSF1A","LT","Secreted Signaling","KEGG: hsa04060"
"LAMP3_DC","CD8_TRM","LTA","TNFRSF1A",0.00894788871254629,0,"LTA_TNFRSF1A","LTA - TNFRSF1A","LT","Secreted Signaling","KEGG: hsa04060"
"LAMP3_DC","cDC2","LTA","TNFRSF1A",0.00848903682118371,0,"LTA_TNFRSF1A","LTA - TNFRSF1A","LT","Secreted Signaling","KEGG: hsa04060"
"LAMP3_DC","Cycling","LTA","TNFRSF1A",0.0068833788124538,0,"LTA_TNFRSF1A","LTA - TNFRSF1A","LT","Secreted Signaling","KEGG: hsa04060"
"LAMP3_DC","NK","LTA","TNFRSF1B",0.0338928194248995,0,"LTA_TNFRSF1B","LTA - TNFRSF1B","LT","Secreted Signaling","KEGG: hsa04060"
"LAMP3_DC","CD4_T","LTA","TNFRSF1B",0.0121858116254255,0,"LTA_TNFRSF1B","LTA - TNFRSF1B","LT","Secreted Signaling","KEGG: hsa04060"
"LAMP3_DC","CD8_Cytotoxic","LTA","TNFRSF1B",0.0359018699929043,0,"LTA_TNFRSF1B","LTA - TNFRSF1B","LT","Secreted Signaling","KEGG: hsa04060"
"LAMP3_DC","B_Cell","LTA","TNFRSF1B",0.0115944949270734,0,"LTA_TNFRSF1B","LTA - TNFRSF1B","LT","Secreted Signaling","KEGG: hsa04060"
"LAMP3_DC","Inflammatory_Macrophage","LTA","TNFRSF1B",0.0560537232612901,0,"LTA_TNFRSF1B","LTA - TNFRSF1B","LT","Secreted Signaling","KEGG: hsa04060"
"LAMP3_DC","CD8_TRM","LTA","TNFRSF1B",0.0278589813513383,0,"LTA_TNFRSF1B","LTA - TNFRSF1B","LT","Secreted Signaling","KEGG: hsa04060"
"LAMP3_DC","Treg","LTA","TNFRSF1B",0.0335525842921566,0,"LTA_TNFRSF1B","LTA - TNFRSF1B","LT","Secreted Signaling","KEGG: hsa04060"
"LAMP3_DC","cDC2","LTA","TNFRSF1B",0.0324506053944894,0,"LTA_TNFRSF1B","LTA - TNFRSF1B","LT","Secreted Signaling","KEGG: hsa04060"
"LAMP3_DC","LAMP3_DC","LTA","TNFRSF1B",0.0113690098387279,0,"LTA_TNFRSF1B","LTA - TNFRSF1B","LT","Secreted Signaling","KEGG: hsa04060"
"LAMP3_DC","Cycling","LTA","TNFRSF1B",0.0377089507317583,0,"LTA_TNFRSF1B","LTA - TNFRSF1B","LT","Secreted Signaling","KEGG: hsa04060"
"LAMP3_DC","Inflammatory_Macrophage","LTa1b2","LTBR",0.0335995856026896,0,"LTA_LTB_LTBR","LTA - (LTB+LTBR)","LT","Secreted Signaling","PMID: 24248355"
"LAMP3_DC","cDC2","LTa1b2","LTBR",0.0327693128416448,0,"LTA_LTB_LTBR","LTA - (LTB+LTBR)","LT","Secreted Signaling","PMID: 24248355"
"LAMP3_DC","Stromal_1","LTa1b2","LTBR",0.0295862047573285,0,"LTA_LTB_LTBR","LTA - (LTB+LTBR)","LT","Secreted Signaling","PMID: 24248355"
"NK","Inflammatory_Macrophage","TNFSF14","LTBR",0.0162229246754184,0,"TNFSF14_LTBR","TNFSF14 - LTBR","LIGHT","Secreted Signaling","KEGG: hsa04060"
"CD4_T","Inflammatory_Macrophage","TNFSF14","LTBR",0.0184415029134405,0,"TNFSF14_LTBR","TNFSF14 - LTBR","LIGHT","Secreted Signaling","KEGG: hsa04060"
"CD8_Cytotoxic","Inflammatory_Macrophage","TNFSF14","LTBR",0.0189699302725341,0,"TNFSF14_LTBR","TNFSF14 - LTBR","LIGHT","Secreted Signaling","KEGG: hsa04060"
"CD8_TRM","Inflammatory_Macrophage","TNFSF14","LTBR",0.0232112365182647,0,"TNFSF14_LTBR","TNFSF14 - LTBR","LIGHT","Secreted Signaling","KEGG: hsa04060"
"Cycling","Inflammatory_Macrophage","TNFSF14","LTBR",0.0142384531524379,0,"TNFSF14_LTBR","TNFSF14 - LTBR","LIGHT","Secreted Signaling","KEGG: hsa04060"
"NK","cDC2","TNFSF14","LTBR",0.0158150162381916,0,"TNFSF14_LTBR","TNFSF14 - LTBR","LIGHT","Secreted Signaling","KEGG: hsa04060"
"CD4_T","cDC2","TNFSF14","LTBR",0.0179788301184107,0,"TNFSF14_LTBR","TNFSF14 - LTBR","LIGHT","Secreted Signaling","KEGG: hsa04060"
"CD8_Cytotoxic","cDC2","TNFSF14","LTBR",0.0184942497323168,0,"TNFSF14_LTBR","TNFSF14 - LTBR","LIGHT","Secreted Signaling","KEGG: hsa04060"
"CD8_TRM","cDC2","TNFSF14","LTBR",0.0226316565757212,0,"TNFSF14_LTBR","TNFSF14 - LTBR","LIGHT","Secreted Signaling","KEGG: hsa04060"
"Cycling","cDC2","TNFSF14","LTBR",0.0138797381873555,0,"TNFSF14_LTBR","TNFSF14 - LTBR","LIGHT","Secreted Signaling","KEGG: hsa04060"
"NK","Stromal_1","TNFSF14","LTBR",0.0142545243194527,0,"TNFSF14_LTBR","TNFSF14 - LTBR","LIGHT","Secreted Signaling","KEGG: hsa04060"
"CD4_T","Stromal_1","TNFSF14","LTBR",0.0162083475657499,0,"TNFSF14_LTBR","TNFSF14 - LTBR","LIGHT","Secreted Signaling","KEGG: hsa04060"
"CD8_Cytotoxic","Stromal_1","TNFSF14","LTBR",0.0166738725390553,0,"TNFSF14_LTBR","TNFSF14 - LTBR","LIGHT","Secreted Signaling","KEGG: hsa04060"
"CD8_TRM","Stromal_1","TNFSF14","LTBR",0.0204125065413903,0,"TNFSF14_LTBR","TNFSF14 - LTBR","LIGHT","Secreted Signaling","KEGG: hsa04060"
"Cycling","Stromal_1","TNFSF14","LTBR",0.0125077762974648,0,"TNFSF14_LTBR","TNFSF14 - LTBR","LIGHT","Secreted Signaling","KEGG: hsa04060"
"NK","Treg","FASLG","FAS",0.0579375725732879,0,"FASL_FAS","FASL - FAS","FASLG","Secreted Signaling","KEGG: hsa04060"
"CD8_Cytotoxic","Treg","FASLG","FAS",0.0221626326592707,0,"FASL_FAS","FASL - FAS","FASLG","Secreted Signaling","KEGG: hsa04060"
"CD8_TRM","Treg","FASLG","FAS",0.0227616226736458,0,"FASL_FAS","FASL - FAS","FASLG","Secreted Signaling","KEGG: hsa04060"
"Cycling","Treg","FASLG","FAS",0.0493492491317202,0,"FASL_FAS","FASL - FAS","FASLG","Secreted Signaling","KEGG: hsa04060"
"NK","LAMP3_DC","FASLG","FAS",0.168850409432891,0,"FASL_FAS","FASL - FAS","FASLG","Secreted Signaling","KEGG: hsa04060"
"CD8_Cytotoxic","LAMP3_DC","FASLG","FAS",0.069653322900462,0,"FASL_FAS","FASL - FAS","FASLG","Secreted Signaling","KEGG: hsa04060"
"CD8_TRM","LAMP3_DC","FASLG","FAS",0.0714420684415343,0,"FASL_FAS","FASL - FAS","FASLG","Secreted Signaling","KEGG: hsa04060"
"Cycling","LAMP3_DC","FASLG","FAS",0.146375598864151,0,"FASL_FAS","FASL - FAS","FASLG","Secreted Signaling","KEGG: hsa04060"
"NK","Cycling","FASLG","FAS",0.0487146681794598,0,"FASL_FAS","FASL - FAS","FASLG","Secreted Signaling","KEGG: hsa04060"
"CD8_Cytotoxic","Cycling","FASLG","FAS",0.0185226590345918,0,"FASL_FAS","FASL - FAS","FASLG","Secreted Signaling","KEGG: hsa04060"
"CD8_TRM","Cycling","FASLG","FAS",0.0190251854669518,0,"FASL_FAS","FASL - FAS","FASLG","Secreted Signaling","KEGG: hsa04060"
"Cycling","Cycling","FASLG","FAS",0.0414333642693212,0,"FASL_FAS","FASL - FAS","FASLG","Secreted Signaling","KEGG: hsa04060"
"NK","CD4_T","TNFSF10","TNFRSF10A",0.0173783431790335,0,"TNFSF10_TNFRSF10B","TNFSF10 - TNFRSF10B","TRAIL","Secreted Signaling","KEGG: hsa04060"
"CD4_T","CD4_T","TNFSF10","TNFRSF10A",0.022416616089103,0,"TNFSF10_TNFRSF10B","TNFSF10 - TNFRSF10B","TRAIL","Secreted Signaling","KEGG: hsa04060"
"B_Cell","CD4_T","TNFSF10","TNFRSF10A",0.0221991856458559,0,"TNFSF10_TNFRSF10B","TNFSF10 - TNFRSF10B","TRAIL","Secreted Signaling","KEGG: hsa04060"
"Inflammatory_Macrophage","CD4_T","TNFSF10","TNFRSF10A",0.0591556791107652,0,"TNFSF10_TNFRSF10B","TNFSF10 - TNFRSF10B","TRAIL","Secreted Signaling","KEGG: hsa04060"
"Treg","CD4_T","TNFSF10","TNFRSF10A",0.0175401216110423,0,"TNFSF10_TNFRSF10B","TNFSF10 - TNFRSF10B","TRAIL","Secreted Signaling","KEGG: hsa04060"
"cDC2","CD4_T","TNFSF10","TNFRSF10A",0.0194842243414556,0,"TNFSF10_TNFRSF10B","TNFSF10 - TNFRSF10B","TRAIL","Secreted Signaling","KEGG: hsa04060"
"Stromal_1","CD4_T","TNFSF10","TNFRSF10A",0.0248716781336915,0,"TNFSF10_TNFRSF10B","TNFSF10 - TNFRSF10B","TRAIL","Secreted Signaling","KEGG: hsa04060"
"Stromal_2","CD4_T","TNFSF10","TNFRSF10A",0.0186996769092979,0,"TNFSF10_TNFRSF10B","TNFSF10 - TNFRSF10B","TRAIL","Secreted Signaling","KEGG: hsa04060"
"LAMP3_DC","CD4_T","TNFSF10","TNFRSF10A",0.110775567899246,0,"TNFSF10_TNFRSF10B","TNFSF10 - TNFRSF10B","TRAIL","Secreted Signaling","KEGG: hsa04060"
"Cycling","CD4_T","TNFSF10","TNFRSF10A",0.0409982599645593,0,"TNFSF10_TNFRSF10B","TNFSF10 - TNFRSF10B","TRAIL","Secreted Signaling","KEGG: hsa04060"
"NK","CD8_TRM","TNFSF10","TNFRSF10A",0.018086357018088,0,"TNFSF10_TNFRSF10B","TNFSF10 - TNFRSF10B","TRAIL","Secreted Signaling","KEGG: hsa04060"
"CD4_T","CD8_TRM","TNFSF10","TNFRSF10A",0.0233250225165307,0,"TNFSF10_TNFRSF10B","TNFSF10 - TNFRSF10B","TRAIL","Secreted Signaling","KEGG: hsa04060"
"B_Cell","CD8_TRM","TNFSF10","TNFRSF10A",0.0230989891605672,0,"TNFSF10_TNFRSF10B","TNFSF10 - TNFRSF10B","TRAIL","Secreted Signaling","KEGG: hsa04060"
"Inflammatory_Macrophage","CD8_TRM","TNFSF10","TNFRSF10A",0.0614592927518014,0,"TNFSF10_TNFRSF10B","TNFSF10 - TNFRSF10B","TRAIL","Secreted Signaling","KEGG: hsa04060"
"Treg","CD8_TRM","TNFSF10","TNFRSF10A",0.0182546040461585,0,"TNFSF10_TNFRSF10B","TNFSF10 - TNFRSF10B","TRAIL","Secreted Signaling","KEGG: hsa04060"
"cDC2","CD8_TRM","TNFSF10","TNFRSF10A",0.0202762638297957,0,"TNFSF10_TNFRSF10B","TNFSF10 - TNFRSF10B","TRAIL","Secreted Signaling","KEGG: hsa04060"
"Stromal_1","CD8_TRM","TNFSF10","TNFRSF10A",0.0258769395098035,0,"TNFSF10_TNFRSF10B","TNFSF10 - TNFRSF10B","TRAIL","Secreted Signaling","KEGG: hsa04060"
"Stromal_2","CD8_TRM","TNFSF10","TNFRSF10A",0.0194604572796785,0,"TNFSF10_TNFRSF10B","TNFSF10 - TNFRSF10B","TRAIL","Secreted Signaling","KEGG: hsa04060"
"LAMP3_DC","CD8_TRM","TNFSF10","TNFRSF10A",0.114843970286044,0,"TNFSF10_TNFRSF10B","TNFSF10 - TNFRSF10B","TRAIL","Secreted Signaling","KEGG: hsa04060"
"Cycling","CD8_TRM","TNFSF10","TNFRSF10A",0.0426268312003091,0,"TNFSF10_TNFRSF10B","TNFSF10 - TNFRSF10B","TRAIL","Secreted Signaling","KEGG: hsa04060"
"NK","Treg","TNFSF10","TNFRSF10A",0.0179154575301388,0,"TNFSF10_TNFRSF10B","TNFSF10 - TNFRSF10B","TRAIL","Secreted Signaling","KEGG: hsa04060"
"CD4_T","Treg","TNFSF10","TNFRSF10A",0.0231057872609606,0,"TNFSF10_TNFRSF10B","TNFSF10 - TNFRSF10B","TRAIL","Secreted Signaling","KEGG: hsa04060"
"B_Cell","Treg","TNFSF10","TNFRSF10A",0.0228818286512736,0,"TNFSF10_TNFRSF10B","TNFSF10 - TNFRSF10B","TRAIL","Secreted Signaling","KEGG: hsa04060"
"Inflammatory_Macrophage","Treg","TNFSF10","TNFRSF10A",0.0609039791064821,0,"TNFSF10_TNFRSF10B","TNFSF10 - TNFRSF10B","TRAIL","Secreted Signaling","KEGG: hsa04060"
"Treg","Treg","TNFSF10","TNFRSF10A",0.0180821440542148,0,"TNFSF10_TNFRSF10B","TNFSF10 - TNFRSF10B","TRAIL","Secreted Signaling","KEGG: hsa04060"
"cDC2","Treg","TNFSF10","TNFRSF10A",0.0200850949991479,0,"TNFSF10_TNFRSF10B","TNFSF10 - TNFRSF10B","TRAIL","Secreted Signaling","KEGG: hsa04060"
"Stromal_1","Treg","TNFSF10","TNFRSF10A",0.025634347963267,0,"TNFSF10_TNFRSF10B","TNFSF10 - TNFRSF10B","TRAIL","Secreted Signaling","KEGG: hsa04060"
"Stromal_2","Treg","TNFSF10","TNFRSF10A",0.0192768287046777,0,"TNFSF10_TNFRSF10B","TNFSF10 - TNFRSF10B","TRAIL","Secreted Signaling","KEGG: hsa04060"
"LAMP3_DC","Treg","TNFSF10","TNFRSF10A",0.113864820884361,0,"TNFSF10_TNFRSF10B","TNFSF10 - TNFRSF10B","TRAIL","Secreted Signaling","KEGG: hsa04060"
"Cycling","Treg","TNFSF10","TNFRSF10A",0.0422340205609034,0,"TNFSF10_TNFRSF10B","TNFSF10 - TNFRSF10B","TRAIL","Secreted Signaling","KEGG: hsa04060"
"NK","LAMP3_DC","TNFSF10","TNFRSF10A",0.0194482311064208,0.01,"TNFSF10_TNFRSF10B","TNFSF10 - TNFRSF10B","TRAIL","Secreted Signaling","KEGG: hsa04060"
"CD4_T","LAMP3_DC","TNFSF10","TNFRSF10A",0.0250712879698335,0,"TNFSF10_TNFRSF10B","TNFSF10 - TNFRSF10B","TRAIL","Secreted Signaling","KEGG: hsa04060"
"B_Cell","LAMP3_DC","TNFSF10","TNFRSF10A",0.0248287624572707,0,"TNFSF10_TNFRSF10B","TNFSF10 - TNFRSF10B","TRAIL","Secreted Signaling","KEGG: hsa04060"
"Inflammatory_Macrophage","LAMP3_DC","TNFSF10","TNFRSF10A",0.0658679987538179,0,"TNFSF10_TNFRSF10B","TNFSF10 - TNFRSF10B","TRAIL","Secreted Signaling","KEGG: hsa04060"
"Treg","LAMP3_DC","TNFSF10","TNFRSF10A",0.0196288936160086,0.01,"TNFSF10_TNFRSF10B","TNFSF10 - TNFRSF10B","TRAIL","Secreted Signaling","KEGG: hsa04060"
"cDC2","LAMP3_DC","TNFSF10","TNFRSF10A",0.0217993735863969,0,"TNFSF10_TNFRSF10B","TNFSF10 - TNFRSF10B","TRAIL","Secreted Signaling","KEGG: hsa04060"
"Stromal_1","LAMP3_DC","TNFSF10","TNFRSF10A",0.0278088184935785,0,"TNFSF10_TNFRSF10B","TNFSF10 - TNFRSF10B","TRAIL","Secreted Signaling","KEGG: hsa04060"
"Stromal_2","LAMP3_DC","TNFSF10","TNFRSF10A",0.0209235941549946,0,"TNFSF10_TNFRSF10B","TNFSF10 - TNFRSF10B","TRAIL","Secreted Signaling","KEGG: hsa04060"
"LAMP3_DC","LAMP3_DC","TNFSF10","TNFRSF10A",0.122581994253568,0,"TNFSF10_TNFRSF10B","TNFSF10 - TNFRSF10B","TRAIL","Secreted Signaling","KEGG: hsa04060"
"Cycling","LAMP3_DC","TNFSF10","TNFRSF10A",0.0457504665961637,0,"TNFSF10_TNFRSF10B","TNFSF10 - TNFRSF10B","TRAIL","Secreted Signaling","KEGG: hsa04060"
"Inflammatory_Macrophage","Stromal_2","TNFSF13B","TNFRSF17",0.213740883318431,0,"TNFSF13B_TNFRSF17","TNFSF13B - TNFRSF17","BAFF","Secreted Signaling","KEGG: hsa04060"
"cDC2","Stromal_2","TNFSF13B","TNFRSF17",0.208980732353984,0,"TNFSF13B_TNFRSF17","TNFSF13B - TNFRSF17","BAFF","Secreted Signaling","KEGG: hsa04060"
"LAMP3_DC","Stromal_2","TNFSF13B","TNFRSF17",0.0873118311231991,0,"TNFSF13B_TNFRSF17","TNFSF13B - TNFRSF17","BAFF","Secreted Signaling","KEGG: hsa04060"
"Inflammatory_Macrophage","B_Cell","TNFSF13B","TNFRSF13B",0.0650312788584149,0,"TNFSF13B_TNFRSF13B","TNFSF13B - TNFRSF13B","BAFF","Secreted Signaling","KEGG: hsa04060"
"cDC2","B_Cell","TNFSF13B","TNFRSF13B",0.0633162899077939,0,"TNFSF13B_TNFRSF13B","TNFSF13B - TNFRSF13B","BAFF","Secreted Signaling","KEGG: hsa04060"
"LAMP3_DC","B_Cell","TNFSF13B","TNFRSF13B",0.0238919650191058,0,"TNFSF13B_TNFRSF13B","TNFSF13B - TNFRSF13B","BAFF","Secreted Signaling","KEGG: hsa04060"
"Inflammatory_Macrophage","Stromal_2","TNFSF13B","TNFRSF13B",0.0544771064491217,0,"TNFSF13B_TNFRSF13B","TNFSF13B - TNFRSF13B","BAFF","Secreted Signaling","KEGG: hsa04060"
"cDC2","Stromal_2","TNFSF13B","TNFRSF13B",0.053024664566042,0,"TNFSF13B_TNFRSF13B","TNFSF13B - TNFRSF13B","BAFF","Secreted Signaling","KEGG: hsa04060"
"LAMP3_DC","Stromal_2","TNFSF13B","TNFRSF13B",0.019872536870961,0,"TNFSF13B_TNFRSF13B","TNFSF13B - TNFRSF13B","BAFF","Secreted Signaling","KEGG: hsa04060"
"CD4_T","NK","CD40LG","ITGA5_ITGB1",0.0393511591565295,0,"CD40LG_ITGA5_ITGB1","CD40LG - (ITGA5+ITGB1)","CD40","Secreted Signaling","PMID: 28676852"
"Treg","NK","CD40LG","ITGA5_ITGB1",0.0305289554905289,0,"CD40LG_ITGA5_ITGB1","CD40LG - (ITGA5+ITGB1)","CD40","Secreted Signaling","PMID: 28676852"
"LAMP3_DC","NK","CD40LG","ITGA5_ITGB1",0.0305207895370233,0,"CD40LG_ITGA5_ITGB1","CD40LG - (ITGA5+ITGB1)","CD40","Secreted Signaling","PMID: 28676852"
"CD4_T","cDC2","CD40LG","ITGA5_ITGB1",0.0217599328826605,0,"CD40LG_ITGA5_ITGB1","CD40LG - (ITGA5+ITGB1)","CD40","Secreted Signaling","PMID: 28676852"
"Treg","cDC2","CD40LG","ITGA5_ITGB1",0.0168125149305082,0,"CD40LG_ITGA5_ITGB1","CD40LG - (ITGA5+ITGB1)","CD40","Secreted Signaling","PMID: 28676852"
"LAMP3_DC","cDC2","CD40LG","ITGA5_ITGB1",0.0168079542726139,0,"CD40LG_ITGA5_ITGB1","CD40LG - (ITGA5+ITGB1)","CD40","Secreted Signaling","PMID: 28676852"
"CD4_T","Cycling","CD40LG","ITGA5_ITGB1",0.034355343947218,0,"CD40LG_ITGA5_ITGB1","CD40LG - (ITGA5+ITGB1)","CD40","Secreted Signaling","PMID: 28676852"
"Treg","Cycling","CD40LG","ITGA5_ITGB1",0.0266221219079976,0,"CD40LG_ITGA5_ITGB1","CD40LG - (ITGA5+ITGB1)","CD40","Secreted Signaling","PMID: 28676852"
"LAMP3_DC","Cycling","CD40LG","ITGA5_ITGB1",0.0266149722743919,0,"CD40LG_ITGA5_ITGB1","CD40LG - (ITGA5+ITGB1)","CD40","Secreted Signaling","PMID: 28676852"
"CD4_T","NK","CD40LG","ITGAM_ITGB2",0.107646894111409,0,"CD40LG_ITGAM_ITGB2","CD40LG - (ITGAM+ITGB2)","CD40","Secreted Signaling","PMID: 28676852"
"Treg","NK","CD40LG","ITGAM_ITGB2",0.0848659926424523,0,"CD40LG_ITGAM_ITGB2","CD40LG - (ITGAM+ITGB2)","CD40","Secreted Signaling","PMID: 28676852"
"LAMP3_DC","NK","CD40LG","ITGAM_ITGB2",0.0848445644757905,0,"CD40LG_ITGAM_ITGB2","CD40LG - (ITGAM+ITGB2)","CD40","Secreted Signaling","PMID: 28676852"
"CD4_T","CD8_Cytotoxic","CD40LG","ITGAM_ITGB2",0.0639062633198182,0,"CD40LG_ITGAM_ITGB2","CD40LG - (ITGAM+ITGB2)","CD40","Secreted Signaling","PMID: 28676852"
"Treg","CD8_Cytotoxic","CD40LG","ITGAM_ITGB2",0.0498647616069186,0,"CD40LG_ITGAM_ITGB2","CD40LG - (ITGAM+ITGB2)","CD40","Secreted Signaling","PMID: 28676852"
"LAMP3_DC","CD8_Cytotoxic","CD40LG","ITGAM_ITGB2",0.0498516896200129,0,"CD40LG_ITGAM_ITGB2","CD40LG - (ITGAM+ITGB2)","CD40","Secreted Signaling","PMID: 28676852"
"CD4_T","Inflammatory_Macrophage","CD40LG","ITGAM_ITGB2",0.0591512677557538,0,"CD40LG_ITGAM_ITGB2","CD40LG - (ITGAM+ITGB2)","CD40","Secreted Signaling","PMID: 28676852"
"Treg","Inflammatory_Macrophage","CD40LG","ITGAM_ITGB2",0.0461030795863681,0,"CD40LG_ITGAM_ITGB2","CD40LG - (ITGAM+ITGB2)","CD40","Secreted Signaling","PMID: 28676852"
"LAMP3_DC","Inflammatory_Macrophage","CD40LG","ITGAM_ITGB2",0.0460909458832702,0,"CD40LG_ITGAM_ITGB2","CD40LG - (ITGAM+ITGB2)","CD40","Secreted Signaling","PMID: 28676852"
"CD4_T","cDC2","CD40LG","ITGAM_ITGB2",0.0575126955744568,0,"CD40LG_ITGAM_ITGB2","CD40LG - (ITGAM+ITGB2)","CD40","Secreted Signaling","PMID: 28676852"
"Treg","cDC2","CD40LG","ITGAM_ITGB2",0.044808745807983,0,"CD40LG_ITGAM_ITGB2","CD40LG - (ITGAM+ITGB2)","CD40","Secreted Signaling","PMID: 28676852"
"LAMP3_DC","cDC2","CD40LG","ITGAM_ITGB2",0.0447969367582556,0,"CD40LG_ITGAM_ITGB2","CD40LG - (ITGAM+ITGB2)","CD40","Secreted Signaling","PMID: 28676852"
"CD4_T","Cycling","CD40LG","ITGAM_ITGB2",0.0875134242959452,0,"CD40LG_ITGAM_ITGB2","CD40LG - (ITGAM+ITGB2)","CD40","Secreted Signaling","PMID: 28676852"
"Treg","Cycling","CD40LG","ITGAM_ITGB2",0.0686654314621329,0,"CD40LG_ITGAM_ITGB2","CD40LG - (ITGAM+ITGB2)","CD40","Secreted Signaling","PMID: 28676852"
"LAMP3_DC","Cycling","CD40LG","ITGAM_ITGB2",0.0686477869944434,0,"CD40LG_ITGAM_ITGB2","CD40LG - (ITGAM+ITGB2)","CD40","Secreted Signaling","PMID: 28676852"
"Stromal_1","NK","SPP1","CD44",0.212155413242272,0,"SPP1_CD44","SPP1 - CD44","SPP1","Secreted Signaling","PMID: 21907263"
"Stromal_1","CD4_T","SPP1","CD44",0.341558606372175,0,"SPP1_CD44","SPP1 - CD44","SPP1","Secreted Signaling","PMID: 21907263"
"Stromal_1","CD8_Cytotoxic","SPP1","CD44",0.302882248237865,0,"SPP1_CD44","SPP1 - CD44","SPP1","Secreted Signaling","PMID: 21907263"
"Stromal_1","B_Cell","SPP1","CD44",0.241248682817246,0,"SPP1_CD44","SPP1 - CD44","SPP1","Secreted Signaling","PMID: 21907263"
"Stromal_1","Inflammatory_Macrophage","SPP1","CD44",0.257104523964599,0,"SPP1_CD44","SPP1 - CD44","SPP1","Secreted Signaling","PMID: 21907263"
"Stromal_1","CD8_TRM","SPP1","CD44",0.336403230719356,0,"SPP1_CD44","SPP1 - CD44","SPP1","Secreted Signaling","PMID: 21907263"
"Stromal_1","Treg","SPP1","CD44",0.334514303663181,0,"SPP1_CD44","SPP1 - CD44","SPP1","Secreted Signaling","PMID: 21907263"
"Stromal_1","cDC2","SPP1","CD44",0.224103648882582,0,"SPP1_CD44","SPP1 - CD44","SPP1","Secreted Signaling","PMID: 21907263"
"Stromal_1","Stromal_2","SPP1","CD44",0.189527910211445,0,"SPP1_CD44","SPP1 - CD44","SPP1","Secreted Signaling","PMID: 21907263"
"Stromal_1","LAMP3_DC","SPP1","CD44",0.305143833577676,0,"SPP1_CD44","SPP1 - CD44","SPP1","Secreted Signaling","PMID: 21907263"
"Stromal_1","Cycling","SPP1","CD44",0.274896769836526,0,"SPP1_CD44","SPP1 - CD44","SPP1","Secreted Signaling","PMID: 21907263"
"Stromal_1","cDC2","SPP1","ITGAV_ITGB1",0.0657174344517568,0,"SPP1_ITGAV_ITGB1","SPP1 - (ITGAV+ITGB1)","SPP1","Secreted Signaling","PMID: 21907263"
"Stromal_1","NK","SPP1","ITGA4_ITGB1",0.208250266248079,0,"SPP1_ITGA4_ITGB1","SPP1 - (ITGA4+ITGB1)","SPP1","Secreted Signaling","PMID: 21907263"
"Stromal_1","CD4_T","SPP1","ITGA4_ITGB1",0.100464265502738,0,"SPP1_ITGA4_ITGB1","SPP1 - (ITGA4+ITGB1)","SPP1","Secreted Signaling","PMID: 21907263"
"Stromal_1","CD8_Cytotoxic","SPP1","ITGA4_ITGB1",0.237845203335622,0,"SPP1_ITGA4_ITGB1","SPP1 - (ITGA4+ITGB1)","SPP1","Secreted Signaling","PMID: 21907263"
"Stromal_1","B_Cell","SPP1","ITGA4_ITGB1",0.151369355953267,0,"SPP1_ITGA4_ITGB1","SPP1 - (ITGA4+ITGB1)","SPP1","Secreted Signaling","PMID: 21907263"
"Stromal_1","Inflammatory_Macrophage","SPP1","ITGA4_ITGB1",0.0903485000956056,0,"SPP1_ITGA4_ITGB1","SPP1 - (ITGA4+ITGB1)","SPP1","Secreted Signaling","PMID: 21907263"
"Stromal_1","CD8_TRM","SPP1","ITGA4_ITGB1",0.0857503908190541,0,"SPP1_ITGA4_ITGB1","SPP1 - (ITGA4+ITGB1)","SPP1","Secreted Signaling","PMID: 21907263"
"Stromal_1","Treg","SPP1","ITGA4_ITGB1",0.162178132290084,0,"SPP1_ITGA4_ITGB1","SPP1 - (ITGA4+ITGB1)","SPP1","Secreted Signaling","PMID: 21907263"
"Stromal_1","cDC2","SPP1","ITGA4_ITGB1",0.0784178570710825,0,"SPP1_ITGA4_ITGB1","SPP1 - (ITGA4+ITGB1)","SPP1","Secreted Signaling","PMID: 21907263"
"Stromal_1","Stromal_2","SPP1","ITGA4_ITGB1",0.108446290918783,0,"SPP1_ITGA4_ITGB1","SPP1 - (ITGA4+ITGB1)","SPP1","Secreted Signaling","PMID: 21907263"
"Stromal_1","LAMP3_DC","SPP1","ITGA4_ITGB1",0.152325609564648,0,"SPP1_ITGA4_ITGB1","SPP1 - (ITGA4+ITGB1)","SPP1","Secreted Signaling","PMID: 21907263"
"Stromal_1","Cycling","SPP1","ITGA4_ITGB1",0.21245121910674,0,"SPP1_ITGA4_ITGB1","SPP1 - (ITGA4+ITGB1)","SPP1","Secreted Signaling","PMID: 21907263"
"Stromal_1","Stromal_2","SPP1","ITGA8_ITGB1",0.111429853182365,0,"SPP1_ITGA8_ITGB1","SPP1 - (ITGA8+ITGB1)","SPP1","Secreted Signaling","PMID: 21907263"
"Stromal_1","NK","SPP1","ITGA5_ITGB1",0.123524691618184,0,"SPP1_ITGA5_ITGB1","SPP1 - (ITGA5+ITGB1)","SPP1","Secreted Signaling","PMID: 21907263"
"Stromal_1","cDC2","SPP1","ITGA5_ITGB1",0.0710897649781516,0,"SPP1_ITGA5_ITGB1","SPP1 - (ITGA5+ITGB1)","SPP1","Secreted Signaling","PMID: 21907263"
"Stromal_1","Cycling","SPP1","ITGA5_ITGB1",0.10905578257839,0,"SPP1_ITGA5_ITGB1","SPP1 - (ITGA5+ITGB1)","SPP1","Secreted Signaling","PMID: 21907263"
"Inflammatory_Macrophage","NK","NAMPT","ITGA5_ITGB1",0.11118797916454,0,"NAMPT_ITGA5_ITGB1","NAMPT - (ITGA5+ITGB1)","VISFATIN","Secreted Signaling","PMID: 28490838"
"cDC2","NK","NAMPT","ITGA5_ITGB1",0.0767619143714934,0,"NAMPT_ITGA5_ITGB1","NAMPT - (ITGA5+ITGB1)","VISFATIN","Secreted Signaling","PMID: 28490838"
"Stromal_2","NK","NAMPT","ITGA5_ITGB1",0.0176634279118163,0,"NAMPT_ITGA5_ITGB1","NAMPT - (ITGA5+ITGB1)","VISFATIN","Secreted Signaling","PMID: 28490838"
"Inflammatory_Macrophage","cDC2","NAMPT","ITGA5_ITGB1",0.0636097979495595,0,"NAMPT_ITGA5_ITGB1","NAMPT - (ITGA5+ITGB1)","VISFATIN","Secreted Signaling","PMID: 28490838"
"cDC2","cDC2","NAMPT","ITGA5_ITGB1",0.0431989286369665,0,"NAMPT_ITGA5_ITGB1","NAMPT - (ITGA5+ITGB1)","VISFATIN","Secreted Signaling","PMID: 28490838"
"Stromal_2","cDC2","NAMPT","ITGA5_ITGB1",0.00966972164374816,0,"NAMPT_ITGA5_ITGB1","NAMPT - (ITGA5+ITGB1)","VISFATIN","Secreted Signaling","PMID: 28490838"
"Inflammatory_Macrophage","Cycling","NAMPT","ITGA5_ITGB1",0.0980025385541983,0,"NAMPT_ITGA5_ITGB1","NAMPT - (ITGA5+ITGB1)","VISFATIN","Secreted Signaling","PMID: 28490838"
"cDC2","Cycling","NAMPT","ITGA5_ITGB1",0.0673496055088685,0,"NAMPT_ITGA5_ITGB1","NAMPT - (ITGA5+ITGB1)","VISFATIN","Secreted Signaling","PMID: 28490838"
"Stromal_2","Cycling","NAMPT","ITGA5_ITGB1",0.0153769000101288,0.03,"NAMPT_ITGA5_ITGB1","NAMPT - (ITGA5+ITGB1)","VISFATIN","Secreted Signaling","PMID: 28490838"
"Stromal_2","Stromal_1","MDK","SDC1",0.0187072505560806,0,"MDK_SDC1","MDK - SDC1","MK","Secreted Signaling","PMID: 28356350"
"Stromal_2","Stromal_2","MDK","SDC1",0.0832745700679428,0,"MDK_SDC1","MDK - SDC1","MK","Secreted Signaling","PMID: 28356350"
"Stromal_2","Stromal_1","MDK","SDC4",0.0201347436658112,0,"MDK_SDC4","MDK - SDC4","MK","Secreted Signaling","PMID: 28356350"
"Stromal_2","NK","MDK","ITGA4_ITGB1",0.0452531233040568,0,"MDK_ITGA4_ITGB1","MDK - (ITGA4+ITGB1)","MK","Secreted Signaling","PMID: 28356350"
"Stromal_2","CD4_T","MDK","ITGA4_ITGB1",0.0197288640976491,0,"MDK_ITGA4_ITGB1","MDK - (ITGA4+ITGB1)","MK","Secreted Signaling","PMID: 28356350"
"Stromal_2","CD8_Cytotoxic","MDK","ITGA4_ITGB1",0.0532418265818346,0,"MDK_ITGA4_ITGB1","MDK - (ITGA4+ITGB1)","MK","Secreted Signaling","PMID: 28356350"
"Stromal_2","B_Cell","MDK","ITGA4_ITGB1",0.0311416912301437,0,"MDK_ITGA4_ITGB1","MDK - (ITGA4+ITGB1)","MK","Secreted Signaling","PMID: 28356350"
"Stromal_2","Inflammatory_Macrophage","MDK","ITGA4_ITGB1",0.0175834563522282,0,"MDK_ITGA4_ITGB1","MDK - (ITGA4+ITGB1)","MK","Secreted Signaling","PMID: 28356350"
"Stromal_2","CD8_TRM","MDK","ITGA4_ITGB1",0.0166209163837132,0,"MDK_ITGA4_ITGB1","MDK - (ITGA4+ITGB1)","MK","Secreted Signaling","PMID: 28356350"
"Stromal_2","Treg","MDK","ITGA4_ITGB1",0.0337064006842393,0,"MDK_ITGA4_ITGB1","MDK - (ITGA4+ITGB1)","MK","Secreted Signaling","PMID: 28356350"
"Stromal_2","cDC2","MDK","ITGA4_ITGB1",0.0151020130831797,0,"MDK_ITGA4_ITGB1","MDK - (ITGA4+ITGB1)","MK","Secreted Signaling","PMID: 28356350"
"Stromal_2","Stromal_2","MDK","ITGA4_ITGB1",0.0214493035509969,0,"MDK_ITGA4_ITGB1","MDK - (ITGA4+ITGB1)","MK","Secreted Signaling","PMID: 28356350"
"Stromal_2","LAMP3_DC","MDK","ITGA4_ITGB1",0.0313664971498826,0,"MDK_ITGA4_ITGB1","MDK - (ITGA4+ITGB1)","MK","Secreted Signaling","PMID: 28356350"
"Stromal_2","Cycling","MDK","ITGA4_ITGB1",0.0463585207857935,0,"MDK_ITGA4_ITGB1","MDK - (ITGA4+ITGB1)","MK","Secreted Signaling","PMID: 28356350"
"Stromal_2","CD4_T","MDK","ITGA6_ITGB1",0.0178781155808652,0,"MDK_ITGA6_ITGB1","MDK - (ITGA6+ITGB1)","MK","Secreted Signaling","PMID: 28356350"
"Stromal_2","Stromal_2","MDK","ITGA6_ITGB1",0.0247685632939805,0,"MDK_ITGA6_ITGB1","MDK - (ITGA6+ITGB1)","MK","Secreted Signaling","PMID: 28356350"
"Stromal_2","LAMP3_DC","MDK","ITGA6_ITGB1",0.017681353473254,0,"MDK_ITGA6_ITGB1","MDK - (ITGA6+ITGB1)","MK","Secreted Signaling","PMID: 28356350"
"Stromal_2","Inflammatory_Macrophage","MDK","LRP1",0.0189989385828366,0,"MDK_LRP1","MDK - LRP1","MK","Secreted Signaling","PMID: 28356350"
"Stromal_2","cDC2","MDK","LRP1",0.0131274378132553,0,"MDK_LRP1","MDK - LRP1","MK","Secreted Signaling","PMID: 28356350"
"cDC2","Inflammatory_Macrophage","C3","C3AR1",0.198555707975967,0,"C3_C3AR1","C3 - C3AR1","COMPLEMENT","Secreted Signaling","KEGG: hsa04080"
"cDC2","cDC2","C3","C3AR1",0.0742734334872387,0,"C3_C3AR1","C3 - C3AR1","COMPLEMENT","Secreted Signaling","KEGG: hsa04080"
"cDC2","NK","C3","ITGAM_ITGB2",0.255117815809874,0,"C3_ITGAM_ITGB2","C3 - (ITGAM+ITGB2)","COMPLEMENT","Secreted Signaling","PMID: 16234578"
"cDC2","CD8_Cytotoxic","C3","ITGAM_ITGB2",0.162357146368884,0,"C3_ITGAM_ITGB2","C3 - (ITGAM+ITGB2)","COMPLEMENT","Secreted Signaling","PMID: 16234578"
"cDC2","Inflammatory_Macrophage","C3","ITGAM_ITGB2",0.151462088337469,0,"C3_ITGAM_ITGB2","C3 - (ITGAM+ITGB2)","COMPLEMENT","Secreted Signaling","PMID: 16234578"
"cDC2","cDC2","C3","ITGAM_ITGB2",0.147667725257044,0,"C3_ITGAM_ITGB2","C3 - (ITGAM+ITGB2)","COMPLEMENT","Secreted Signaling","PMID: 16234578"
"cDC2","Cycling","C3","ITGAM_ITGB2",0.214017585301136,0,"C3_ITGAM_ITGB2","C3 - (ITGAM+ITGB2)","COMPLEMENT","Secreted Signaling","PMID: 16234578"
"cDC2","NK","C3","ITGAX_ITGB2",0.243048377427968,0,"C3_ITGAX_ITGB2","C3 - (ITGAX+ITGB2)","COMPLEMENT","Secreted Signaling","PMID: 16234578"
"cDC2","Inflammatory_Macrophage","C3","ITGAX_ITGB2",0.263565260036555,0,"C3_ITGAX_ITGB2","C3 - (ITGAX+ITGB2)","COMPLEMENT","Secreted Signaling","PMID: 16234578"
"cDC2","cDC2","C3","ITGAX_ITGB2",0.238143423511163,0,"C3_ITGAX_ITGB2","C3 - (ITGAX+ITGB2)","COMPLEMENT","Secreted Signaling","PMID: 16234578"
"cDC2","Cycling","C3","ITGAX_ITGB2",0.142203080740433,0,"C3_ITGAX_ITGB2","C3 - (ITGAX+ITGB2)","COMPLEMENT","Secreted Signaling","PMID: 16234578"
"NK","NK","GZMA","F2R",0.107527419634521,0,"GZMA_F2R","GZMA - F2R","PARs","Secreted Signaling","KEGG: hsa04080"
"CD4_T","NK","GZMA","F2R",0.0227859761948489,0,"GZMA_F2R","GZMA - F2R","PARs","Secreted Signaling","KEGG: hsa04080"
"CD8_Cytotoxic","NK","GZMA","F2R",0.105089779206179,0,"GZMA_F2R","GZMA - F2R","PARs","Secreted Signaling","KEGG: hsa04080"
"CD8_TRM","NK","GZMA","F2R",0.100291155295782,0,"GZMA_F2R","GZMA - F2R","PARs","Secreted Signaling","KEGG: hsa04080"
"Cycling","NK","GZMA","F2R",0.104410004881246,0,"GZMA_F2R","GZMA - F2R","PARs","Secreted Signaling","KEGG: hsa04080"
"NK","CD8_Cytotoxic","GZMA","F2R",0.107949613615934,0,"GZMA_F2R","GZMA - F2R","PARs","Secreted Signaling","KEGG: hsa04080"
"CD4_T","CD8_Cytotoxic","GZMA","F2R",0.0228839741928991,0,"GZMA_F2R","GZMA - F2R","PARs","Secreted Signaling","KEGG: hsa04080"
"CD8_Cytotoxic","CD8_Cytotoxic","GZMA","F2R",0.105503533522231,0,"GZMA_F2R","GZMA - F2R","PARs","Secreted Signaling","KEGG: hsa04080"
"CD8_TRM","CD8_Cytotoxic","GZMA","F2R",0.100688142384263,0,"GZMA_F2R","GZMA - F2R","PARs","Secreted Signaling","KEGG: hsa04080"
"Cycling","CD8_Cytotoxic","GZMA","F2R",0.104821396308597,0,"GZMA_F2R","GZMA - F2R","PARs","Secreted Signaling","KEGG: hsa04080"
"NK","CD8_TRM","GZMA","F2R",0.109946571859259,0,"GZMA_F2R","GZMA - F2R","PARs","Secreted Signaling","KEGG: hsa04080"
"CD4_T","CD8_TRM","GZMA","F2R",0.0233484925575177,0,"GZMA_F2R","GZMA - F2R","PARs","Secreted Signaling","KEGG: hsa04080"
"CD8_Cytotoxic","CD8_TRM","GZMA","F2R",0.107460692800547,0,"GZMA_F2R","GZMA - F2R","PARs","Secreted Signaling","KEGG: hsa04080"
"CD8_TRM","CD8_TRM","GZMA","F2R",0.102566215766747,0,"GZMA_F2R","GZMA - F2R","PARs","Secreted Signaling","KEGG: hsa04080"
"Cycling","CD8_TRM","GZMA","F2R",0.106767411893798,0,"GZMA_F2R","GZMA - F2R","PARs","Secreted Signaling","KEGG: hsa04080"
"NK","Cycling","GZMA","F2R",0.225489632972391,0,"GZMA_F2R","GZMA - F2R","PARs","Secreted Signaling","KEGG: hsa04080"
"CD4_T","Cycling","GZMA","F2R",0.0533392984978312,0,"GZMA_F2R","GZMA - F2R","PARs","Secreted Signaling","KEGG: hsa04080"
"CD8_Cytotoxic","Cycling","GZMA","F2R",0.221040118512605,0,"GZMA_F2R","GZMA - F2R","PARs","Secreted Signaling","KEGG: hsa04080"
"CD8_TRM","Cycling","GZMA","F2R",0.212202403344443,0,"GZMA_F2R","GZMA - F2R","PARs","Secreted Signaling","KEGG: hsa04080"
"Cycling","Cycling","GZMA","F2R",0.219794528432608,0,"GZMA_F2R","GZMA - F2R","PARs","Secreted Signaling","KEGG: hsa04080"
"NK","Inflammatory_Macrophage","ANXA1","FPR1",0.0921579111523295,0,"ANXA1_FPR1","ANXA1 - FPR1","ANNEXIN","Secreted Signaling","PMID: 23230437"
"CD4_T","Inflammatory_Macrophage","ANXA1","FPR1",0.0815414129518227,0,"ANXA1_FPR1","ANXA1 - FPR1","ANNEXIN","Secreted Signaling","PMID: 23230437"
"CD8_Cytotoxic","Inflammatory_Macrophage","ANXA1","FPR1",0.0816745587837856,0,"ANXA1_FPR1","ANXA1 - FPR1","ANNEXIN","Secreted Signaling","PMID: 23230437"
"Inflammatory_Macrophage","Inflammatory_Macrophage","ANXA1","FPR1",0.0670887530843965,0,"ANXA1_FPR1","ANXA1 - FPR1","ANNEXIN","Secreted Signaling","PMID: 23230437"
"CD8_TRM","Inflammatory_Macrophage","ANXA1","FPR1",0.0744689377268788,0,"ANXA1_FPR1","ANXA1 - FPR1","ANNEXIN","Secreted Signaling","PMID: 23230437"
"cDC2","Inflammatory_Macrophage","ANXA1","FPR1",0.0748090920566806,0,"ANXA1_FPR1","ANXA1 - FPR1","ANNEXIN","Secreted Signaling","PMID: 23230437"
"LAMP3_DC","Inflammatory_Macrophage","ANXA1","FPR1",0.0278698498439723,0,"ANXA1_FPR1","ANXA1 - FPR1","ANNEXIN","Secreted Signaling","PMID: 23230437"
"Cycling","Inflammatory_Macrophage","ANXA1","FPR1",0.0893430157742153,0,"ANXA1_FPR1","ANXA1 - FPR1","ANNEXIN","Secreted Signaling","PMID: 23230437"
"NK","cDC2","ANXA1","FPR1",0.0743680566675963,0,"ANXA1_FPR1","ANXA1 - FPR1","ANNEXIN","Secreted Signaling","PMID: 23230437"
"CD4_T","cDC2","ANXA1","FPR1",0.0656527264939676,0,"ANXA1_FPR1","ANXA1 - FPR1","ANNEXIN","Secreted Signaling","PMID: 23230437"
"CD8_Cytotoxic","cDC2","ANXA1","FPR1",0.0657617858982863,0,"ANXA1_FPR1","ANXA1 - FPR1","ANNEXIN","Secreted Signaling","PMID: 23230437"
"Inflammatory_Macrophage","cDC2","ANXA1","FPR1",0.0538511107245356,0,"ANXA1_FPR1","ANXA1 - FPR1","ANNEXIN","Secreted Signaling","PMID: 23230437"
"CD8_TRM","cDC2","ANXA1","FPR1",0.0598685229983957,0,"ANXA1_FPR1","ANXA1 - FPR1","ANNEXIN","Secreted Signaling","PMID: 23230437"
"cDC2","cDC2","ANXA1","FPR1",0.0601463204633968,0,"ANXA1_FPR1","ANXA1 - FPR1","ANNEXIN","Secreted Signaling","PMID: 23230437"
"LAMP3_DC","cDC2","ANXA1","FPR1",0.0221866618070421,0,"ANXA1_FPR1","ANXA1 - FPR1","ANNEXIN","Secreted Signaling","PMID: 23230437"
"Cycling","cDC2","ANXA1","FPR1",0.0720534125603226,0,"ANXA1_FPR1","ANXA1 - FPR1","ANNEXIN","Secreted Signaling","PMID: 23230437"
"cDC2","cDC2","GAS6","AXL",0.0415409637145695,0,"GAS6_AXL","GAS6 - AXL","GAS","Secreted Signaling","PMID: 27801848"
"Stromal_2","cDC2","GAS6","AXL",0.15407917938422,0,"GAS6_AXL","GAS6 - AXL","GAS","Secreted Signaling","PMID: 27801848"
"B_Cell","Inflammatory_Macrophage","GRN","SORT1",0.0490854014460155,0,"GRN_SORT1","GRN - SORT1","GRN","Secreted Signaling","PMID: 29555433"
"Inflammatory_Macrophage","Inflammatory_Macrophage","GRN","SORT1",0.0997588175332004,0,"GRN_SORT1","GRN - SORT1","GRN","Secreted Signaling","PMID: 29555433"
"cDC2","Inflammatory_Macrophage","GRN","SORT1",0.0965479494883721,0,"GRN_SORT1","GRN - SORT1","GRN","Secreted Signaling","PMID: 29555433"
"Stromal_1","Inflammatory_Macrophage","GRN","SORT1",0.018989208046887,0,"GRN_SORT1","GRN - SORT1","GRN","Secreted Signaling","PMID: 29555433"
"Stromal_2","Inflammatory_Macrophage","GRN","SORT1",0.0733278378175209,0,"GRN_SORT1","GRN - SORT1","GRN","Secreted Signaling","PMID: 29555433"
"LAMP3_DC","Inflammatory_Macrophage","GRN","SORT1",0.0171522619185147,0,"GRN_SORT1","GRN - SORT1","GRN","Secreted Signaling","PMID: 29555433"
"Cycling","Inflammatory_Macrophage","GRN","SORT1",0.00442937555240062,0,"GRN_SORT1","GRN - SORT1","GRN","Secreted Signaling","PMID: 29555433"
"B_Cell","cDC2","GRN","SORT1",0.0480197507486528,0,"GRN_SORT1","GRN - SORT1","GRN","Secreted Signaling","PMID: 29555433"
"Inflammatory_Macrophage","cDC2","GRN","SORT1",0.0977060776858271,0,"GRN_SORT1","GRN - SORT1","GRN","Secreted Signaling","PMID: 29555433"
"cDC2","cDC2","GRN","SORT1",0.0945543402664817,0,"GRN_SORT1","GRN - SORT1","GRN","Secreted Signaling","PMID: 29555433"
"Stromal_1","cDC2","GRN","SORT1",0.0185641939458693,0,"GRN_SORT1","GRN - SORT1","GRN","Secreted Signaling","PMID: 29555433"
"Stromal_2","cDC2","GRN","SORT1",0.0717756064878613,0,"GRN_SORT1","GRN - SORT1","GRN","Secreted Signaling","PMID: 29555433"
"LAMP3_DC","cDC2","GRN","SORT1",0.0167676593831061,0,"GRN_SORT1","GRN - SORT1","GRN","Secreted Signaling","PMID: 29555433"
"Cycling","cDC2","GRN","SORT1",0.00432879985847901,0,"GRN_SORT1","GRN - SORT1","GRN","Secreted Signaling","PMID: 29555433"
"B_Cell","NK","LGALS9","PTPRC",0.3152964241364,0,"LGALS9_CD45","LGALS9 - CD45","GALECTIN","Secreted Signaling","PMID: 30120235"
"Inflammatory_Macrophage","NK","LGALS9","PTPRC",0.424647642293713,0,"LGALS9_CD45","LGALS9 - CD45","GALECTIN","Secreted Signaling","PMID: 30120235"
"Treg","NK","LGALS9","PTPRC",0.299542874111038,0.02,"LGALS9_CD45","LGALS9 - CD45","GALECTIN","Secreted Signaling","PMID: 30120235"
"cDC2","NK","LGALS9","PTPRC",0.363463418975676,0,"LGALS9_CD45","LGALS9 - CD45","GALECTIN","Secreted Signaling","PMID: 30120235"
"LAMP3_DC","NK","LGALS9","PTPRC",0.41639770702768,0,"LGALS9_CD45","LGALS9 - CD45","GALECTIN","Secreted Signaling","PMID: 30120235"
"B_Cell","CD4_T","LGALS9","PTPRC",0.314043747095571,0,"LGALS9_CD45","LGALS9 - CD45","GALECTIN","Secreted Signaling","PMID: 30120235"
"Inflammatory_Macrophage","CD4_T","LGALS9","PTPRC",0.423229056050323,0,"LGALS9_CD45","LGALS9 - CD45","GALECTIN","Secreted Signaling","PMID: 30120235"
"Treg","CD4_T","LGALS9","PTPRC",0.298325516067883,0.02,"LGALS9_CD45","LGALS9 - CD45","GALECTIN","Secreted Signaling","PMID: 30120235"
"cDC2","CD4_T","LGALS9","PTPRC",0.362120583057645,0,"LGALS9_CD45","LGALS9 - CD45","GALECTIN","Secreted Signaling","PMID: 30120235"
"LAMP3_DC","CD4_T","LGALS9","PTPRC",0.414986802438667,0,"LGALS9_CD45","LGALS9 - CD45","GALECTIN","Secreted Signaling","PMID: 30120235"
"B_Cell","CD8_Cytotoxic","LGALS9","PTPRC",0.32332462860723,0,"LGALS9_CD45","LGALS9 - CD45","GALECTIN","Secreted Signaling","PMID: 30120235"
"Inflammatory_Macrophage","CD8_Cytotoxic","LGALS9","PTPRC",0.433696565906741,0,"LGALS9_CD45","LGALS9 - CD45","GALECTIN","Secreted Signaling","PMID: 30120235"
"Treg","CD8_Cytotoxic","LGALS9","PTPRC",0.307350011704657,0,"LGALS9_CD45","LGALS9 - CD45","GALECTIN","Secreted Signaling","PMID: 30120235"
"cDC2","CD8_Cytotoxic","LGALS9","PTPRC",0.372051648485992,0,"LGALS9_CD45","LGALS9 - CD45","GALECTIN","Secreted Signaling","PMID: 30120235"
"LAMP3_DC","CD8_Cytotoxic","LGALS9","PTPRC",0.425400812675981,0,"LGALS9_CD45","LGALS9 - CD45","GALECTIN","Secreted Signaling","PMID: 30120235"
"B_Cell","B_Cell","LGALS9","PTPRC",0.30577750733195,0,"LGALS9_CD45","LGALS9 - CD45","GALECTIN","Secreted Signaling","PMID: 30120235"
"Inflammatory_Macrophage","B_Cell","LGALS9","PTPRC",0.41382265102414,0,"LGALS9_CD45","LGALS9 - CD45","GALECTIN","Secreted Signaling","PMID: 30120235"
"cDC2","B_Cell","LGALS9","PTPRC",0.353240538013788,0,"LGALS9_CD45","LGALS9 - CD45","GALECTIN","Secreted Signaling","PMID: 30120235"
"LAMP3_DC","B_Cell","LGALS9","PTPRC",0.40563475155691,0,"LGALS9_CD45","LGALS9 - CD45","GALECTIN","Secreted Signaling","PMID: 30120235"
"B_Cell","Inflammatory_Macrophage","LGALS9","PTPRC",0.307769842348828,0,"LGALS9_CD45","LGALS9 - CD45","GALECTIN","Secreted Signaling","PMID: 30120235"
"Inflammatory_Macrophage","Inflammatory_Macrophage","LGALS9","PTPRC",0.416097021794146,0,"LGALS9_CD45","LGALS9 - CD45","GALECTIN","Secreted Signaling","PMID: 30120235"
"cDC2","Inflammatory_Macrophage","LGALS9","PTPRC",0.355383813813202,0,"LGALS9_CD45","LGALS9 - CD45","GALECTIN","Secreted Signaling","PMID: 30120235"
"LAMP3_DC","Inflammatory_Macrophage","LGALS9","PTPRC",0.407895435657985,0,"LGALS9_CD45","LGALS9 - CD45","GALECTIN","Secreted Signaling","PMID: 30120235"
"B_Cell","CD8_TRM","LGALS9","PTPRC",0.321005628524455,0,"LGALS9_CD45","LGALS9 - CD45","GALECTIN","Secreted Signaling","PMID: 30120235"
"Inflammatory_Macrophage","CD8_TRM","LGALS9","PTPRC",0.431090261406215,0,"LGALS9_CD45","LGALS9 - CD45","GALECTIN","Secreted Signaling","PMID: 30120235"
"Treg","CD8_TRM","LGALS9","PTPRC",0.305093928342159,0,"LGALS9_CD45","LGALS9 - CD45","GALECTIN","Secreted Signaling","PMID: 30120235"
"cDC2","CD8_TRM","LGALS9","PTPRC",0.369574037455315,0,"LGALS9_CD45","LGALS9 - CD45","GALECTIN","Secreted Signaling","PMID: 30120235"
"LAMP3_DC","CD8_TRM","LGALS9","PTPRC",0.422807140593335,0,"LGALS9_CD45","LGALS9 - CD45","GALECTIN","Secreted Signaling","PMID: 30120235"
"B_Cell","Treg","LGALS9","PTPRC",0.321444176661574,0,"LGALS9_CD45","LGALS9 - CD45","GALECTIN","Secreted Signaling","PMID: 30120235"
"Inflammatory_Macrophage","Treg","LGALS9","PTPRC",0.431583609943953,0,"LGALS9_CD45","LGALS9 - CD45","GALECTIN","Secreted Signaling","PMID: 30120235"
"Treg","Treg","LGALS9","PTPRC",0.305520519671797,0,"LGALS9_CD45","LGALS9 - CD45","GALECTIN","Secreted Signaling","PMID: 30120235"
"cDC2","Treg","LGALS9","PTPRC",0.370042776958671,0,"LGALS9_CD45","LGALS9 - CD45","GALECTIN","Secreted Signaling","PMID: 30120235"
"LAMP3_DC","Treg","LGALS9","PTPRC",0.423298062898323,0,"LGALS9_CD45","LGALS9 - CD45","GALECTIN","Secreted Signaling","PMID: 30120235"
"Inflammatory_Macrophage","cDC2","LGALS9","PTPRC",0.386837006575904,0,"LGALS9_CD45","LGALS9 - CD45","GALECTIN","Secreted Signaling","PMID: 30120235"
"cDC2","cDC2","LGALS9","PTPRC",0.327994938927534,0,"LGALS9_CD45","LGALS9 - CD45","GALECTIN","Secreted Signaling","PMID: 30120235"
"LAMP3_DC","cDC2","LGALS9","PTPRC",0.378837968767813,0,"LGALS9_CD45","LGALS9 - CD45","GALECTIN","Secreted Signaling","PMID: 30120235"
"Inflammatory_Macrophage","Stromal_2","LGALS9","PTPRC",0.311834524745472,0,"LGALS9_CD45","LGALS9 - CD45","GALECTIN","Secreted Signaling","PMID: 30120235"
"B_Cell","LAMP3_DC","LGALS9","PTPRC",0.31674275296632,0,"LGALS9_CD45","LGALS9 - CD45","GALECTIN","Secreted Signaling","PMID: 30120235"
"Inflammatory_Macrophage","LAMP3_DC","LGALS9","PTPRC",0.426283290745576,0,"LGALS9_CD45","LGALS9 - CD45","GALECTIN","Secreted Signaling","PMID: 30120235"
"Treg","LAMP3_DC","LGALS9","PTPRC",0.300948700822096,0.02,"LGALS9_CD45","LGALS9 - CD45","GALECTIN","Secreted Signaling","PMID: 30120235"
"cDC2","LAMP3_DC","LGALS9","PTPRC",0.365012911030062,0,"LGALS9_CD45","LGALS9 - CD45","GALECTIN","Secreted Signaling","PMID: 30120235"
"LAMP3_DC","LAMP3_DC","LGALS9","PTPRC",0.418024666214115,0,"LGALS9_CD45","LGALS9 - CD45","GALECTIN","Secreted Signaling","PMID: 30120235"
"B_Cell","Cycling","LGALS9","PTPRC",0.295941313242503,0,"LGALS9_CD45","LGALS9 - CD45","GALECTIN","Secreted Signaling","PMID: 30120235"
"Inflammatory_Macrophage","Cycling","LGALS9","PTPRC",0.402526099440513,0,"LGALS9_CD45","LGALS9 - CD45","GALECTIN","Secreted Signaling","PMID: 30120235"
"cDC2","Cycling","LGALS9","PTPRC",0.342631099897652,0,"LGALS9_CD45","LGALS9 - CD45","GALECTIN","Secreted Signaling","PMID: 30120235"
"LAMP3_DC","Cycling","LGALS9","PTPRC",0.3944113217561,0,"LGALS9_CD45","LGALS9 - CD45","GALECTIN","Secreted Signaling","PMID: 30120235"
"NK","NK","BAG6","NCR3",0.0129312429753356,0,"BAG6_NCR3-PS","BAG6 - NCR3-PS","BAG","Secreted Signaling","PMID: 30021652"
"CD8_Cytotoxic","NK","BAG6","NCR3",0.0136298729444909,0,"BAG6_NCR3-PS","BAG6 - NCR3-PS","BAG","Secreted Signaling","PMID: 30021652"
"B_Cell","NK","BAG6","NCR3",0.0136662825728319,0,"BAG6_NCR3-PS","BAG6 - NCR3-PS","BAG","Secreted Signaling","PMID: 30021652"
"Inflammatory_Macrophage","NK","BAG6","NCR3",0.0136540452285002,0,"BAG6_NCR3-PS","BAG6 - NCR3-PS","BAG","Secreted Signaling","PMID: 30021652"
"cDC2","NK","BAG6","NCR3",0.0127987847669699,0,"BAG6_NCR3-PS","BAG6 - NCR3-PS","BAG","Secreted Signaling","PMID: 30021652"
"Stromal_1","NK","BAG6","NCR3",0.0151670635443144,0,"BAG6_NCR3-PS","BAG6 - NCR3-PS","BAG","Secreted Signaling","PMID: 30021652"
"Stromal_2","NK","BAG6","NCR3",0.0346131579268559,0,"BAG6_NCR3-PS","BAG6 - NCR3-PS","BAG","Secreted Signaling","PMID: 30021652"
"Cycling","NK","BAG6","NCR3",0.0115356477240332,0,"BAG6_NCR3-PS","BAG6 - NCR3-PS","BAG","Secreted Signaling","PMID: 30021652"
"NK","Cycling","BAG6","NCR3",0.0340980139391105,0,"BAG6_NCR3-PS","BAG6 - NCR3-PS","BAG","Secreted Signaling","PMID: 30021652"
"CD8_Cytotoxic","Cycling","BAG6","NCR3",0.0358986204531998,0,"BAG6_NCR3-PS","BAG6 - NCR3-PS","BAG","Secreted Signaling","PMID: 30021652"
"B_Cell","Cycling","BAG6","NCR3",0.035992346176417,0,"BAG6_NCR3-PS","BAG6 - NCR3-PS","BAG","Secreted Signaling","PMID: 30021652"
"Inflammatory_Macrophage","Cycling","BAG6","NCR3",0.0359608460463936,0,"BAG6_NCR3-PS","BAG6 - NCR3-PS","BAG","Secreted Signaling","PMID: 30021652"
"cDC2","Cycling","BAG6","NCR3",0.0337561535771247,0,"BAG6_NCR3-PS","BAG6 - NCR3-PS","BAG","Secreted Signaling","PMID: 30021652"
"Stromal_1","Cycling","BAG6","NCR3",0.0398458471735816,0,"BAG6_NCR3-PS","BAG6 - NCR3-PS","BAG","Secreted Signaling","PMID: 30021652"
"Stromal_2","Cycling","BAG6","NCR3",0.0881026480208711,0,"BAG6_NCR3-PS","BAG6 - NCR3-PS","BAG","Secreted Signaling","PMID: 30021652"
"Cycling","Cycling","BAG6","NCR3",0.0304885707012307,0,"BAG6_NCR3-PS","BAG6 - NCR3-PS","BAG","Secreted Signaling","PMID: 30021652"
"NK","NK","LGALS9","HAVCR2",0.0225752989986241,0,"LGALS9_HAVCR2","LGALS9 - HAVCR2","GALECTIN","Secreted Signaling","PMID: 27192565"
"CD4_T","NK","LGALS9","HAVCR2",0.0195849609396427,0,"LGALS9_HAVCR2","LGALS9 - HAVCR2","GALECTIN","Secreted Signaling","PMID: 27192565"
"CD8_Cytotoxic","NK","LGALS9","HAVCR2",0.0216908447849903,0,"LGALS9_HAVCR2","LGALS9 - HAVCR2","GALECTIN","Secreted Signaling","PMID: 27192565"
"B_Cell","NK","LGALS9","HAVCR2",0.0650952123668578,0,"LGALS9_HAVCR2","LGALS9 - HAVCR2","GALECTIN","Secreted Signaling","PMID: 27192565"
"Inflammatory_Macrophage","NK","LGALS9","HAVCR2",0.100394960821552,0,"LGALS9_HAVCR2","LGALS9 - HAVCR2","GALECTIN","Secreted Signaling","PMID: 27192565"
"CD8_TRM","NK","LGALS9","HAVCR2",0.0192699689145939,0,"LGALS9_HAVCR2","LGALS9 - HAVCR2","GALECTIN","Secreted Signaling","PMID: 27192565"
"Treg","NK","LGALS9","HAVCR2",0.060733916782431,0,"LGALS9_HAVCR2","LGALS9 - HAVCR2","GALECTIN","Secreted Signaling","PMID: 27192565"
"cDC2","NK","LGALS9","HAVCR2",0.0794762813757027,0,"LGALS9_HAVCR2","LGALS9 - HAVCR2","GALECTIN","Secreted Signaling","PMID: 27192565"
"Stromal_2","NK","LGALS9","HAVCR2",0.01049830027754,0,"LGALS9_HAVCR2","LGALS9 - HAVCR2","GALECTIN","Secreted Signaling","PMID: 27192565"
"LAMP3_DC","NK","LGALS9","HAVCR2",0.0973783276272913,0,"LGALS9_HAVCR2","LGALS9 - HAVCR2","GALECTIN","Secreted Signaling","PMID: 27192565"
"Cycling","NK","LGALS9","HAVCR2",0.0593371747046257,0,"LGALS9_HAVCR2","LGALS9 - HAVCR2","GALECTIN","Secreted Signaling","PMID: 27192565"
"NK","Inflammatory_Macrophage","LGALS9","HAVCR2",0.0203573115924145,0,"LGALS9_HAVCR2","LGALS9 - HAVCR2","GALECTIN","Secreted Signaling","PMID: 27192565"
"CD4_T","Inflammatory_Macrophage","LGALS9","HAVCR2",0.017655462607135,0,"LGALS9_HAVCR2","LGALS9 - HAVCR2","GALECTIN","Secreted Signaling","PMID: 27192565"
"CD8_Cytotoxic","Inflammatory_Macrophage","LGALS9","HAVCR2",0.0195580148348454,0,"LGALS9_HAVCR2","LGALS9 - HAVCR2","GALECTIN","Secreted Signaling","PMID: 27192565"
"B_Cell","Inflammatory_Macrophage","LGALS9","HAVCR2",0.0589516702518167,0,"LGALS9_HAVCR2","LGALS9 - HAVCR2","GALECTIN","Secreted Signaling","PMID: 27192565"
"Inflammatory_Macrophage","Inflammatory_Macrophage","LGALS9","HAVCR2",0.0912450562537855,0,"LGALS9_HAVCR2","LGALS9 - HAVCR2","GALECTIN","Secreted Signaling","PMID: 27192565"
"CD8_TRM","Inflammatory_Macrophage","LGALS9","HAVCR2",0.0173709535648305,0,"LGALS9_HAVCR2","LGALS9 - HAVCR2","GALECTIN","Secreted Signaling","PMID: 27192565"
"Treg","Inflammatory_Macrophage","LGALS9","HAVCR2",0.0549777790930263,0,"LGALS9_HAVCR2","LGALS9 - HAVCR2","GALECTIN","Secreted Signaling","PMID: 27192565"
"cDC2","Inflammatory_Macrophage","LGALS9","HAVCR2",0.0720801285334868,0,"LGALS9_HAVCR2","LGALS9 - HAVCR2","GALECTIN","Secreted Signaling","PMID: 27192565"
"Stromal_2","Inflammatory_Macrophage","LGALS9","HAVCR2",0.00945538051475824,0,"LGALS9_HAVCR2","LGALS9 - HAVCR2","GALECTIN","Secreted Signaling","PMID: 27192565"
"LAMP3_DC","Inflammatory_Macrophage","LGALS9","HAVCR2",0.0884763165121749,0,"LGALS9_HAVCR2","LGALS9 - HAVCR2","GALECTIN","Secreted Signaling","PMID: 27192565"
"Cycling","Inflammatory_Macrophage","LGALS9","HAVCR2",0.053705845918879,0,"LGALS9_HAVCR2","LGALS9 - HAVCR2","GALECTIN","Secreted Signaling","PMID: 27192565"
"NK","cDC2","LGALS9","HAVCR2",0.0189898334735865,0,"LGALS9_HAVCR2","LGALS9 - HAVCR2","GALECTIN","Secreted Signaling","PMID: 27192565"
"CD4_T","cDC2","LGALS9","HAVCR2",0.0164664273181268,0,"LGALS9_HAVCR2","LGALS9 - HAVCR2","GALECTIN","Secreted Signaling","PMID: 27192565"
"CD8_Cytotoxic","cDC2","LGALS9","HAVCR2",0.0182432286556131,0,"LGALS9_HAVCR2","LGALS9 - HAVCR2","GALECTIN","Secreted Signaling","PMID: 27192565"
"B_Cell","cDC2","LGALS9","HAVCR2",0.055137578424676,0,"LGALS9_HAVCR2","LGALS9 - HAVCR2","GALECTIN","Secreted Signaling","PMID: 27192565"
"Inflammatory_Macrophage","cDC2","LGALS9","HAVCR2",0.0855315259540424,0,"LGALS9_HAVCR2","LGALS9 - HAVCR2","GALECTIN","Secreted Signaling","PMID: 27192565"
"CD8_TRM","cDC2","LGALS9","HAVCR2",0.0162007629937719,0,"LGALS9_HAVCR2","LGALS9 - HAVCR2","GALECTIN","Secreted Signaling","PMID: 27192565"
"Treg","cDC2","LGALS9","HAVCR2",0.0514067476299615,0,"LGALS9_HAVCR2","LGALS9 - HAVCR2","GALECTIN","Secreted Signaling","PMID: 27192565"
"cDC2","cDC2","LGALS9","HAVCR2",0.0674775489934514,0,"LGALS9_HAVCR2","LGALS9 - HAVCR2","GALECTIN","Secreted Signaling","PMID: 27192565"
"Stromal_2","cDC2","LGALS9","HAVCR2",0.00881363804342801,0,"LGALS9_HAVCR2","LGALS9 - HAVCR2","GALECTIN","Secreted Signaling","PMID: 27192565"
"LAMP3_DC","cDC2","LGALS9","HAVCR2",0.0829203381023375,0,"LGALS9_HAVCR2","LGALS9 - HAVCR2","GALECTIN","Secreted Signaling","PMID: 27192565"
"Cycling","cDC2","LGALS9","HAVCR2",0.0502130419086301,0,"LGALS9_HAVCR2","LGALS9 - HAVCR2","GALECTIN","Secreted Signaling","PMID: 27192565"
"B_Cell","Cycling","LGALS9","HAVCR2",0.0409611034049238,0.01,"LGALS9_HAVCR2","LGALS9 - HAVCR2","GALECTIN","Secreted Signaling","PMID: 27192565"
"Inflammatory_Macrophage","Cycling","LGALS9","HAVCR2",0.0640703369648434,0,"LGALS9_HAVCR2","LGALS9 - HAVCR2","GALECTIN","Secreted Signaling","PMID: 27192565"
"Treg","Cycling","LGALS9","HAVCR2",0.0381507788499893,0.01,"LGALS9_HAVCR2","LGALS9 - HAVCR2","GALECTIN","Secreted Signaling","PMID: 27192565"
"cDC2","Cycling","LGALS9","HAVCR2",0.0502972248637181,0.01,"LGALS9_HAVCR2","LGALS9 - HAVCR2","GALECTIN","Secreted Signaling","PMID: 27192565"
"LAMP3_DC","Cycling","LGALS9","HAVCR2",0.0620698656352368,0.01,"LGALS9_HAVCR2","LGALS9 - HAVCR2","GALECTIN","Secreted Signaling","PMID: 27192565"
"Cycling","Cycling","LGALS9","HAVCR2",0.0372527989437104,0.02,"LGALS9_HAVCR2","LGALS9 - HAVCR2","GALECTIN","Secreted Signaling","PMID: 27192565"
"Inflammatory_Macrophage","NK","LGALS9","CD44",0.247047336954667,0,"LGALS9_CD44","LGALS9 - CD44","GALECTIN","Secreted Signaling","PMID: 25065622"
"cDC2","NK","LGALS9","CD44",0.202448201223092,0,"LGALS9_CD44","LGALS9 - CD44","GALECTIN","Secreted Signaling","PMID: 25065622"
"LAMP3_DC","NK","LGALS9","CD44",0.240803678962453,0,"LGALS9_CD44","LGALS9 - CD44","GALECTIN","Secreted Signaling","PMID: 25065622"
"B_Cell","CD4_T","LGALS9","CD44",0.282813802273043,0,"LGALS9_CD44","LGALS9 - CD44","GALECTIN","Secreted Signaling","PMID: 25065622"
"Inflammatory_Macrophage","CD4_T","LGALS9","CD44",0.387271277092352,0,"LGALS9_CD44","LGALS9 - CD44","GALECTIN","Secreted Signaling","PMID: 25065622"
"Treg","CD4_T","LGALS9","CD44",0.268047861645407,0,"LGALS9_CD44","LGALS9 - CD44","GALECTIN","Secreted Signaling","PMID: 25065622"
"cDC2","CD4_T","LGALS9","CD44",0.328398531227337,0,"LGALS9_CD44","LGALS9 - CD44","GALECTIN","Secreted Signaling","PMID: 25065622"
"LAMP3_DC","CD4_T","LGALS9","CD44",0.379268813866387,0,"LGALS9_CD44","LGALS9 - CD44","GALECTIN","Secreted Signaling","PMID: 25065622"
"Cycling","CD4_T","LGALS9","CD44",0.263219481823432,0,"LGALS9_CD44","LGALS9 - CD44","GALECTIN","Secreted Signaling","PMID: 25065622"
"B_Cell","CD8_Cytotoxic","LGALS9","CD44",0.24828112465985,0,"LGALS9_CD44","LGALS9 - CD44","GALECTIN","Secreted Signaling","PMID: 25065622"
"Inflammatory_Macrophage","CD8_Cytotoxic","LGALS9","CD44",0.34613979162119,0,"LGALS9_CD44","LGALS9 - CD44","GALECTIN","Secreted Signaling","PMID: 25065622"
"Treg","CD8_Cytotoxic","LGALS9","CD44",0.234728065832308,0,"LGALS9_CD44","LGALS9 - CD44","GALECTIN","Secreted Signaling","PMID: 25065622"
"cDC2","CD8_Cytotoxic","LGALS9","CD44",0.29055477150693,0,"LGALS9_CD44","LGALS9 - CD44","GALECTIN","Secreted Signaling","PMID: 25065622"
"LAMP3_DC","CD8_Cytotoxic","LGALS9","CD44",0.338517692456074,0,"LGALS9_CD44","LGALS9 - CD44","GALECTIN","Secreted Signaling","PMID: 25065622"
"Cycling","CD8_Cytotoxic","LGALS9","CD44",0.230311026867029,0,"LGALS9_CD44","LGALS9 - CD44","GALECTIN","Secreted Signaling","PMID: 25065622"
"B_Cell","B_Cell","LGALS9","CD44",0.194655890186858,0,"LGALS9_CD44","LGALS9 - CD44","GALECTIN","Secreted Signaling","PMID: 25065622"
"Inflammatory_Macrophage","B_Cell","LGALS9","CD44",0.279229564193072,0,"LGALS9_CD44","LGALS9 - CD44","GALECTIN","Secreted Signaling","PMID: 25065622"
"cDC2","B_Cell","LGALS9","CD44",0.230599931860601,0,"LGALS9_CD44","LGALS9 - CD44","GALECTIN","Secreted Signaling","PMID: 25065622"
"LAMP3_DC","B_Cell","LGALS9","CD44",0.272466881660049,0,"LGALS9_CD44","LGALS9 - CD44","GALECTIN","Secreted Signaling","PMID: 25065622"
"B_Cell","Inflammatory_Macrophage","LGALS9","CD44",0.20829010846037,0,"LGALS9_CD44","LGALS9 - CD44","GALECTIN","Secreted Signaling","PMID: 25065622"
"Inflammatory_Macrophage","Inflammatory_Macrophage","LGALS9","CD44",0.296605843007768,0,"LGALS9_CD44","LGALS9 - CD44","GALECTIN","Secreted Signaling","PMID: 25065622"
"Treg","Inflammatory_Macrophage","LGALS9","CD44",0.196349856089683,0.03,"LGALS9_CD44","LGALS9 - CD44","GALECTIN","Secreted Signaling","PMID: 25065622"
"cDC2","Inflammatory_Macrophage","LGALS9","CD44",0.245982790686956,0,"LGALS9_CD44","LGALS9 - CD44","GALECTIN","Secreted Signaling","PMID: 25065622"
"LAMP3_DC","Inflammatory_Macrophage","LGALS9","CD44",0.289591407249254,0,"LGALS9_CD44","LGALS9 - CD44","GALECTIN","Secreted Signaling","PMID: 25065622"
"B_Cell","CD8_TRM","LGALS9","CD44",0.278170509777459,0,"LGALS9_CD44","LGALS9 - CD44","GALECTIN","Secreted Signaling","PMID: 25065622"
"Inflammatory_Macrophage","CD8_TRM","LGALS9","CD44",0.381826039739078,0,"LGALS9_CD44","LGALS9 - CD44","GALECTIN","Secreted Signaling","PMID: 25065622"
"Treg","CD8_TRM","LGALS9","CD44",0.263557908905226,0,"LGALS9_CD44","LGALS9 - CD44","GALECTIN","Secreted Signaling","PMID: 25065622"
"cDC2","CD8_TRM","LGALS9","CD44",0.323344245309728,0,"LGALS9_CD44","LGALS9 - CD44","GALECTIN","Secreted Signaling","PMID: 25065622"
"LAMP3_DC","CD8_TRM","LGALS9","CD44",0.37386743995791,0,"LGALS9_CD44","LGALS9 - CD44","GALECTIN","Secreted Signaling","PMID: 25065622"
"Cycling","CD8_TRM","LGALS9","CD44",0.258781812705203,0,"LGALS9_CD44","LGALS9 - CD44","GALECTIN","Secreted Signaling","PMID: 25065622"
"B_Cell","Treg","LGALS9","CD44",0.276472334428606,0,"LGALS9_CD44","LGALS9 - CD44","GALECTIN","Secreted Signaling","PMID: 25065622"
"Inflammatory_Macrophage","Treg","LGALS9","CD44",0.379828046709526,0,"LGALS9_CD44","LGALS9 - CD44","GALECTIN","Secreted Signaling","PMID: 25065622"
"Treg","Treg","LGALS9","CD44",0.261916571709218,0,"LGALS9_CD44","LGALS9 - CD44","GALECTIN","Secreted Signaling","PMID: 25065622"
"cDC2","Treg","LGALS9","CD44",0.321493120526121,0,"LGALS9_CD44","LGALS9 - CD44","GALECTIN","Secreted Signaling","PMID: 25065622"
"LAMP3_DC","Treg","LGALS9","CD44",0.371886038880932,0,"LGALS9_CD44","LGALS9 - CD44","GALECTIN","Secreted Signaling","PMID: 25065622"
"Cycling","Treg","LGALS9","CD44",0.257159832933715,0,"LGALS9_CD44","LGALS9 - CD44","GALECTIN","Secreted Signaling","PMID: 25065622"
"Inflammatory_Macrophage","cDC2","LGALS9","CD44",0.26031135430179,0,"LGALS9_CD44","LGALS9 - CD44","GALECTIN","Secreted Signaling","PMID: 25065622"
"cDC2","cDC2","LGALS9","CD44",0.213998238708141,0.01,"LGALS9_CD44","LGALS9 - CD44","GALECTIN","Secreted Signaling","PMID: 25065622"
"LAMP3_DC","cDC2","LGALS9","CD44",0.25384548807462,0,"LGALS9_CD44","LGALS9 - CD44","GALECTIN","Secreted Signaling","PMID: 25065622"
"Inflammatory_Macrophage","Stromal_2","LGALS9","CD44",0.221745848348092,0,"LGALS9_CD44","LGALS9 - CD44","GALECTIN","Secreted Signaling","PMID: 25065622"
"B_Cell","LAMP3_DC","LGALS9","CD44",0.250281383704899,0,"LGALS9_CD44","LGALS9 - CD44","GALECTIN","Secreted Signaling","PMID: 25065622"
"Inflammatory_Macrophage","LAMP3_DC","LGALS9","CD44",0.348562874546629,0,"LGALS9_CD44","LGALS9 - CD44","GALECTIN","Secreted Signaling","PMID: 25065622"
"Treg","LAMP3_DC","LGALS9","CD44",0.236653510209131,0.01,"LGALS9_CD44","LGALS9 - CD44","GALECTIN","Secreted Signaling","PMID: 25065622"
"cDC2","LAMP3_DC","LGALS9","CD44",0.292762965632553,0,"LGALS9_CD44","LGALS9 - CD44","GALECTIN","Secreted Signaling","PMID: 25065622"
"LAMP3_DC","LAMP3_DC","LGALS9","CD44",0.34091523811485,0,"LGALS9_CD44","LGALS9 - CD44","GALECTIN","Secreted Signaling","PMID: 25065622"
"B_Cell","Cycling","LGALS9","CD44",0.223721581057573,0.01,"LGALS9_CD44","LGALS9 - CD44","GALECTIN","Secreted Signaling","PMID: 25065622"
"Inflammatory_Macrophage","Cycling","LGALS9","CD44",0.315969023108029,0,"LGALS9_CD44","LGALS9 - CD44","GALECTIN","Secreted Signaling","PMID: 25065622"
"cDC2","Cycling","LGALS9","CD44",0.263278146072205,0,"LGALS9_CD44","LGALS9 - CD44","GALECTIN","Secreted Signaling","PMID: 25065622"
"LAMP3_DC","Cycling","LGALS9","CD44",0.308697634008443,0,"LGALS9_CD44","LGALS9 - CD44","GALECTIN","Secreted Signaling","PMID: 25065622"
"NK","Inflammatory_Macrophage","ANXA1","FPR3",0.0946424148495461,0,"ANXA1_FPR3","ANXA1 - FPR3","ANNEXIN","Secreted Signaling","PMID: 33082511"
"CD4_T","Inflammatory_Macrophage","ANXA1","FPR3",0.0837661129947544,0,"ANXA1_FPR3","ANXA1 - FPR3","ANNEXIN","Secreted Signaling","PMID: 33082511"
"CD8_Cytotoxic","Inflammatory_Macrophage","ANXA1","FPR3",0.083902559607829,0,"ANXA1_FPR3","ANXA1 - FPR3","ANNEXIN","Secreted Signaling","PMID: 33082511"
"Inflammatory_Macrophage","Inflammatory_Macrophage","ANXA1","FPR3",0.0689487412975436,0,"ANXA1_FPR3","ANXA1 - FPR3","ANNEXIN","Secreted Signaling","PMID: 33082511"
"CD8_TRM","Inflammatory_Macrophage","ANXA1","FPR3",0.0765167543301812,0,"ANXA1_FPR3","ANXA1 - FPR3","ANNEXIN","Secreted Signaling","PMID: 33082511"
"cDC2","Inflammatory_Macrophage","ANXA1","FPR3",0.0768654857011049,0,"ANXA1_FPR3","ANXA1 - FPR3","ANNEXIN","Secreted Signaling","PMID: 33082511"
"LAMP3_DC","Inflammatory_Macrophage","ANXA1","FPR3",0.0286759437798127,0,"ANXA1_FPR3","ANXA1 - FPR3","ANNEXIN","Secreted Signaling","PMID: 33082511"
"Cycling","Inflammatory_Macrophage","ANXA1","FPR3",0.0917593023818212,0,"ANXA1_FPR3","ANXA1 - FPR3","ANNEXIN","Secreted Signaling","PMID: 33082511"
"NK","cDC2","ANXA1","FPR3",0.0634223607426123,0,"ANXA1_FPR3","ANXA1 - FPR3","ANNEXIN","Secreted Signaling","PMID: 33082511"
"CD4_T","cDC2","ANXA1","FPR3",0.0559122933335295,0,"ANXA1_FPR3","ANXA1 - FPR3","ANNEXIN","Secreted Signaling","PMID: 33082511"
"CD8_Cytotoxic","cDC2","ANXA1","FPR3",0.0560061422367058,0,"ANXA1_FPR3","ANXA1 - FPR3","ANNEXIN","Secreted Signaling","PMID: 33082511"
"Inflammatory_Macrophage","cDC2","ANXA1","FPR3",0.0457758185467877,0,"ANXA1_FPR3","ANXA1 - FPR3","ANNEXIN","Secreted Signaling","PMID: 33082511"
"CD8_TRM","cDC2","ANXA1","FPR3",0.0509394655033829,0,"ANXA1_FPR3","ANXA1 - FPR3","ANNEXIN","Secreted Signaling","PMID: 33082511"
"cDC2","cDC2","ANXA1","FPR3",0.0511780864578315,0,"ANXA1_FPR3","ANXA1 - FPR3","ANNEXIN","Secreted Signaling","PMID: 33082511"
"LAMP3_DC","cDC2","ANXA1","FPR3",0.0187654658557102,0,"ANXA1_FPR3","ANXA1 - FPR3","ANNEXIN","Secreted Signaling","PMID: 33082511"
"Cycling","cDC2","ANXA1","FPR3",0.0614257847935702,0,"ANXA1_FPR3","ANXA1 - FPR3","ANNEXIN","Secreted Signaling","PMID: 33082511"
"NK","Inflammatory_Macrophage","MT-RNR2","FPR3",0.153262158880866,0,"MT-RNR2_FPRL2","MT-RNR2 - FPRL2","ANNEXIN","Secreted Signaling","PMID: 15465011"
"CD4_T","Inflammatory_Macrophage","MT-RNR2","FPR3",0.158589320499672,0,"MT-RNR2_FPRL2","MT-RNR2 - FPRL2","ANNEXIN","Secreted Signaling","PMID: 15465011"
"CD8_Cytotoxic","Inflammatory_Macrophage","MT-RNR2","FPR3",0.155728032612185,0,"MT-RNR2_FPRL2","MT-RNR2 - FPRL2","ANNEXIN","Secreted Signaling","PMID: 15465011"
"B_Cell","Inflammatory_Macrophage","MT-RNR2","FPR3",0.160117379819468,0,"MT-RNR2_FPRL2","MT-RNR2 - FPRL2","ANNEXIN","Secreted Signaling","PMID: 15465011"
"Inflammatory_Macrophage","Inflammatory_Macrophage","MT-RNR2","FPR3",0.161379057335082,0,"MT-RNR2_FPRL2","MT-RNR2 - FPRL2","ANNEXIN","Secreted Signaling","PMID: 15465011"
"CD8_TRM","Inflammatory_Macrophage","MT-RNR2","FPR3",0.156969015680373,0,"MT-RNR2_FPRL2","MT-RNR2 - FPRL2","ANNEXIN","Secreted Signaling","PMID: 15465011"
"Treg","Inflammatory_Macrophage","MT-RNR2","FPR3",0.155599326737825,0,"MT-RNR2_FPRL2","MT-RNR2 - FPRL2","ANNEXIN","Secreted Signaling","PMID: 15465011"
"cDC2","Inflammatory_Macrophage","MT-RNR2","FPR3",0.153761073286966,0,"MT-RNR2_FPRL2","MT-RNR2 - FPRL2","ANNEXIN","Secreted Signaling","PMID: 15465011"
"Stromal_1","Inflammatory_Macrophage","MT-RNR2","FPR3",0.154344494046423,0,"MT-RNR2_FPRL2","MT-RNR2 - FPRL2","ANNEXIN","Secreted Signaling","PMID: 15465011"
"Stromal_2","Inflammatory_Macrophage","MT-RNR2","FPR3",0.154036839216078,0,"MT-RNR2_FPRL2","MT-RNR2 - FPRL2","ANNEXIN","Secreted Signaling","PMID: 15465011"
"LAMP3_DC","Inflammatory_Macrophage","MT-RNR2","FPR3",0.157523819345931,0,"MT-RNR2_FPRL2","MT-RNR2 - FPRL2","ANNEXIN","Secreted Signaling","PMID: 15465011"
"Cycling","Inflammatory_Macrophage","MT-RNR2","FPR3",0.14431230787109,0,"MT-RNR2_FPRL2","MT-RNR2 - FPRL2","ANNEXIN","Secreted Signaling","PMID: 15465011"
"NK","cDC2","MT-RNR2","FPR3",0.10494649045492,0,"MT-RNR2_FPRL2","MT-RNR2 - FPRL2","ANNEXIN","Secreted Signaling","PMID: 15465011"
"CD4_T","cDC2","MT-RNR2","FPR3",0.108810081039918,0,"MT-RNR2_FPRL2","MT-RNR2 - FPRL2","ANNEXIN","Secreted Signaling","PMID: 15465011"
"CD8_Cytotoxic","cDC2","MT-RNR2","FPR3",0.106732989304778,0,"MT-RNR2_FPRL2","MT-RNR2 - FPRL2","ANNEXIN","Secreted Signaling","PMID: 15465011"
"B_Cell","cDC2","MT-RNR2","FPR3",0.109921160940238,0,"MT-RNR2_FPRL2","MT-RNR2 - FPRL2","ANNEXIN","Secreted Signaling","PMID: 15465011"
"Inflammatory_Macrophage","cDC2","MT-RNR2","FPR3",0.110839505484935,0,"MT-RNR2_FPRL2","MT-RNR2 - FPRL2","ANNEXIN","Secreted Signaling","PMID: 15465011"
"CD8_TRM","cDC2","MT-RNR2","FPR3",0.107633310648009,0,"MT-RNR2_FPRL2","MT-RNR2 - FPRL2","ANNEXIN","Secreted Signaling","PMID: 15465011"
"Treg","cDC2","MT-RNR2","FPR3",0.106639662082104,0,"MT-RNR2_FPRL2","MT-RNR2 - FPRL2","ANNEXIN","Secreted Signaling","PMID: 15465011"
"cDC2","cDC2","MT-RNR2","FPR3",0.105307683795074,0,"MT-RNR2_FPRL2","MT-RNR2 - FPRL2","ANNEXIN","Secreted Signaling","PMID: 15465011"
"Stromal_1","cDC2","MT-RNR2","FPR3",0.105730226499942,0,"MT-RNR2_FPRL2","MT-RNR2 - FPRL2","ANNEXIN","Secreted Signaling","PMID: 15465011"
"Stromal_2","cDC2","MT-RNR2","FPR3",0.105507384489642,0,"MT-RNR2_FPRL2","MT-RNR2 - FPRL2","ANNEXIN","Secreted Signaling","PMID: 15465011"
"LAMP3_DC","cDC2","MT-RNR2","FPR3",0.108036084937126,0,"MT-RNR2_FPRL2","MT-RNR2 - FPRL2","ANNEXIN","Secreted Signaling","PMID: 15465011"
"Cycling","cDC2","MT-RNR2","FPR3",0.0984898871497259,0,"MT-RNR2_FPRL2","MT-RNR2 - FPRL2","ANNEXIN","Secreted Signaling","PMID: 15465011"
"B_Cell","NK","LGALS9","P4HB",0.0711337700635192,0,"LGALS9_P4HB","LGALS9 - P4HB","GALECTIN","Secreted Signaling","PMID:21670307;uniprot"
"Inflammatory_Macrophage","NK","LGALS9","P4HB",0.109325179375458,0,"LGALS9_P4HB","LGALS9 - P4HB","GALECTIN","Secreted Signaling","PMID:21670307;uniprot"
"Treg","NK","LGALS9","P4HB",0.066396631699677,0.01,"LGALS9_P4HB","LGALS9 - P4HB","GALECTIN","Secreted Signaling","PMID:21670307;uniprot"
"cDC2","NK","LGALS9","P4HB",0.0867251467889614,0,"LGALS9_P4HB","LGALS9 - P4HB","GALECTIN","Secreted Signaling","PMID:21670307;uniprot"
"LAMP3_DC","NK","LGALS9","P4HB",0.106071852920086,0,"LGALS9_P4HB","LGALS9 - P4HB","GALECTIN","Secreted Signaling","PMID:21670307;uniprot"
"B_Cell","CD4_T","LGALS9","P4HB",0.0694470273173525,0,"LGALS9_P4HB","LGALS9 - P4HB","GALECTIN","Secreted Signaling","PMID:21670307;uniprot"
"Inflammatory_Macrophage","CD4_T","LGALS9","P4HB",0.10683699333532,0,"LGALS9_P4HB","LGALS9 - P4HB","GALECTIN","Secreted Signaling","PMID:21670307;uniprot"
"Treg","CD4_T","LGALS9","P4HB",0.0648143791931564,0.02,"LGALS9_P4HB","LGALS9 - P4HB","GALECTIN","Secreted Signaling","PMID:21670307;uniprot"
"cDC2","CD4_T","LGALS9","P4HB",0.0847024104077243,0,"LGALS9_P4HB","LGALS9 - P4HB","GALECTIN","Secreted Signaling","PMID:21670307;uniprot"
"LAMP3_DC","CD4_T","LGALS9","P4HB",0.103649094338227,0,"LGALS9_P4HB","LGALS9 - P4HB","GALECTIN","Secreted Signaling","PMID:21670307;uniprot"
"B_Cell","CD8_Cytotoxic","LGALS9","P4HB",0.0685418181437569,0,"LGALS9_P4HB","LGALS9 - P4HB","GALECTIN","Secreted Signaling","PMID:21670307;uniprot"
"Inflammatory_Macrophage","CD8_Cytotoxic","LGALS9","P4HB",0.105499677204315,0,"LGALS9_P4HB","LGALS9 - P4HB","GALECTIN","Secreted Signaling","PMID:21670307;uniprot"
"Treg","CD8_Cytotoxic","LGALS9","P4HB",0.0639654036282534,0.02,"LGALS9_P4HB","LGALS9 - P4HB","GALECTIN","Secreted Signaling","PMID:21670307;uniprot"
"cDC2","CD8_Cytotoxic","LGALS9","P4HB",0.0836162221935509,0,"LGALS9_P4HB","LGALS9 - P4HB","GALECTIN","Secreted Signaling","PMID:21670307;uniprot"
"LAMP3_DC","CD8_Cytotoxic","LGALS9","P4HB",0.102347109671997,0,"LGALS9_P4HB","LGALS9 - P4HB","GALECTIN","Secreted Signaling","PMID:21670307;uniprot"
"B_Cell","Inflammatory_Macrophage","LGALS9","P4HB",0.0652655899070868,0,"LGALS9_P4HB","LGALS9 - P4HB","GALECTIN","Secreted Signaling","PMID:21670307;uniprot"
"Inflammatory_Macrophage","Inflammatory_Macrophage","LGALS9","P4HB",0.100647783942979,0,"LGALS9_P4HB","LGALS9 - P4HB","GALECTIN","Secreted Signaling","PMID:21670307;uniprot"
"cDC2","Inflammatory_Macrophage","LGALS9","P4HB",0.0796810912773294,0,"LGALS9_P4HB","LGALS9 - P4HB","GALECTIN","Secreted Signaling","PMID:21670307;uniprot"
"LAMP3_DC","Inflammatory_Macrophage","LGALS9","P4HB",0.0976243783986954,0,"LGALS9_P4HB","LGALS9 - P4HB","GALECTIN","Secreted Signaling","PMID:21670307;uniprot"
"B_Cell","CD8_TRM","LGALS9","P4HB",0.065506766589088,0,"LGALS9_P4HB","LGALS9 - P4HB","GALECTIN","Secreted Signaling","PMID:21670307;uniprot"
"Inflammatory_Macrophage","CD8_TRM","LGALS9","P4HB",0.101005580453066,0,"LGALS9_P4HB","LGALS9 - P4HB","GALECTIN","Secreted Signaling","PMID:21670307;uniprot"
"cDC2","CD8_TRM","LGALS9","P4HB",0.0799709802443924,0,"LGALS9_P4HB","LGALS9 - P4HB","GALECTIN","Secreted Signaling","PMID:21670307;uniprot"
"LAMP3_DC","CD8_TRM","LGALS9","P4HB",0.0979725977481456,0,"LGALS9_P4HB","LGALS9 - P4HB","GALECTIN","Secreted Signaling","PMID:21670307;uniprot"
"B_Cell","Treg","LGALS9","P4HB",0.0623674137916435,0,"LGALS9_P4HB","LGALS9 - P4HB","GALECTIN","Secreted Signaling","PMID:21670307;uniprot"
"Inflammatory_Macrophage","Treg","LGALS9","P4HB",0.0963403669944516,0,"LGALS9_P4HB","LGALS9 - P4HB","GALECTIN","Secreted Signaling","PMID:21670307;uniprot"
"cDC2","Treg","LGALS9","P4HB",0.0761949626082012,0,"LGALS9_P4HB","LGALS9 - P4HB","GALECTIN","Secreted Signaling","PMID:21670307;uniprot"
"LAMP3_DC","Treg","LGALS9","P4HB",0.093432911476147,0,"LGALS9_P4HB","LGALS9 - P4HB","GALECTIN","Secreted Signaling","PMID:21670307;uniprot"
"B_Cell","cDC2","LGALS9","P4HB",0.127535965723461,0,"LGALS9_P4HB","LGALS9 - P4HB","GALECTIN","Secreted Signaling","PMID:21670307;uniprot"
"Inflammatory_Macrophage","cDC2","LGALS9","P4HB",0.189821084198868,0,"LGALS9_P4HB","LGALS9 - P4HB","GALECTIN","Secreted Signaling","PMID:21670307;uniprot"
"Treg","cDC2","LGALS9","P4HB",0.119526067254681,0.01,"LGALS9_P4HB","LGALS9 - P4HB","GALECTIN","Secreted Signaling","PMID:21670307;uniprot"
"cDC2","cDC2","LGALS9","P4HB",0.153447533653081,0,"LGALS9_P4HB","LGALS9 - P4HB","GALECTIN","Secreted Signaling","PMID:21670307;uniprot"
"LAMP3_DC","cDC2","LGALS9","P4HB",0.184668996575013,0,"LGALS9_P4HB","LGALS9 - P4HB","GALECTIN","Secreted Signaling","PMID:21670307;uniprot"
"Cycling","cDC2","LGALS9","P4HB",0.116945584016242,0,"LGALS9_P4HB","LGALS9 - P4HB","GALECTIN","Secreted Signaling","PMID:21670307;uniprot"
"B_Cell","Stromal_1","LGALS9","P4HB",0.0653020896489,0,"LGALS9_P4HB","LGALS9 - P4HB","GALECTIN","Secreted Signaling","PMID:21670307;uniprot"
"Inflammatory_Macrophage","Stromal_1","LGALS9","P4HB",0.100701939387725,0,"LGALS9_P4HB","LGALS9 - P4HB","GALECTIN","Secreted Signaling","PMID:21670307;uniprot"
"cDC2","Stromal_1","LGALS9","P4HB",0.0797249652708601,0,"LGALS9_P4HB","LGALS9 - P4HB","GALECTIN","Secreted Signaling","PMID:21670307;uniprot"
"LAMP3_DC","Stromal_1","LGALS9","P4HB",0.0976770837268618,0,"LGALS9_P4HB","LGALS9 - P4HB","GALECTIN","Secreted Signaling","PMID:21670307;uniprot"
"NK","Stromal_2","LGALS9","P4HB",0.107979382406719,0,"LGALS9_P4HB","LGALS9 - P4HB","GALECTIN","Secreted Signaling","PMID:21670307;uniprot"
"CD4_T","Stromal_2","LGALS9","P4HB",0.0947732690148942,0.02,"LGALS9_P4HB","LGALS9 - P4HB","GALECTIN","Secreted Signaling","PMID:21670307;uniprot"
"CD8_Cytotoxic","Stromal_2","LGALS9","P4HB",0.104105347675274,0,"LGALS9_P4HB","LGALS9 - P4HB","GALECTIN","Secreted Signaling","PMID:21670307;uniprot"
"B_Cell","Stromal_2","LGALS9","P4HB",0.267356213085892,0,"LGALS9_P4HB","LGALS9 - P4HB","GALECTIN","Secreted Signaling","PMID:21670307;uniprot"
"Inflammatory_Macrophage","Stromal_2","LGALS9","P4HB",0.369042234193028,0,"LGALS9_P4HB","LGALS9 - P4HB","GALECTIN","Secreted Signaling","PMID:21670307;uniprot"
"CD8_TRM","Stromal_2","LGALS9","P4HB",0.093364155043095,0.03,"LGALS9_P4HB","LGALS9 - P4HB","GALECTIN","Secreted Signaling","PMID:21670307;uniprot"
"Treg","Stromal_2","LGALS9","P4HB",0.253112497042202,0,"LGALS9_P4HB","LGALS9 - P4HB","GALECTIN","Secreted Signaling","PMID:21670307;uniprot"
"cDC2","Stromal_2","LGALS9","P4HB",0.311531702216493,0,"LGALS9_P4HB","LGALS9 - P4HB","GALECTIN","Secreted Signaling","PMID:21670307;uniprot"
"LAMP3_DC","Stromal_2","LGALS9","P4HB",0.361194403644464,0,"LGALS9_P4HB","LGALS9 - P4HB","GALECTIN","Secreted Signaling","PMID:21670307;uniprot"
"Cycling","Stromal_2","LGALS9","P4HB",0.248461826456613,0,"LGALS9_P4HB","LGALS9 - P4HB","GALECTIN","Secreted Signaling","PMID:21670307;uniprot"
"B_Cell","LAMP3_DC","LGALS9","P4HB",0.068537686148808,0,"LGALS9_P4HB","LGALS9 - P4HB","GALECTIN","Secreted Signaling","PMID:21670307;uniprot"
"Inflammatory_Macrophage","LAMP3_DC","LGALS9","P4HB",0.105493569563749,0.01,"LGALS9_P4HB","LGALS9 - P4HB","GALECTIN","Secreted Signaling","PMID:21670307;uniprot"
"cDC2","LAMP3_DC","LGALS9","P4HB",0.0836112630217019,0,"LGALS9_P4HB","LGALS9 - P4HB","GALECTIN","Secreted Signaling","PMID:21670307;uniprot"
"LAMP3_DC","LAMP3_DC","LGALS9","P4HB",0.102341163660207,0.02,"LGALS9_P4HB","LGALS9 - P4HB","GALECTIN","Secreted Signaling","PMID:21670307;uniprot"
"B_Cell","Cycling","LGALS9","P4HB",0.156654656124705,0.01,"LGALS9_P4HB","LGALS9 - P4HB","GALECTIN","Secreted Signaling","PMID:21670307;uniprot"
"Inflammatory_Macrophage","Cycling","LGALS9","P4HB",0.229421092688925,0,"LGALS9_P4HB","LGALS9 - P4HB","GALECTIN","Secreted Signaling","PMID:21670307;uniprot"
"Treg","Cycling","LGALS9","P4HB",0.147124349883965,0,"LGALS9_P4HB","LGALS9 - P4HB","GALECTIN","Secreted Signaling","PMID:21670307;uniprot"
"cDC2","Cycling","LGALS9","P4HB",0.187212822430967,0,"LGALS9_P4HB","LGALS9 - P4HB","GALECTIN","Secreted Signaling","PMID:21670307;uniprot"
"LAMP3_DC","Cycling","LGALS9","P4HB",0.22349068090362,0,"LGALS9_P4HB","LGALS9 - P4HB","GALECTIN","Secreted Signaling","PMID:21670307;uniprot"
"Cycling","Cycling","LGALS9","P4HB",0.144045516596493,0.02,"LGALS9_P4HB","LGALS9 - P4HB","GALECTIN","Secreted Signaling","PMID:21670307;uniprot"
"Stromal_2","CD8_TRM","LAMA5","ITGA1_ITGB1",0.0465822200822764,0,"LAMA5_ITGA1_ITGB1","LAMA5 - (ITGA1+ITGB1)","LAMININ","ECM-Receptor","KEGG: hsa04512"
"Stromal_2","CD8_TRM","LAMC1","ITGA1_ITGB1",0.0160777049239019,0,"LAMC1_ITGA1_ITGB1","LAMC1 - (ITGA1+ITGB1)","LAMININ","ECM-Receptor","KEGG: hsa04512"
"Stromal_2","CD4_T","LAMA5","ITGA6_ITGB1",0.0470954970303879,0,"LAMA5_ITGA6_ITGB1","LAMA5 - (ITGA6+ITGB1)","LAMININ","ECM-Receptor","KEGG: hsa04512"
"Stromal_2","Stromal_2","LAMA5","ITGA6_ITGB1",0.0645070658893612,0,"LAMA5_ITGA6_ITGB1","LAMA5 - (ITGA6+ITGB1)","LAMININ","ECM-Receptor","KEGG: hsa04512"
"Stromal_2","LAMP3_DC","LAMA5","ITGA6_ITGB1",0.0465924306235641,0,"LAMA5_ITGA6_ITGB1","LAMA5 - (ITGA6+ITGB1)","LAMININ","ECM-Receptor","KEGG: hsa04512"
"Stromal_2","CD4_T","LAMC1","ITGA6_ITGB1",0.0162605933911957,0,"LAMC1_ITGA6_ITGB1","LAMC1 - (ITGA6+ITGB1)","LAMININ","ECM-Receptor","KEGG: hsa04512"
"Stromal_2","Stromal_2","LAMC1","ITGA6_ITGB1",0.0225419367228078,0,"LAMC1_ITGA6_ITGB1","LAMC1 - (ITGA6+ITGB1)","LAMININ","ECM-Receptor","KEGG: hsa04512"
"Stromal_2","LAMP3_DC","LAMC1","ITGA6_ITGB1",0.0160813418396234,0,"LAMC1_ITGA6_ITGB1","LAMC1 - (ITGA6+ITGB1)","LAMININ","ECM-Receptor","KEGG: hsa04512"
"Stromal_2","NK","LAMA5","CD44",0.116412461165755,0,"LAMA5_CD44","LAMA5 - CD44","LAMININ","ECM-Receptor","KEGG: hsa04512"
"Stromal_2","CD4_T","LAMA5","CD44",0.202421958568025,0,"LAMA5_CD44","LAMA5 - CD44","LAMININ","ECM-Receptor","KEGG: hsa04512"
"Stromal_2","CD8_Cytotoxic","LAMA5","CD44",0.175306019750777,0,"LAMA5_CD44","LAMA5 - CD44","LAMININ","ECM-Receptor","KEGG: hsa04512"
"Stromal_2","B_Cell","LAMA5","CD44",0.134619755103763,0,"LAMA5_CD44","LAMA5 - CD44","LAMININ","ECM-Receptor","KEGG: hsa04512"
"Stromal_2","Inflammatory_Macrophage","LAMA5","CD44",0.144804979028837,0,"LAMA5_CD44","LAMA5 - CD44","LAMININ","ECM-Receptor","KEGG: hsa04512"
"Stromal_2","CD8_TRM","LAMA5","CD44",0.198732812923875,0,"LAMA5_CD44","LAMA5 - CD44","LAMININ","ECM-Receptor","KEGG: hsa04512"
"Stromal_2","Treg","LAMA5","CD44",0.197386977095322,0,"LAMA5_CD44","LAMA5 - CD44","LAMININ","ECM-Receptor","KEGG: hsa04512"
"Stromal_2","cDC2","LAMA5","CD44",0.1238160233741,0,"LAMA5_CD44","LAMA5 - CD44","LAMININ","ECM-Receptor","KEGG: hsa04512"
"Stromal_2","Stromal_2","LAMA5","CD44",0.10266577062277,0,"LAMA5_CD44","LAMA5 - CD44","LAMININ","ECM-Receptor","KEGG: hsa04512"
"Stromal_2","LAMP3_DC","LAMA5","CD44",0.176856679563478,0,"LAMA5_CD44","LAMA5 - CD44","LAMININ","ECM-Receptor","KEGG: hsa04512"
"Stromal_2","Cycling","LAMA5","CD44",0.156462576704158,0,"LAMA5_CD44","LAMA5 - CD44","LAMININ","ECM-Receptor","KEGG: hsa04512"
"Stromal_2","NK","LAMC1","CD44",0.0422035913223019,0,"LAMC1_CD44","LAMC1 - CD44","LAMININ","ECM-Receptor","KEGG: hsa04512"
"Stromal_2","CD4_T","LAMC1","CD44",0.0782399611449843,0,"LAMC1_CD44","LAMC1 - CD44","LAMININ","ECM-Receptor","KEGG: hsa04512"
"Stromal_2","CD8_Cytotoxic","LAMC1","CD44",0.0663747516046044,0,"LAMC1_CD44","LAMC1 - CD44","LAMININ","ECM-Receptor","KEGG: hsa04512"
"Stromal_2","B_Cell","LAMC1","CD44",0.0494539837030083,0,"LAMC1_CD44","LAMC1 - CD44","LAMININ","ECM-Receptor","KEGG: hsa04512"
"Stromal_2","Inflammatory_Macrophage","LAMC1","CD44",0.053594696118744,0,"LAMC1_CD44","LAMC1 - CD44","LAMININ","ECM-Receptor","KEGG: hsa04512"
"Stromal_2","CD8_TRM","LAMC1","CD44",0.0765966837681645,0,"LAMC1_CD44","LAMC1 - CD44","LAMININ","ECM-Receptor","KEGG: hsa04512"
"Stromal_2","Treg","LAMC1","CD44",0.0759995130951889,0,"LAMC1_CD44","LAMC1 - CD44","LAMININ","ECM-Receptor","KEGG: hsa04512"
"Stromal_2","cDC2","LAMC1","CD44",0.0451286878799732,0,"LAMC1_CD44","LAMC1 - CD44","LAMININ","ECM-Receptor","KEGG: hsa04512"
"Stromal_2","Stromal_2","LAMC1","CD44",0.0368544288205747,0,"LAMC1_CD44","LAMC1 - CD44","LAMININ","ECM-Receptor","KEGG: hsa04512"
"Stromal_2","LAMP3_DC","LAMC1","CD44",0.0670401934185253,0,"LAMC1_CD44","LAMC1 - CD44","LAMININ","ECM-Receptor","KEGG: hsa04512"
"Stromal_2","Cycling","LAMC1","CD44",0.0584108954218679,0,"LAMC1_CD44","LAMC1 - CD44","LAMININ","ECM-Receptor","KEGG: hsa04512"
"Stromal_1","B_Cell","LTE4-DPEP1","CYSLTR1",0.0227172741377024,0,"LTE4-DPEP1_CYSLTR1","LTE4-DPEP1 - CYSLTR1","CysLTs","Non-protein Signaling","PMID:33753496"
"Stromal_1","cDC2","LTE4-DPEP1","CYSLTR1",0.0159109767033672,0,"LTE4-DPEP1_CYSLTR1","LTE4-DPEP1 - CYSLTR1","CysLTs","Non-protein Signaling","PMID:33753496"
"Stromal_1","Stromal_2","LTE4-DPEP1","CYSLTR1",0.0185065271893436,0,"LTE4-DPEP1_CYSLTR1","LTE4-DPEP1 - CYSLTR1","CysLTs","Non-protein Signaling","PMID:33753496"
"NK","NK","PGE2-PTGES3","PTGER2",0.149907590240334,0,"PGE2-PTGES3_PTGER2","PGE2-PTGES3 - PTGER2","Prostaglandin","Non-protein Signaling","PMID: 34949672;PMID: 21508345"
"CD4_T","NK","PGE2-PTGES3","PTGER2",0.169407966119249,0,"PGE2-PTGES3_PTGER2","PGE2-PTGES3 - PTGER2","Prostaglandin","Non-protein Signaling","PMID: 34949672;PMID: 21508345"
"CD8_Cytotoxic","NK","PGE2-PTGES3","PTGER2",0.166208323121718,0,"PGE2-PTGES3_PTGER2","PGE2-PTGES3 - PTGER2","Prostaglandin","Non-protein Signaling","PMID: 34949672;PMID: 21508345"
"B_Cell","NK","PGE2-PTGES3","PTGER2",0.169349617458729,0,"PGE2-PTGES3_PTGER2","PGE2-PTGES3 - PTGER2","Prostaglandin","Non-protein Signaling","PMID: 34949672;PMID: 21508345"
"Inflammatory_Macrophage","NK","PGE2-PTGES3","PTGER2",0.16481637988182,0,"PGE2-PTGES3_PTGER2","PGE2-PTGES3 - PTGER2","Prostaglandin","Non-protein Signaling","PMID: 34949672;PMID: 21508345"
"CD8_TRM","NK","PGE2-PTGES3","PTGER2",0.17438147377474,0,"PGE2-PTGES3_PTGER2","PGE2-PTGES3 - PTGER2","Prostaglandin","Non-protein Signaling","PMID: 34949672;PMID: 21508345"
"Treg","NK","PGE2-PTGES3","PTGER2",0.172368239261953,0,"PGE2-PTGES3_PTGER2","PGE2-PTGES3 - PTGER2","Prostaglandin","Non-protein Signaling","PMID: 34949672;PMID: 21508345"
"cDC2","NK","PGE2-PTGES3","PTGER2",0.156467224670946,0,"PGE2-PTGES3_PTGER2","PGE2-PTGES3 - PTGER2","Prostaglandin","Non-protein Signaling","PMID: 34949672;PMID: 21508345"
"Stromal_1","NK","PGE2-PTGES3","PTGER2",0.154849955571097,0,"PGE2-PTGES3_PTGER2","PGE2-PTGES3 - PTGER2","Prostaglandin","Non-protein Signaling","PMID: 34949672;PMID: 21508345"
"Stromal_2","NK","PGE2-PTGES3","PTGER2",0.197598728226189,0,"PGE2-PTGES3_PTGER2","PGE2-PTGES3 - PTGER2","Prostaglandin","Non-protein Signaling","PMID: 34949672;PMID: 21508345"
"LAMP3_DC","NK","PGE2-PTGES3","PTGER2",0.175285249756917,0,"PGE2-PTGES3_PTGER2","PGE2-PTGES3 - PTGER2","Prostaglandin","Non-protein Signaling","PMID: 34949672;PMID: 21508345"
"Cycling","NK","PGE2-PTGES3","PTGER2",0.206835419738293,0,"PGE2-PTGES3_PTGER2","PGE2-PTGES3 - PTGER2","Prostaglandin","Non-protein Signaling","PMID: 34949672;PMID: 21508345"
"Stromal_2","CD4_T","PGE2-PTGES3","PTGER2",0.0652178241364548,0,"PGE2-PTGES3_PTGER2","PGE2-PTGES3 - PTGER2","Prostaglandin","Non-protein Signaling","PMID: 34949672;PMID: 21508345"
"Cycling","CD4_T","PGE2-PTGES3","PTGER2",0.0687969722172046,0,"PGE2-PTGES3_PTGER2","PGE2-PTGES3 - PTGER2","Prostaglandin","Non-protein Signaling","PMID: 34949672;PMID: 21508345"
"NK","CD8_Cytotoxic","PGE2-PTGES3","PTGER2",0.133009359263138,0,"PGE2-PTGES3_PTGER2","PGE2-PTGES3 - PTGER2","Prostaglandin","Non-protein Signaling","PMID: 34949672;PMID: 21508345"
"CD4_T","CD8_Cytotoxic","PGE2-PTGES3","PTGER2",0.150701251432971,0,"PGE2-PTGES3_PTGER2","PGE2-PTGES3 - PTGER2","Prostaglandin","Non-protein Signaling","PMID: 34949672;PMID: 21508345"
"CD8_Cytotoxic","CD8_Cytotoxic","PGE2-PTGES3","PTGER2",0.147792058149873,0,"PGE2-PTGES3_PTGER2","PGE2-PTGES3 - PTGER2","Prostaglandin","Non-protein Signaling","PMID: 34949672;PMID: 21508345"
"B_Cell","CD8_Cytotoxic","PGE2-PTGES3","PTGER2",0.150648177255213,0,"PGE2-PTGES3_PTGER2","PGE2-PTGES3 - PTGER2","Prostaglandin","Non-protein Signaling","PMID: 34949672;PMID: 21508345"
"Inflammatory_Macrophage","CD8_Cytotoxic","PGE2-PTGES3","PTGER2",0.146527241567402,0,"PGE2-PTGES3_PTGER2","PGE2-PTGES3 - PTGER2","Prostaglandin","Non-protein Signaling","PMID: 34949672;PMID: 21508345"
"CD8_TRM","CD8_Cytotoxic","PGE2-PTGES3","PTGER2",0.155228202478828,0,"PGE2-PTGES3_PTGER2","PGE2-PTGES3 - PTGER2","Prostaglandin","Non-protein Signaling","PMID: 34949672;PMID: 21508345"
"Treg","CD8_Cytotoxic","PGE2-PTGES3","PTGER2",0.153395008899388,0,"PGE2-PTGES3_PTGER2","PGE2-PTGES3 - PTGER2","Prostaglandin","Non-protein Signaling","PMID: 34949672;PMID: 21508345"
"cDC2","CD8_Cytotoxic","PGE2-PTGES3","PTGER2",0.138950425711873,0,"PGE2-PTGES3_PTGER2","PGE2-PTGES3 - PTGER2","Prostaglandin","Non-protein Signaling","PMID: 34949672;PMID: 21508345"
"Stromal_1","CD8_Cytotoxic","PGE2-PTGES3","PTGER2",0.137484703130951,0,"PGE2-PTGES3_PTGER2","PGE2-PTGES3 - PTGER2","Prostaglandin","Non-protein Signaling","PMID: 34949672;PMID: 21508345"
"Stromal_2","CD8_Cytotoxic","PGE2-PTGES3","PTGER2",0.176440348048325,0,"PGE2-PTGES3_PTGER2","PGE2-PTGES3 - PTGER2","Prostaglandin","Non-protein Signaling","PMID: 34949672;PMID: 21508345"
"LAMP3_DC","CD8_Cytotoxic","PGE2-PTGES3","PTGER2",0.156051474350213,0,"PGE2-PTGES3_PTGER2","PGE2-PTGES3 - PTGER2","Prostaglandin","Non-protein Signaling","PMID: 34949672;PMID: 21508345"
"Cycling","CD8_Cytotoxic","PGE2-PTGES3","PTGER2",0.18491592547734,0,"PGE2-PTGES3_PTGER2","PGE2-PTGES3 - PTGER2","Prostaglandin","Non-protein Signaling","PMID: 34949672;PMID: 21508345"
"NK","Cycling","PGE2-PTGES3","PTGER2",0.149835331446916,0,"PGE2-PTGES3_PTGER2","PGE2-PTGES3 - PTGER2","Prostaglandin","Non-protein Signaling","PMID: 34949672;PMID: 21508345"
"CD4_T","Cycling","PGE2-PTGES3","PTGER2",0.169328180001055,0,"PGE2-PTGES3_PTGER2","PGE2-PTGES3 - PTGER2","Prostaglandin","Non-protein Signaling","PMID: 34949672;PMID: 21508345"
"CD8_Cytotoxic","Cycling","PGE2-PTGES3","PTGER2",0.166129742532379,0,"PGE2-PTGES3_PTGER2","PGE2-PTGES3 - PTGER2","Prostaglandin","Non-protein Signaling","PMID: 34949672;PMID: 21508345"
"B_Cell","Cycling","PGE2-PTGES3","PTGER2",0.169269853220656,0,"PGE2-PTGES3_PTGER2","PGE2-PTGES3 - PTGER2","Prostaglandin","Non-protein Signaling","PMID: 34949672;PMID: 21508345"
"Inflammatory_Macrophage","Cycling","PGE2-PTGES3","PTGER2",0.164738327357298,0,"PGE2-PTGES3_PTGER2","PGE2-PTGES3 - PTGER2","Prostaglandin","Non-protein Signaling","PMID: 34949672;PMID: 21508345"
"CD8_TRM","Cycling","PGE2-PTGES3","PTGER2",0.174299836829753,0,"PGE2-PTGES3_PTGER2","PGE2-PTGES3 - PTGER2","Prostaglandin","Non-protein Signaling","PMID: 34949672;PMID: 21508345"
"Treg","Cycling","PGE2-PTGES3","PTGER2",0.172287348138162,0,"PGE2-PTGES3_PTGER2","PGE2-PTGES3 - PTGER2","Prostaglandin","Non-protein Signaling","PMID: 34949672;PMID: 21508345"
"cDC2","Cycling","PGE2-PTGES3","PTGER2",0.156392385683948,0,"PGE2-PTGES3_PTGER2","PGE2-PTGES3 - PTGER2","Prostaglandin","Non-protein Signaling","PMID: 34949672;PMID: 21508345"
"Stromal_1","Cycling","PGE2-PTGES3","PTGER2",0.154775748196853,0,"PGE2-PTGES3_PTGER2","PGE2-PTGES3 - PTGER2","Prostaglandin","Non-protein Signaling","PMID: 34949672;PMID: 21508345"
"Stromal_2","Cycling","PGE2-PTGES3","PTGER2",0.19750882227467,0,"PGE2-PTGES3_PTGER2","PGE2-PTGES3 - PTGER2","Prostaglandin","Non-protein Signaling","PMID: 34949672;PMID: 21508345"
"LAMP3_DC","Cycling","PGE2-PTGES3","PTGER2",0.175203279494152,0,"PGE2-PTGES3_PTGER2","PGE2-PTGES3 - PTGER2","Prostaglandin","Non-protein Signaling","PMID: 34949672;PMID: 21508345"
"Cycling","Cycling","PGE2-PTGES3","PTGER2",0.206742393986826,0,"PGE2-PTGES3_PTGER2","PGE2-PTGES3 - PTGER2","Prostaglandin","Non-protein Signaling","PMID: 34949672;PMID: 21508345"
"CD4_T","NK","PGE2-PTGES3","PTGER4",0.0731981953755392,0,"PGE2-PTGES3_PTGER4","PGE2-PTGES3 - PTGER4","Prostaglandin","Non-protein Signaling","PMID: 34949672;PMID: 21508345"
"CD8_Cytotoxic","NK","PGE2-PTGES3","PTGER4",0.071658913746593,0,"PGE2-PTGES3_PTGER4","PGE2-PTGES3 - PTGER4","Prostaglandin","Non-protein Signaling","PMID: 34949672;PMID: 21508345"
"B_Cell","NK","PGE2-PTGES3","PTGER4",0.0731700647610335,0,"PGE2-PTGES3_PTGER4","PGE2-PTGES3 - PTGER4","Prostaglandin","Non-protein Signaling","PMID: 34949672;PMID: 21508345"
"Inflammatory_Macrophage","NK","PGE2-PTGES3","PTGER4",0.0709913745728986,0,"PGE2-PTGES3_PTGER4","PGE2-PTGES3 - PTGER4","Prostaglandin","Non-protein Signaling","PMID: 34949672;PMID: 21508345"
"CD8_TRM","NK","PGE2-PTGES3","PTGER4",0.0756042630633385,0,"PGE2-PTGES3_PTGER4","PGE2-PTGES3 - PTGER4","Prostaglandin","Non-protein Signaling","PMID: 34949672;PMID: 21508345"
"Treg","NK","PGE2-PTGES3","PTGER4",0.074628331513711,0,"PGE2-PTGES3_PTGER4","PGE2-PTGES3 - PTGER4","Prostaglandin","Non-protein Signaling","PMID: 34949672;PMID: 21508345"
"Stromal_2","NK","PGE2-PTGES3","PTGER4",0.0870569888331869,0,"PGE2-PTGES3_PTGER4","PGE2-PTGES3 - PTGER4","Prostaglandin","Non-protein Signaling","PMID: 34949672;PMID: 21508345"
"LAMP3_DC","NK","PGE2-PTGES3","PTGER4",0.0760432530515073,0.03,"PGE2-PTGES3_PTGER4","PGE2-PTGES3 - PTGER4","Prostaglandin","Non-protein Signaling","PMID: 34949672;PMID: 21508345"
"Cycling","NK","PGE2-PTGES3","PTGER4",0.091717073147855,0,"PGE2-PTGES3_PTGER4","PGE2-PTGES3 - PTGER4","Prostaglandin","Non-protein Signaling","PMID: 34949672;PMID: 21508345"
"CD4_T","CD4_T","PGE2-PTGES3","PTGER4",0.0701584935127139,0.01,"PGE2-PTGES3_PTGER4","PGE2-PTGES3 - PTGER4","Prostaglandin","Non-protein Signaling","PMID: 34949672;PMID: 21508345"
"CD8_Cytotoxic","CD4_T","PGE2-PTGES3","PTGER4",0.0686783968739201,0,"PGE2-PTGES3_PTGER4","PGE2-PTGES3 - PTGER4","Prostaglandin","Non-protein Signaling","PMID: 34949672;PMID: 21508345"
"B_Cell","CD4_T","PGE2-PTGES3","PTGER4",0.070131442681756,0,"PGE2-PTGES3_PTGER4","PGE2-PTGES3 - PTGER4","Prostaglandin","Non-protein Signaling","PMID: 34949672;PMID: 21508345"
"Inflammatory_Macrophage","CD4_T","PGE2-PTGES3","PTGER4",0.0680365878754003,0.03,"PGE2-PTGES3_PTGER4","PGE2-PTGES3 - PTGER4","Prostaglandin","Non-protein Signaling","PMID: 34949672;PMID: 21508345"
"CD8_TRM","CD4_T","PGE2-PTGES3","PTGER4",0.0724724575358088,0,"PGE2-PTGES3_PTGER4","PGE2-PTGES3 - PTGER4","Prostaglandin","Non-protein Signaling","PMID: 34949672;PMID: 21508345"
"Treg","CD4_T","PGE2-PTGES3","PTGER4",0.0715338242525138,0,"PGE2-PTGES3_PTGER4","PGE2-PTGES3 - PTGER4","Prostaglandin","Non-protein Signaling","PMID: 34949672;PMID: 21508345"
"Stromal_2","CD4_T","PGE2-PTGES3","PTGER4",0.0834936196376859,0,"PGE2-PTGES3_PTGER4","PGE2-PTGES3 - PTGER4","Prostaglandin","Non-protein Signaling","PMID: 34949672;PMID: 21508345"
"LAMP3_DC","CD4_T","PGE2-PTGES3","PTGER4",0.0728946969240467,0.03,"PGE2-PTGES3_PTGER4","PGE2-PTGES3 - PTGER4","Prostaglandin","Non-protein Signaling","PMID: 34949672;PMID: 21508345"
"Cycling","CD4_T","PGE2-PTGES3","PTGER4",0.0879813421384462,0,"PGE2-PTGES3_PTGER4","PGE2-PTGES3 - PTGER4","Prostaglandin","Non-protein Signaling","PMID: 34949672;PMID: 21508345"
"CD4_T","CD8_Cytotoxic","PGE2-PTGES3","PTGER4",0.0685051498702399,0.02,"PGE2-PTGES3_PTGER4","PGE2-PTGES3 - PTGER4","Prostaglandin","Non-protein Signaling","PMID: 34949672;PMID: 21508345"
"B_Cell","CD8_Cytotoxic","PGE2-PTGES3","PTGER4",0.0684786895675301,0.03,"PGE2-PTGES3_PTGER4","PGE2-PTGES3 - PTGER4","Prostaglandin","Non-protein Signaling","PMID: 34949672;PMID: 21508345"
"CD8_TRM","CD8_Cytotoxic","PGE2-PTGES3","PTGER4",0.0707687336218368,0,"PGE2-PTGES3_PTGER4","PGE2-PTGES3 - PTGER4","Prostaglandin","Non-protein Signaling","PMID: 34949672;PMID: 21508345"
"Treg","CD8_Cytotoxic","PGE2-PTGES3","PTGER4",0.0698505045186923,0,"PGE2-PTGES3_PTGER4","PGE2-PTGES3 - PTGER4","Prostaglandin","Non-protein Signaling","PMID: 34949672;PMID: 21508345"
"Stromal_2","CD8_Cytotoxic","PGE2-PTGES3","PTGER4",0.0815535847986044,0,"PGE2-PTGES3_PTGER4","PGE2-PTGES3 - PTGER4","Prostaglandin","Non-protein Signaling","PMID: 34949672;PMID: 21508345"
"LAMP3_DC","CD8_Cytotoxic","PGE2-PTGES3","PTGER4",0.0711818085412452,0.04,"PGE2-PTGES3_PTGER4","PGE2-PTGES3 - PTGER4","Prostaglandin","Non-protein Signaling","PMID: 34949672;PMID: 21508345"
"Cycling","CD8_Cytotoxic","PGE2-PTGES3","PTGER4",0.0859468104066072,0.01,"PGE2-PTGES3_PTGER4","PGE2-PTGES3 - PTGER4","Prostaglandin","Non-protein Signaling","PMID: 34949672;PMID: 21508345"
"CD4_T","Inflammatory_Macrophage","PGE2-PTGES3","PTGER4",0.0695649084846251,0.01,"PGE2-PTGES3_PTGER4","PGE2-PTGES3 - PTGER4","Prostaglandin","Non-protein Signaling","PMID: 34949672;PMID: 21508345"
"CD8_Cytotoxic","Inflammatory_Macrophage","PGE2-PTGES3","PTGER4",0.0680964173134557,0.01,"PGE2-PTGES3_PTGER4","PGE2-PTGES3 - PTGER4","Prostaglandin","Non-protein Signaling","PMID: 34949672;PMID: 21508345"
"B_Cell","Inflammatory_Macrophage","PGE2-PTGES3","PTGER4",0.069538069404937,0.01,"PGE2-PTGES3_PTGER4","PGE2-PTGES3 - PTGER4","Prostaglandin","Non-protein Signaling","PMID: 34949672;PMID: 21508345"
"CD8_TRM","Inflammatory_Macrophage","PGE2-PTGES3","PTGER4",0.0718608079274537,0,"PGE2-PTGES3_PTGER4","PGE2-PTGES3 - PTGER4","Prostaglandin","Non-protein Signaling","PMID: 34949672;PMID: 21508345"
"Treg","Inflammatory_Macrophage","PGE2-PTGES3","PTGER4",0.0709294906817977,0.01,"PGE2-PTGES3_PTGER4","PGE2-PTGES3 - PTGER4","Prostaglandin","Non-protein Signaling","PMID: 34949672;PMID: 21508345"
"Stromal_2","Inflammatory_Macrophage","PGE2-PTGES3","PTGER4",0.0827972573625393,0,"PGE2-PTGES3_PTGER4","PGE2-PTGES3 - PTGER4","Prostaglandin","Non-protein Signaling","PMID: 34949672;PMID: 21508345"
"LAMP3_DC","Inflammatory_Macrophage","PGE2-PTGES3","PTGER4",0.072279761421319,0.03,"PGE2-PTGES3_PTGER4","PGE2-PTGES3 - PTGER4","Prostaglandin","Non-protein Signaling","PMID: 34949672;PMID: 21508345"
"Cycling","Inflammatory_Macrophage","PGE2-PTGES3","PTGER4",0.0872511141142131,0.02,"PGE2-PTGES3_PTGER4","PGE2-PTGES3 - PTGER4","Prostaglandin","Non-protein Signaling","PMID: 34949672;PMID: 21508345"
"CD4_T","CD8_TRM","PGE2-PTGES3","PTGER4",0.073217430989709,0,"PGE2-PTGES3_PTGER4","PGE2-PTGES3 - PTGER4","Prostaglandin","Non-protein Signaling","PMID: 34949672;PMID: 21508345"
"CD8_Cytotoxic","CD8_TRM","PGE2-PTGES3","PTGER4",0.0716777761398173,0,"PGE2-PTGES3_PTGER4","PGE2-PTGES3 - PTGER4","Prostaglandin","Non-protein Signaling","PMID: 34949672;PMID: 21508345"
"B_Cell","CD8_TRM","PGE2-PTGES3","PTGER4",0.0731892935665879,0,"PGE2-PTGES3_PTGER4","PGE2-PTGES3 - PTGER4","Prostaglandin","Non-protein Signaling","PMID: 34949672;PMID: 21508345"
"Inflammatory_Macrophage","CD8_TRM","PGE2-PTGES3","PTGER4",0.0710100746938601,0,"PGE2-PTGES3_PTGER4","PGE2-PTGES3 - PTGER4","Prostaglandin","Non-protein Signaling","PMID: 34949672;PMID: 21508345"
"CD8_TRM","CD8_TRM","PGE2-PTGES3","PTGER4",0.0756240793709259,0,"PGE2-PTGES3_PTGER4","PGE2-PTGES3 - PTGER4","Prostaglandin","Non-protein Signaling","PMID: 34949672;PMID: 21508345"
"Treg","CD8_TRM","PGE2-PTGES3","PTGER4",0.0746479126805287,0,"PGE2-PTGES3_PTGER4","PGE2-PTGES3 - PTGER4","Prostaglandin","Non-protein Signaling","PMID: 34949672;PMID: 21508345"
"Stromal_2","CD8_TRM","PGE2-PTGES3","PTGER4",0.0870795241888002,0,"PGE2-PTGES3_PTGER4","PGE2-PTGES3 - PTGER4","Prostaglandin","Non-protein Signaling","PMID: 34949672;PMID: 21508345"
"LAMP3_DC","CD8_TRM","PGE2-PTGES3","PTGER4",0.0760631749531013,0.03,"PGE2-PTGES3_PTGER4","PGE2-PTGES3 - PTGER4","Prostaglandin","Non-protein Signaling","PMID: 34949672;PMID: 21508345"
"Cycling","CD8_TRM","PGE2-PTGES3","PTGER4",0.0917406935816894,0,"PGE2-PTGES3_PTGER4","PGE2-PTGES3 - PTGER4","Prostaglandin","Non-protein Signaling","PMID: 34949672;PMID: 21508345"
"Stromal_2","Treg","PGE2-PTGES3","PTGER4",0.0758385188849188,0,"PGE2-PTGES3_PTGER4","PGE2-PTGES3 - PTGER4","Prostaglandin","Non-protein Signaling","PMID: 34949672;PMID: 21508345"
"Cycling","Treg","PGE2-PTGES3","PTGER4",0.0799506782232088,0.04,"PGE2-PTGES3_PTGER4","PGE2-PTGES3 - PTGER4","Prostaglandin","Non-protein Signaling","PMID: 34949672;PMID: 21508345"
"Stromal_2","cDC2","PGE2-PTGES3","PTGER4",0.0721026806082515,0.01,"PGE2-PTGES3_PTGER4","PGE2-PTGES3 - PTGER4","Prostaglandin","Non-protein Signaling","PMID: 34949672;PMID: 21508345"
"CD4_T","Cycling","PGE2-PTGES3","PTGER4",0.162020891138569,0.02,"PGE2-PTGES3_PTGER4","PGE2-PTGES3 - PTGER4","Prostaglandin","Non-protein Signaling","PMID: 34949672;PMID: 21508345"
"CD8_Cytotoxic","Cycling","PGE2-PTGES3","PTGER4",0.158934071911394,0.02,"PGE2-PTGES3_PTGER4","PGE2-PTGES3 - PTGER4","Prostaglandin","Non-protein Signaling","PMID: 34949672;PMID: 21508345"
"B_Cell","Cycling","PGE2-PTGES3","PTGER4",0.161964590648073,0.03,"PGE2-PTGES3_PTGER4","PGE2-PTGES3 - PTGER4","Prostaglandin","Non-protein Signaling","PMID: 34949672;PMID: 21508345"
"Inflammatory_Macrophage","Cycling","PGE2-PTGES3","PTGER4",0.157591534109714,0.03,"PGE2-PTGES3_PTGER4","PGE2-PTGES3 - PTGER4","Prostaglandin","Non-protein Signaling","PMID: 34949672;PMID: 21508345"
"CD8_TRM","Cycling","PGE2-PTGES3","PTGER4",0.166821085471324,0.01,"PGE2-PTGES3_PTGER4","PGE2-PTGES3 - PTGER4","Prostaglandin","Non-protein Signaling","PMID: 34949672;PMID: 21508345"
"Treg","Cycling","PGE2-PTGES3","PTGER4",0.164877704725981,0.01,"PGE2-PTGES3_PTGER4","PGE2-PTGES3 - PTGER4","Prostaglandin","Non-protein Signaling","PMID: 34949672;PMID: 21508345"
"Stromal_2","Cycling","PGE2-PTGES3","PTGER4",0.189262494228265,0,"PGE2-PTGES3_PTGER4","PGE2-PTGES3 - PTGER4","Prostaglandin","Non-protein Signaling","PMID: 34949672;PMID: 21508345"
"LAMP3_DC","Cycling","PGE2-PTGES3","PTGER4",0.167693636525885,0.02,"PGE2-PTGES3_PTGER4","PGE2-PTGES3 - PTGER4","Prostaglandin","Non-protein Signaling","PMID: 34949672;PMID: 21508345"
"Cycling","Cycling","PGE2-PTGES3","PTGER4",0.198205766848573,0,"PGE2-PTGES3_PTGER4","PGE2-PTGES3 - PTGER4","Prostaglandin","Non-protein Signaling","PMID: 34949672;PMID: 21508345"
"cDC2","B_Cell","2AG-DAGLB","CNR2",0.0121655757163811,0,"2arachidonoylglycerol-2AG-DAGLB_CNR2","2AG-DAGLB - CNR2","2-AG","Non-protein Signaling","PMID: 15115778"
"NK","NK","Cholesterol-LIPA","RORA",0.078604539797742,0,"Cholesterol-Cholesterol-LIPA_RORA","CHOLESTEROL-LIPA - RORA","Cholesterol","Non-protein Signaling","HMRbase;PMID:12467577;PDB:1N83"
"B_Cell","NK","Cholesterol-LIPA","RORA",0.0717726035572585,0,"Cholesterol-Cholesterol-LIPA_RORA","CHOLESTEROL-LIPA - RORA","Cholesterol","Non-protein Signaling","HMRbase;PMID:12467577;PDB:1N83"
"Inflammatory_Macrophage","NK","Cholesterol-LIPA","RORA",0.245586868618945,0,"Cholesterol-Cholesterol-LIPA_RORA","CHOLESTEROL-LIPA - RORA","Cholesterol","Non-protein Signaling","HMRbase;PMID:12467577;PDB:1N83"
"Treg","NK","Cholesterol-LIPA","RORA",0.0672675370472714,0,"Cholesterol-Cholesterol-LIPA_RORA","CHOLESTEROL-LIPA - RORA","Cholesterol","Non-protein Signaling","HMRbase;PMID:12467577;PDB:1N83"
"cDC2","NK","Cholesterol-LIPA","RORA",0.0790330094641764,0,"Cholesterol-Cholesterol-LIPA_RORA","CHOLESTEROL-LIPA - RORA","Cholesterol","Non-protein Signaling","HMRbase;PMID:12467577;PDB:1N83"
"Stromal_2","NK","Cholesterol-LIPA","RORA",0.0640758415578166,0.01,"Cholesterol-Cholesterol-LIPA_RORA","CHOLESTEROL-LIPA - RORA","Cholesterol","Non-protein Signaling","HMRbase;PMID:12467577;PDB:1N83"
"NK","CD4_T","Cholesterol-LIPA","RORA",0.0702716812562415,0,"Cholesterol-Cholesterol-LIPA_RORA","CHOLESTEROL-LIPA - RORA","Cholesterol","Non-protein Signaling","HMRbase;PMID:12467577;PDB:1N83"
"B_Cell","CD4_T","Cholesterol-LIPA","RORA",0.0641136020243285,0.01,"Cholesterol-Cholesterol-LIPA_RORA","CHOLESTEROL-LIPA - RORA","Cholesterol","Non-protein Signaling","HMRbase;PMID:12467577;PDB:1N83"
"Inflammatory_Macrophage","CD4_T","Cholesterol-LIPA","RORA",0.22385287602827,0,"Cholesterol-Cholesterol-LIPA_RORA","CHOLESTEROL-LIPA - RORA","Cholesterol","Non-protein Signaling","HMRbase;PMID:12467577;PDB:1N83"
"Treg","CD4_T","Cholesterol-LIPA","RORA",0.0600581752309588,0.04,"Cholesterol-Cholesterol-LIPA_RORA","CHOLESTEROL-LIPA - RORA","Cholesterol","Non-protein Signaling","HMRbase;PMID:12467577;PDB:1N83"
"cDC2","CD4_T","Cholesterol-LIPA","RORA",0.0706582121379838,0,"Cholesterol-Cholesterol-LIPA_RORA","CHOLESTEROL-LIPA - RORA","Cholesterol","Non-protein Signaling","HMRbase;PMID:12467577;PDB:1N83"
"NK","CD8_Cytotoxic","Cholesterol-LIPA","RORA",0.0816710209046681,0,"Cholesterol-Cholesterol-LIPA_RORA","CHOLESTEROL-LIPA - RORA","Cholesterol","Non-protein Signaling","HMRbase;PMID:12467577;PDB:1N83"
"B_Cell","CD8_Cytotoxic","Cholesterol-LIPA","RORA",0.0745941377751998,0,"Cholesterol-Cholesterol-LIPA_RORA","CHOLESTEROL-LIPA - RORA","Cholesterol","Non-protein Signaling","HMRbase;PMID:12467577;PDB:1N83"
"Inflammatory_Macrophage","CD8_Cytotoxic","Cholesterol-LIPA","RORA",0.253376220689427,0,"Cholesterol-Cholesterol-LIPA_RORA","CHOLESTEROL-LIPA - RORA","Cholesterol","Non-protein Signaling","HMRbase;PMID:12467577;PDB:1N83"
"Treg","CD8_Cytotoxic","Cholesterol-LIPA","RORA",0.0699253090839864,0,"Cholesterol-Cholesterol-LIPA_RORA","CHOLESTEROL-LIPA - RORA","Cholesterol","Non-protein Signaling","HMRbase;PMID:12467577;PDB:1N83"
"cDC2","CD8_Cytotoxic","Cholesterol-LIPA","RORA",0.0821147161542812,0,"Cholesterol-Cholesterol-LIPA_RORA","CHOLESTEROL-LIPA - RORA","Cholesterol","Non-protein Signaling","HMRbase;PMID:12467577;PDB:1N83"
"Stromal_2","CD8_Cytotoxic","Cholesterol-LIPA","RORA",0.0666165147541564,0,"Cholesterol-Cholesterol-LIPA_RORA","CHOLESTEROL-LIPA - RORA","Cholesterol","Non-protein Signaling","HMRbase;PMID:12467577;PDB:1N83"
"NK","CD8_TRM","Cholesterol-LIPA","RORA",0.0631699001799739,0.01,"Cholesterol-Cholesterol-LIPA_RORA","CHOLESTEROL-LIPA - RORA","Cholesterol","Non-protein Signaling","HMRbase;PMID:12467577;PDB:1N83"
"Inflammatory_Macrophage","CD8_TRM","Cholesterol-LIPA","RORA",0.204646339211823,0,"Cholesterol-Cholesterol-LIPA_RORA","CHOLESTEROL-LIPA - RORA","Cholesterol","Non-protein Signaling","HMRbase;PMID:12467577;PDB:1N83"
"cDC2","CD8_TRM","Cholesterol-LIPA","RORA",0.0635200364235382,0.01,"Cholesterol-Cholesterol-LIPA_RORA","CHOLESTEROL-LIPA - RORA","Cholesterol","Non-protein Signaling","HMRbase;PMID:12467577;PDB:1N83"
"NK","Treg","Cholesterol-LIPA","RORA",0.0663963713292199,0,"Cholesterol-Cholesterol-LIPA_RORA","CHOLESTEROL-LIPA - RORA","Cholesterol","Non-protein Signaling","HMRbase;PMID:12467577;PDB:1N83"
"B_Cell","Treg","Cholesterol-LIPA","RORA",0.0605557757060902,0.03,"Cholesterol-Cholesterol-LIPA_RORA","CHOLESTEROL-LIPA - RORA","Cholesterol","Non-protein Signaling","HMRbase;PMID:12467577;PDB:1N83"
"Inflammatory_Macrophage","Treg","Cholesterol-LIPA","RORA",0.213452447639842,0,"Cholesterol-Cholesterol-LIPA_RORA","CHOLESTEROL-LIPA - RORA","Cholesterol","Non-protein Signaling","HMRbase;PMID:12467577;PDB:1N83"
"cDC2","Treg","Cholesterol-LIPA","RORA",0.0667631166887041,0.01,"Cholesterol-Cholesterol-LIPA_RORA","CHOLESTEROL-LIPA - RORA","Cholesterol","Non-protein Signaling","HMRbase;PMID:12467577;PDB:1N83"
"Inflammatory_Macrophage","Stromal_1","Cholesterol-LIPA","RORA",0.0763058201531367,0,"Cholesterol-Cholesterol-LIPA_RORA","CHOLESTEROL-LIPA - RORA","Cholesterol","Non-protein Signaling","HMRbase;PMID:12467577;PDB:1N83"
"NK","LAMP3_DC","Cholesterol-LIPA","RORA",0.0844269217113577,0,"Cholesterol-Cholesterol-LIPA_RORA","CHOLESTEROL-LIPA - RORA","Cholesterol","Non-protein Signaling","HMRbase;PMID:12467577;PDB:1N83"
"B_Cell","LAMP3_DC","Cholesterol-LIPA","RORA",0.0771312939516609,0,"Cholesterol-Cholesterol-LIPA_RORA","CHOLESTEROL-LIPA - RORA","Cholesterol","Non-protein Signaling","HMRbase;PMID:12467577;PDB:1N83"
"Inflammatory_Macrophage","LAMP3_DC","Cholesterol-LIPA","RORA",0.260283921139783,0,"Cholesterol-Cholesterol-LIPA_RORA","CHOLESTEROL-LIPA - RORA","Cholesterol","Non-protein Signaling","HMRbase;PMID:12467577;PDB:1N83"
"Treg","LAMP3_DC","Cholesterol-LIPA","RORA",0.0723160747454233,0,"Cholesterol-Cholesterol-LIPA_RORA","CHOLESTEROL-LIPA - RORA","Cholesterol","Non-protein Signaling","HMRbase;PMID:12467577;PDB:1N83"
"cDC2","LAMP3_DC","Cholesterol-LIPA","RORA",0.0848842050666238,0,"Cholesterol-Cholesterol-LIPA_RORA","CHOLESTEROL-LIPA - RORA","Cholesterol","Non-protein Signaling","HMRbase;PMID:12467577;PDB:1N83"
"Stromal_2","LAMP3_DC","Cholesterol-LIPA","RORA",0.0689025327045287,0.02,"Cholesterol-Cholesterol-LIPA_RORA","CHOLESTEROL-LIPA - RORA","Cholesterol","Non-protein Signaling","HMRbase;PMID:12467577;PDB:1N83"
"NK","Cycling","Cholesterol-LIPA","RORA",0.0717524081683802,0,"Cholesterol-Cholesterol-LIPA_RORA","CHOLESTEROL-LIPA - RORA","Cholesterol","Non-protein Signaling","HMRbase;PMID:12467577;PDB:1N83"
"B_Cell","Cycling","Cholesterol-LIPA","RORA",0.0654737072089435,0.02,"Cholesterol-Cholesterol-LIPA_RORA","CHOLESTEROL-LIPA - RORA","Cholesterol","Non-protein Signaling","HMRbase;PMID:12467577;PDB:1N83"
"Inflammatory_Macrophage","Cycling","Cholesterol-LIPA","RORA",0.227776941441462,0,"Cholesterol-Cholesterol-LIPA_RORA","CHOLESTEROL-LIPA - RORA","Cholesterol","Non-protein Signaling","HMRbase;PMID:12467577;PDB:1N83"
"cDC2","Cycling","Cholesterol-LIPA","RORA",0.0721464517900194,0.02,"Cholesterol-Cholesterol-LIPA_RORA","CHOLESTEROL-LIPA - RORA","Cholesterol","Non-protein Signaling","HMRbase;PMID:12467577;PDB:1N83"
"NK","Stromal_2","DHEA-STS","ESR1",0.012817423849355,0,"Dehydroepiandrosterone-DHEA-STS_ESR1","DHEA-STS - ESR1","DHEA","Non-protein Signaling","HMRbase"
"Inflammatory_Macrophage","Stromal_2","DHEA-STS","ESR1",0.01124276662923,0,"Dehydroepiandrosterone-DHEA-STS_ESR1","DHEA-STS - ESR1","DHEA","Non-protein Signaling","HMRbase"
"Cycling","Stromal_2","DHEA-STS","ESR1",0.0122958737580357,0,"Dehydroepiandrosterone-DHEA-STS_ESR1","DHEA-STS - ESR1","DHEA","Non-protein Signaling","HMRbase"
"NK","Stromal_1","DHEA-STS","PPARA",0.0576377769768056,0,"Dehydroepiandrosterone-DHEA-STS_PPARA","DHEA-STS - PPARA","DHEA","Non-protein Signaling","HMRbase;PMID:18079279"
"Inflammatory_Macrophage","Stromal_1","DHEA-STS","PPARA",0.0508403886500732,0,"Dehydroepiandrosterone-DHEA-STS_PPARA","DHEA-STS - PPARA","DHEA","Non-protein Signaling","HMRbase;PMID:18079279"
"Cycling","Stromal_1","DHEA-STS","PPARA",0.0553947940450853,0,"Dehydroepiandrosterone-DHEA-STS_PPARA","DHEA-STS - PPARA","DHEA","Non-protein Signaling","HMRbase;PMID:18079279"
"NK","Stromal_2","DHEA-STS","PPARA",0.00990674162860309,0,"Dehydroepiandrosterone-DHEA-STS_PPARA","DHEA-STS - PPARA","DHEA","Non-protein Signaling","HMRbase;PMID:18079279"
"Inflammatory_Macrophage","Stromal_2","DHEA-STS","PPARA",0.00868652354724756,0,"Dehydroepiandrosterone-DHEA-STS_PPARA","DHEA-STS - PPARA","DHEA","Non-protein Signaling","HMRbase;PMID:18079279"
"Cycling","Stromal_2","DHEA-STS","PPARA",0.00950248920077386,0.01,"Dehydroepiandrosterone-DHEA-STS_PPARA","DHEA-STS - PPARA","DHEA","Non-protein Signaling","HMRbase;PMID:18079279"
"Inflammatory_Macrophage","Stromal_1","DHEAS-SULT2B","PPARA",0.0554451945405884,0,"DHEAsulfate-DHEAS-SULT2B_PPARA","DHEAS-SULT2B - PPARA","DHEAS","Non-protein Signaling","HMRbase"
"Inflammatory_Macrophage","Stromal_2","DHEAS-SULT2B","PPARA",0.00951155540484265,0,"DHEAsulfate-DHEAS-SULT2B_PPARA","DHEAS-SULT2B - PPARA","DHEAS","Non-protein Signaling","HMRbase"
"cDC2","Stromal_1","Testosterone-HSD17B12","AR",0.0153798034095448,0,"Testosterone-Testosterone-HSD17B12_AR","TESTOSTERONE-HSD17B12 - AR","Testosterone","Non-protein Signaling","HMRbase;uniprot"
"Stromal_1","Stromal_1","Testosterone-HSD17B12","AR",0.0146953929425986,0,"Testosterone-Testosterone-HSD17B12_AR","TESTOSTERONE-HSD17B12 - AR","Testosterone","Non-protein Signaling","HMRbase;uniprot"
"Stromal_2","Stromal_1","Testosterone-HSD17B12","AR",0.0439515117134137,0,"Testosterone-Testosterone-HSD17B12_AR","TESTOSTERONE-HSD17B12 - AR","Testosterone","Non-protein Signaling","HMRbase;uniprot"
"Cycling","Stromal_1","Testosterone-HSD17B12","AR",0.0127814920777299,0,"Testosterone-Testosterone-HSD17B12_AR","TESTOSTERONE-HSD17B12 - AR","Testosterone","Non-protein Signaling","HMRbase;uniprot"
"cDC2","NK","APP","CD74",0.0883273977194107,0,"APP_CD74","APP - CD74","APP","Cell-Cell Contact","PMID: 19849849"
"Stromal_1","NK","APP","CD74",0.115429936095436,0,"APP_CD74","APP - CD74","APP","Cell-Cell Contact","PMID: 19849849"
"cDC2","CD4_T","APP","CD74",0.0860286159796168,0,"APP_CD74","APP - CD74","APP","Cell-Cell Contact","PMID: 19849849"
"Stromal_1","CD4_T","APP","CD74",0.112512843352751,0,"APP_CD74","APP - CD74","APP","Cell-Cell Contact","PMID: 19849849"
"cDC2","CD8_Cytotoxic","APP","CD74",0.0923087772028013,0,"APP_CD74","APP - CD74","APP","Cell-Cell Contact","PMID: 19849849"
"Stromal_1","CD8_Cytotoxic","APP","CD74",0.120471535760994,0,"APP_CD74","APP - CD74","APP","Cell-Cell Contact","PMID: 19849849"
"cDC2","B_Cell","APP","CD74",0.116243884637585,0,"APP_CD74","APP - CD74","APP","Cell-Cell Contact","PMID: 19849849"
"Stromal_1","B_Cell","APP","CD74",0.150498307758297,0,"APP_CD74","APP - CD74","APP","Cell-Cell Contact","PMID: 19849849"
"cDC2","Inflammatory_Macrophage","APP","CD74",0.111316773044399,0,"APP_CD74","APP - CD74","APP","Cell-Cell Contact","PMID: 19849849"
"Stromal_1","Inflammatory_Macrophage","APP","CD74",0.144356449375842,0,"APP_CD74","APP - CD74","APP","Cell-Cell Contact","PMID: 19849849"
"cDC2","CD8_TRM","APP","CD74",0.0927922087898048,0,"APP_CD74","APP - CD74","APP","Cell-Cell Contact","PMID: 19849849"
"Stromal_1","CD8_TRM","APP","CD74",0.121082784072138,0,"APP_CD74","APP - CD74","APP","Cell-Cell Contact","PMID: 19849849"
"cDC2","Treg","APP","CD74",0.0890251209036481,0,"APP_CD74","APP - CD74","APP","Cell-Cell Contact","PMID: 19849849"
"Stromal_1","Treg","APP","CD74",0.116314435476479,0,"APP_CD74","APP - CD74","APP","Cell-Cell Contact","PMID: 19849849"
"cDC2","cDC2","APP","CD74",0.114132614769588,0,"APP_CD74","APP - CD74","APP","Cell-Cell Contact","PMID: 19849849"
"Stromal_1","cDC2","APP","CD74",0.147868991007382,0,"APP_CD74","APP - CD74","APP","Cell-Cell Contact","PMID: 19849849"
"cDC2","Stromal_1","APP","CD74",0.0837787711867184,0,"APP_CD74","APP - CD74","APP","Cell-Cell Contact","PMID: 19849849"
"Stromal_1","Stromal_1","APP","CD74",0.109653472789047,0,"APP_CD74","APP - CD74","APP","Cell-Cell Contact","PMID: 19849849"
"cDC2","Stromal_2","APP","CD74",0.101878078241697,0,"APP_CD74","APP - CD74","APP","Cell-Cell Contact","PMID: 19849849"
"Stromal_1","Stromal_2","APP","CD74",0.132534076481991,0,"APP_CD74","APP - CD74","APP","Cell-Cell Contact","PMID: 19849849"
"cDC2","LAMP3_DC","APP","CD74",0.0854064416316911,0,"APP_CD74","APP - CD74","APP","Cell-Cell Contact","PMID: 19849849"
"Stromal_1","LAMP3_DC","APP","CD74",0.111722543743449,0,"APP_CD74","APP - CD74","APP","Cell-Cell Contact","PMID: 19849849"
"cDC2","Cycling","APP","CD74",0.0899080453028505,0,"APP_CD74","APP - CD74","APP","Cell-Cell Contact","PMID: 19849849"
"Stromal_1","Cycling","APP","CD74",0.117433118158575,0,"APP_CD74","APP - CD74","APP","Cell-Cell Contact","PMID: 19849849"
"cDC2","cDC2","CADM1","CADM1",0.0191363307331536,0,"CADM1_CADM1","CADM1 - CADM1","CADM","Cell-Cell Contact","PMID: 24503895"
"Stromal_2","cDC2","CADM1","CADM1",0.0182932219074009,0,"CADM1_CADM1","CADM1 - CADM1","CADM","Cell-Cell Contact","PMID: 24503895"
"cDC2","Stromal_2","CADM1","CADM1",0.0182932219074009,0,"CADM1_CADM1","CADM1 - CADM1","CADM","Cell-Cell Contact","PMID: 24503895"
"Stromal_2","Stromal_2","CADM1","CADM1",0.0174865965619315,0,"CADM1_CADM1","CADM1 - CADM1","CADM","Cell-Cell Contact","PMID: 24503895"
"CD4_T","B_Cell","CD40LG","CD40",0.0300506617626764,0,"CD40LG_CD40","CD40LG - CD40","CD40","Cell-Cell Contact","KEGG: hsa04514"
"Treg","B_Cell","CD40LG","CD40",0.0232630598928777,0,"CD40LG_CD40","CD40LG - CD40","CD40","Cell-Cell Contact","KEGG: hsa04514"
"LAMP3_DC","B_Cell","CD40LG","CD40",0.023256790814552,0,"CD40LG_CD40","CD40LG - CD40","CD40","Cell-Cell Contact","KEGG: hsa04514"
"CD4_T","Stromal_2","CD40LG","CD40",0.0175081107723923,0,"CD40LG_CD40","CD40LG - CD40","CD40","Cell-Cell Contact","KEGG: hsa04514"
"Treg","Stromal_2","CD40LG","CD40",0.0135140478894864,0,"CD40LG_CD40","CD40LG - CD40","CD40","Cell-Cell Contact","KEGG: hsa04514"
"LAMP3_DC","Stromal_2","CD40LG","CD40",0.0135103696971544,0,"CD40LG_CD40","CD40LG - CD40","CD40","Cell-Cell Contact","KEGG: hsa04514"
"NK","B_Cell","PTPRC","CD22",0.407917767727202,0,"PTPRC_CD22","PTPRC - CD22","CD45","Cell-Cell Contact","PMID: 12115612"
"CD4_T","B_Cell","PTPRC","CD22",0.40651558182431,0,"PTPRC_CD22","PTPRC - CD22","CD45","Cell-Cell Contact","PMID: 12115612"
"CD8_Cytotoxic","B_Cell","PTPRC","CD22",0.416868491212947,0,"PTPRC_CD22","PTPRC - CD22","CD45","Cell-Cell Contact","PMID: 12115612"
"B_Cell","B_Cell","PTPRC","CD22",0.397224811348556,0,"PTPRC_CD22","PTPRC - CD22","CD45","Cell-Cell Contact","PMID: 12115612"
"Inflammatory_Macrophage","B_Cell","PTPRC","CD22",0.399470126464386,0,"PTPRC_CD22","PTPRC - CD22","CD45","Cell-Cell Contact","PMID: 12115612"
"CD8_TRM","B_Cell","PTPRC","CD22",0.414289332864798,0,"PTPRC_CD22","PTPRC - CD22","CD45","Cell-Cell Contact","PMID: 12115612"
"Treg","B_Cell","PTPRC","CD22",0.414777472225538,0,"PTPRC_CD22","PTPRC - CD22","CD45","Cell-Cell Contact","PMID: 12115612"
"cDC2","B_Cell","PTPRC","CD22",0.370637154315122,0,"PTPRC_CD22","PTPRC - CD22","CD45","Cell-Cell Contact","PMID: 12115612"
"Stromal_2","B_Cell","PTPRC","CD22",0.297252924686591,0,"PTPRC_CD22","PTPRC - CD22","CD45","Cell-Cell Contact","PMID: 12115612"
"LAMP3_DC","B_Cell","PTPRC","CD22",0.409534844531431,0,"PTPRC_CD22","PTPRC - CD22","CD45","Cell-Cell Contact","PMID: 12115612"
"Cycling","B_Cell","PTPRC","CD22",0.386082923734729,0,"PTPRC_CD22","PTPRC - CD22","CD45","Cell-Cell Contact","PMID: 12115612"
"NK","NK","CD48","CD244",0.0953946250304733,0,"CD48_CD244A","CD48 - CD244A","CD48","Cell-Cell Contact","PMID: 26697006"
"CD4_T","NK","CD48","CD244",0.106886917303257,0,"CD48_CD244A","CD48 - CD244A","CD48","Cell-Cell Contact","PMID: 26697006"
"CD8_Cytotoxic","NK","CD48","CD244",0.102002802402946,0,"CD48_CD244A","CD48 - CD244A","CD48","Cell-Cell Contact","PMID: 26697006"
"B_Cell","NK","CD48","CD244",0.106603315859462,0,"CD48_CD244A","CD48 - CD244A","CD48","Cell-Cell Contact","PMID: 26697006"
"Inflammatory_Macrophage","NK","CD48","CD244",0.072584603638814,0,"CD48_CD244A","CD48 - CD244A","CD48","Cell-Cell Contact","PMID: 26697006"
"CD8_TRM","NK","CD48","CD244",0.104565604164279,0,"CD48_CD244A","CD48 - CD244A","CD48","Cell-Cell Contact","PMID: 26697006"
"Treg","NK","CD48","CD244",0.0998641422760229,0,"CD48_CD244A","CD48 - CD244A","CD48","Cell-Cell Contact","PMID: 26697006"
"cDC2","NK","CD48","CD244",0.0586279253083698,0,"CD48_CD244A","CD48 - CD244A","CD48","Cell-Cell Contact","PMID: 26697006"
"Stromal_2","NK","CD48","CD244",0.0606544527782915,0,"CD48_CD244A","CD48 - CD244A","CD48","Cell-Cell Contact","PMID: 26697006"
"LAMP3_DC","NK","CD48","CD244",0.113241932185668,0,"CD48_CD244A","CD48 - CD244A","CD48","Cell-Cell Contact","PMID: 26697006"
"Cycling","NK","CD48","CD244",0.0834862322562488,0,"CD48_CD244A","CD48 - CD244A","CD48","Cell-Cell Contact","PMID: 26697006"
"NK","CD8_Cytotoxic","CD48","CD244",0.0897939290766115,0,"CD48_CD244A","CD48 - CD244A","CD48","Cell-Cell Contact","PMID: 26697006"
"CD4_T","CD8_Cytotoxic","CD48","CD244",0.100686599068731,0,"CD48_CD244A","CD48 - CD244A","CD48","Cell-Cell Contact","PMID: 26697006"
"CD8_Cytotoxic","CD8_Cytotoxic","CD48","CD244",0.0960553316540108,0,"CD48_CD244A","CD48 - CD244A","CD48","Cell-Cell Contact","PMID: 26697006"
"B_Cell","CD8_Cytotoxic","CD48","CD244",0.100417599135893,0,"CD48_CD244A","CD48 - CD244A","CD48","Cell-Cell Contact","PMID: 26697006"
"Inflammatory_Macrophage","CD8_Cytotoxic","CD48","CD244",0.0682221052825782,0,"CD48_CD244A","CD48 - CD244A","CD48","Cell-Cell Contact","PMID: 26697006"
"CD8_TRM","CD8_Cytotoxic","CD48","CD244",0.0984850924807193,0,"CD48_CD244A","CD48 - CD244A","CD48","Cell-Cell Contact","PMID: 26697006"
"Treg","CD8_Cytotoxic","CD48","CD244",0.094028313176218,0,"CD48_CD244A","CD48 - CD244A","CD48","Cell-Cell Contact","PMID: 26697006"
"cDC2","CD8_Cytotoxic","CD48","CD244",0.0550544591844572,0,"CD48_CD244A","CD48 - CD244A","CD48","Cell-Cell Contact","PMID: 26697006"
"Stromal_2","CD8_Cytotoxic","CD48","CD244",0.0569649410848137,0,"CD48_CD244A","CD48 - CD244A","CD48","Cell-Cell Contact","PMID: 26697006"
"LAMP3_DC","CD8_Cytotoxic","CD48","CD244",0.106717019658018,0,"CD48_CD244A","CD48 - CD244A","CD48","Cell-Cell Contact","PMID: 26697006"
"Cycling","CD8_Cytotoxic","CD48","CD244",0.0785239980901082,0,"CD48_CD244A","CD48 - CD244A","CD48","Cell-Cell Contact","PMID: 26697006"
"LAMP3_DC","Cycling","CD48","CD244",0.076795423732477,0.04,"CD48_CD244A","CD48 - CD244A","CD48","Cell-Cell Contact","PMID: 26697006"
"CD4_T","Inflammatory_Macrophage","CD6","ALCAM",0.022641107630788,0,"CD6_ALCAM","CD6 - ALCAM","CD6","Cell-Cell Contact","PMID: 23602662"
"CD8_Cytotoxic","Inflammatory_Macrophage","CD6","ALCAM",0.0533622884403755,0,"CD6_ALCAM","CD6 - ALCAM","CD6","Cell-Cell Contact","PMID: 23602662"
"CD8_TRM","Inflammatory_Macrophage","CD6","ALCAM",0.0215137628526893,0,"CD6_ALCAM","CD6 - ALCAM","CD6","Cell-Cell Contact","PMID: 23602662"
"Treg","Inflammatory_Macrophage","CD6","ALCAM",0.052338145914925,0,"CD6_ALCAM","CD6 - ALCAM","CD6","Cell-Cell Contact","PMID: 23602662"
"LAMP3_DC","Inflammatory_Macrophage","CD6","ALCAM",0.0213033536309124,0,"CD6_ALCAM","CD6 - ALCAM","CD6","Cell-Cell Contact","PMID: 23602662"
"Cycling","Inflammatory_Macrophage","CD6","ALCAM",0.0049070942414955,0,"CD6_ALCAM","CD6 - ALCAM","CD6","Cell-Cell Contact","PMID: 23602662"
"CD4_T","cDC2","CD6","ALCAM",0.0806647475014833,0,"CD6_ALCAM","CD6 - ALCAM","CD6","Cell-Cell Contact","PMID: 23602662"
"CD8_Cytotoxic","cDC2","CD6","ALCAM",0.175943724051224,0,"CD6_ALCAM","CD6 - ALCAM","CD6","Cell-Cell Contact","PMID: 23602662"
"CD8_TRM","cDC2","CD6","ALCAM",0.0768755398627086,0,"CD6_ALCAM","CD6 - ALCAM","CD6","Cell-Cell Contact","PMID: 23602662"
"Treg","cDC2","CD6","ALCAM",0.172996904998177,0,"CD6_ALCAM","CD6 - ALCAM","CD6","Cell-Cell Contact","PMID: 23602662"
"LAMP3_DC","cDC2","CD6","ALCAM",0.0761658272975346,0,"CD6_ALCAM","CD6 - ALCAM","CD6","Cell-Cell Contact","PMID: 23602662"
"Cycling","cDC2","CD6","ALCAM",0.0183353906475423,0,"CD6_ALCAM","CD6 - ALCAM","CD6","Cell-Cell Contact","PMID: 23602662"
"CD4_T","Stromal_2","CD6","ALCAM",0.0572478793275565,0,"CD6_ALCAM","CD6 - ALCAM","CD6","Cell-Cell Contact","PMID: 23602662"
"CD8_Cytotoxic","Stromal_2","CD6","ALCAM",0.12874082654253,0,"CD6_ALCAM","CD6 - ALCAM","CD6","Cell-Cell Contact","PMID: 23602662"
"CD8_TRM","Stromal_2","CD6","ALCAM",0.0544934711297462,0,"CD6_ALCAM","CD6 - ALCAM","CD6","Cell-Cell Contact","PMID: 23602662"
"Treg","Stromal_2","CD6","ALCAM",0.126463265528504,0,"CD6_ALCAM","CD6 - ALCAM","CD6","Cell-Cell Contact","PMID: 23602662"
"LAMP3_DC","Stromal_2","CD6","ALCAM",0.0539783067097147,0,"CD6_ALCAM","CD6 - ALCAM","CD6","Cell-Cell Contact","PMID: 23602662"
"Cycling","Stromal_2","CD6","ALCAM",0.0127614829493839,0,"CD6_ALCAM","CD6 - ALCAM","CD6","Cell-Cell Contact","PMID: 23602662"
"B_Cell","CD4_T","CD86","CD28",0.018137226702088,0,"CD86_CD28","CD86 - CD28","CD86","Cell-Cell Contact","PMID: 23954143"
"Inflammatory_Macrophage","CD4_T","CD86","CD28",0.0569616645324413,0,"CD86_CD28","CD86 - CD28","CD86","Cell-Cell Contact","PMID: 23954143"
"cDC2","CD4_T","CD86","CD28",0.0544453085865584,0,"CD86_CD28","CD86 - CD28","CD86","Cell-Cell Contact","PMID: 23954143"
"B_Cell","Treg","CD86","CD28",0.0219512716273448,0,"CD86_CD28","CD86 - CD28","CD86","Cell-Cell Contact","PMID: 23954143"
"Inflammatory_Macrophage","Treg","CD86","CD28",0.0683715126096391,0,"CD86_CD28","CD86 - CD28","CD86","Cell-Cell Contact","PMID: 23954143"
"cDC2","Treg","CD86","CD28",0.0653860599408898,0,"CD86_CD28","CD86 - CD28","CD86","Cell-Cell Contact","PMID: 23954143"
"B_Cell","LAMP3_DC","CD86","CD28",0.0205497705246721,0,"CD86_CD28","CD86 - CD28","CD86","Cell-Cell Contact","PMID: 23954143"
"Inflammatory_Macrophage","LAMP3_DC","CD86","CD28",0.0642008098365455,0,"CD86_CD28","CD86 - CD28","CD86","Cell-Cell Contact","PMID: 23954143"
"cDC2","LAMP3_DC","CD86","CD28",0.0613854719405559,0,"CD86_CD28","CD86 - CD28","CD86","Cell-Cell Contact","PMID: 23954143"
"B_Cell","Treg","CD86","CTLA4",0.0215169121786876,0,"CD86_CTLA4","CD86 - CTLA4","CD86","Cell-Cell Contact","PMID: 23954143"
"Inflammatory_Macrophage","Treg","CD86","CTLA4",0.0670816153936643,0,"CD86_CTLA4","CD86 - CTLA4","CD86","Cell-Cell Contact","PMID: 23954143"
"cDC2","Treg","CD86","CTLA4",0.0641486080471387,0,"CD86_CTLA4","CD86 - CTLA4","CD86","Cell-Cell Contact","PMID: 23954143"
"NK","Inflammatory_Macrophage","CD99","PILRA",0.251453494480638,0,"CD99_PILRA","CD99 - PILRA","CD99","Cell-Cell Contact","PMID: 18234675"
"CD4_T","Inflammatory_Macrophage","CD99","PILRA",0.195836274097244,0,"CD99_PILRA","CD99 - PILRA","CD99","Cell-Cell Contact","PMID: 18234675"
"CD8_Cytotoxic","Inflammatory_Macrophage","CD99","PILRA",0.265994437416705,0,"CD99_PILRA","CD99 - PILRA","CD99","Cell-Cell Contact","PMID: 18234675"
"B_Cell","Inflammatory_Macrophage","CD99","PILRA",0.0790271971873515,0,"CD99_PILRA","CD99 - PILRA","CD99","Cell-Cell Contact","PMID: 18234675"
"Inflammatory_Macrophage","Inflammatory_Macrophage","CD99","PILRA",0.0628483875629781,0,"CD99_PILRA","CD99 - PILRA","CD99","Cell-Cell Contact","PMID: 18234675"
"CD8_TRM","Inflammatory_Macrophage","CD99","PILRA",0.263307856077261,0,"CD99_PILRA","CD99 - PILRA","CD99","Cell-Cell Contact","PMID: 18234675"
"Treg","Inflammatory_Macrophage","CD99","PILRA",0.165604352818237,0,"CD99_PILRA","CD99 - PILRA","CD99","Cell-Cell Contact","PMID: 18234675"
"cDC2","Inflammatory_Macrophage","CD99","PILRA",0.151794010208335,0,"CD99_PILRA","CD99 - PILRA","CD99","Cell-Cell Contact","PMID: 18234675"
"Stromal_2","Inflammatory_Macrophage","CD99","PILRA",0.175088127802739,0,"CD99_PILRA","CD99 - PILRA","CD99","Cell-Cell Contact","PMID: 18234675"
"LAMP3_DC","Inflammatory_Macrophage","CD99","PILRA",0.195999371042943,0,"CD99_PILRA","CD99 - PILRA","CD99","Cell-Cell Contact","PMID: 18234675"
"Cycling","Inflammatory_Macrophage","CD99","PILRA",0.263909500604167,0,"CD99_PILRA","CD99 - PILRA","CD99","Cell-Cell Contact","PMID: 18234675"
"NK","cDC2","CD99","PILRA",0.0772701337015566,0,"CD99_PILRA","CD99 - PILRA","CD99","Cell-Cell Contact","PMID: 18234675"
"CD4_T","cDC2","CD99","PILRA",0.0572335861437383,0,"CD99_PILRA","CD99 - PILRA","CD99","Cell-Cell Contact","PMID: 18234675"
"CD8_Cytotoxic","cDC2","CD99","PILRA",0.0828533696549294,0,"CD99_PILRA","CD99 - PILRA","CD99","Cell-Cell Contact","PMID: 18234675"
"B_Cell","cDC2","CD99","PILRA",0.020942861002246,0,"CD99_PILRA","CD99 - PILRA","CD99","Cell-Cell Contact","PMID: 18234675"
"Inflammatory_Macrophage","cDC2","CD99","PILRA",0.0164430356645754,0,"CD99_PILRA","CD99 - PILRA","CD99","Cell-Cell Contact","PMID: 18234675"
"CD8_TRM","cDC2","CD99","PILRA",0.0818103704917863,0,"CD99_PILRA","CD99 - PILRA","CD99","Cell-Cell Contact","PMID: 18234675"
"Treg","cDC2","CD99","PILRA",0.0471438718046016,0,"CD99_PILRA","CD99 - PILRA","CD99","Cell-Cell Contact","PMID: 18234675"
"cDC2","cDC2","CD99","PILRA",0.0427067473006896,0,"CD99_PILRA","CD99 - PILRA","CD99","Cell-Cell Contact","PMID: 18234675"
"Stromal_2","cDC2","CD99","PILRA",0.0502522614574892,0,"CD99_PILRA","CD99 - PILRA","CD99","Cell-Cell Contact","PMID: 18234675"
"LAMP3_DC","cDC2","CD99","PILRA",0.0572894750507466,0,"CD99_PILRA","CD99 - PILRA","CD99","Cell-Cell Contact","PMID: 18234675"
"Cycling","cDC2","CD99","PILRA",0.0820434882764792,0,"CD99_PILRA","CD99 - PILRA","CD99","Cell-Cell Contact","PMID: 18234675"
"NK","NK","CD99","CD99",0.312455231055169,0,"CD99_CD99","CD99 - CD99","CD99","Cell-Cell Contact","KEGG: hsa04514"
"CD4_T","NK","CD99","CD99",0.247812281638106,0,"CD99_CD99","CD99 - CD99","CD99","Cell-Cell Contact","KEGG: hsa04514"
"CD8_Cytotoxic","NK","CD99","CD99",0.328973443654044,0,"CD99_CD99","CD99 - CD99","CD99","Cell-Cell Contact","KEGG: hsa04514"
"CD8_TRM","NK","CD99","CD99",0.325933222584859,0,"CD99_CD99","CD99 - CD99","CD99","Cell-Cell Contact","KEGG: hsa04514"
"Treg","NK","CD99","CD99",0.211668613628015,0,"CD99_CD99","CD99 - CD99","CD99","Cell-Cell Contact","KEGG: hsa04514"
"Stromal_2","NK","CD99","CD99",0.223085084266791,0.01,"CD99_CD99","CD99 - CD99","CD99","Cell-Cell Contact","KEGG: hsa04514"
"LAMP3_DC","NK","CD99","CD99",0.248005315677526,0,"CD99_CD99","CD99 - CD99","CD99","Cell-Cell Contact","KEGG: hsa04514"
"Cycling","NK","CD99","CD99",0.326614520905816,0,"CD99_CD99","CD99 - CD99","CD99","Cell-Cell Contact","KEGG: hsa04514"
"NK","CD4_T","CD99","CD99",0.247812281638106,0,"CD99_CD99","CD99 - CD99","CD99","Cell-Cell Contact","KEGG: hsa04514"
"CD8_Cytotoxic","CD4_T","CD99","CD99",0.262216422302842,0,"CD99_CD99","CD99 - CD99","CD99","Cell-Cell Contact","KEGG: hsa04514"
"CD8_TRM","CD4_T","CD99","CD99",0.259554506081378,0,"CD99_CD99","CD99 - CD99","CD99","Cell-Cell Contact","KEGG: hsa04514"
"Cycling","CD4_T","CD99","CD99",0.260150602946918,0.01,"CD99_CD99","CD99 - CD99","CD99","Cell-Cell Contact","KEGG: hsa04514"
"NK","CD8_Cytotoxic","CD99","CD99",0.328973443654044,0,"CD99_CD99","CD99 - CD99","CD99","Cell-Cell Contact","KEGG: hsa04514"
"CD4_T","CD8_Cytotoxic","CD99","CD99",0.262216422302842,0,"CD99_CD99","CD99 - CD99","CD99","Cell-Cell Contact","KEGG: hsa04514"
"CD8_Cytotoxic","CD8_Cytotoxic","CD99","CD99",0.345925546232982,0,"CD99_CD99","CD99 - CD99","CD99","Cell-Cell Contact","KEGG: hsa04514"
"CD8_TRM","CD8_Cytotoxic","CD99","CD99",0.342808696651118,0,"CD99_CD99","CD99 - CD99","CD99","Cell-Cell Contact","KEGG: hsa04514"
"Treg","CD8_Cytotoxic","CD99","CD99",0.224599200994622,0,"CD99_CD99","CD99 - CD99","CD99","Cell-Cell Contact","KEGG: hsa04514"
"cDC2","CD8_Cytotoxic","CD99","CD99",0.207090117748956,0,"CD99_CD99","CD99 - CD99","CD99","Cell-Cell Contact","KEGG: hsa04514"
"Stromal_2","CD8_Cytotoxic","CD99","CD99",0.236503860862702,0,"CD99_CD99","CD99 - CD99","CD99","Cell-Cell Contact","KEGG: hsa04514"
"LAMP3_DC","CD8_Cytotoxic","CD99","CD99",0.262416762099145,0,"CD99_CD99","CD99 - CD99","CD99","Cell-Cell Contact","KEGG: hsa04514"
"Cycling","CD8_Cytotoxic","CD99","CD99",0.3435072935885,0,"CD99_CD99","CD99 - CD99","CD99","Cell-Cell Contact","KEGG: hsa04514"
"NK","CD8_TRM","CD99","CD99",0.325933222584859,0,"CD99_CD99","CD99 - CD99","CD99","Cell-Cell Contact","KEGG: hsa04514"
"CD4_T","CD8_TRM","CD99","CD99",0.259554506081378,0,"CD99_CD99","CD99 - CD99","CD99","Cell-Cell Contact","KEGG: hsa04514"
"CD8_Cytotoxic","CD8_TRM","CD99","CD99",0.342808696651118,0,"CD99_CD99","CD99 - CD99","CD99","Cell-Cell Contact","KEGG: hsa04514"
"CD8_TRM","CD8_TRM","CD99","CD99",0.339705344830108,0,"CD99_CD99","CD99 - CD99","CD99","Cell-Cell Contact","KEGG: hsa04514"
"Treg","CD8_TRM","CD99","CD99",0.22220414743007,0,"CD99_CD99","CD99 - CD99","CD99","Cell-Cell Contact","KEGG: hsa04514"
"cDC2","CD8_TRM","CD99","CD99",0.204832453152366,0.01,"CD99_CD99","CD99 - CD99","CD99","Cell-Cell Contact","KEGG: hsa04514"
"Stromal_2","CD8_TRM","CD99","CD99",0.234020173271282,0,"CD99_CD99","CD99 - CD99","CD99","Cell-Cell Contact","KEGG: hsa04514"
"LAMP3_DC","CD8_TRM","CD99","CD99",0.259753528143119,0,"CD99_CD99","CD99 - CD99","CD99","Cell-Cell Contact","KEGG: hsa04514"
"Cycling","CD8_TRM","CD99","CD99",0.34040089326834,0,"CD99_CD99","CD99 - CD99","CD99","Cell-Cell Contact","KEGG: hsa04514"
"NK","Treg","CD99","CD99",0.211668613628015,0,"CD99_CD99","CD99 - CD99","CD99","Cell-Cell Contact","KEGG: hsa04514"
"CD8_Cytotoxic","Treg","CD99","CD99",0.224599200994622,0,"CD99_CD99","CD99 - CD99","CD99","Cell-Cell Contact","KEGG: hsa04514"
"CD8_TRM","Treg","CD99","CD99",0.22220414743007,0,"CD99_CD99","CD99 - CD99","CD99","Cell-Cell Contact","KEGG: hsa04514"
"CD8_Cytotoxic","cDC2","CD99","CD99",0.207090117748956,0,"CD99_CD99","CD99 - CD99","CD99","Cell-Cell Contact","KEGG: hsa04514"
"CD8_TRM","cDC2","CD99","CD99",0.204832453152366,0.01,"CD99_CD99","CD99 - CD99","CD99","Cell-Cell Contact","KEGG: hsa04514"
"NK","Stromal_2","CD99","CD99",0.223085084266791,0.01,"CD99_CD99","CD99 - CD99","CD99","Cell-Cell Contact","KEGG: hsa04514"
"CD8_Cytotoxic","Stromal_2","CD99","CD99",0.236503860862702,0,"CD99_CD99","CD99 - CD99","CD99","Cell-Cell Contact","KEGG: hsa04514"
"CD8_TRM","Stromal_2","CD99","CD99",0.234020173271282,0,"CD99_CD99","CD99 - CD99","CD99","Cell-Cell Contact","KEGG: hsa04514"
"Cycling","Stromal_2","CD99","CD99",0.234576205796249,0.04,"CD99_CD99","CD99 - CD99","CD99","Cell-Cell Contact","KEGG: hsa04514"
"NK","LAMP3_DC","CD99","CD99",0.248005315677526,0,"CD99_CD99","CD99 - CD99","CD99","Cell-Cell Contact","KEGG: hsa04514"
"CD8_Cytotoxic","LAMP3_DC","CD99","CD99",0.262416762099145,0,"CD99_CD99","CD99 - CD99","CD99","Cell-Cell Contact","KEGG: hsa04514"
"CD8_TRM","LAMP3_DC","CD99","CD99",0.259753528143119,0,"CD99_CD99","CD99 - CD99","CD99","Cell-Cell Contact","KEGG: hsa04514"
"Cycling","LAMP3_DC","CD99","CD99",0.260349921371735,0.01,"CD99_CD99","CD99 - CD99","CD99","Cell-Cell Contact","KEGG: hsa04514"
"NK","Cycling","CD99","CD99",0.326614520905816,0,"CD99_CD99","CD99 - CD99","CD99","Cell-Cell Contact","KEGG: hsa04514"
"CD4_T","Cycling","CD99","CD99",0.260150602946918,0.01,"CD99_CD99","CD99 - CD99","CD99","Cell-Cell Contact","KEGG: hsa04514"
"CD8_Cytotoxic","Cycling","CD99","CD99",0.3435072935885,0,"CD99_CD99","CD99 - CD99","CD99","Cell-Cell Contact","KEGG: hsa04514"
"CD8_TRM","Cycling","CD99","CD99",0.34040089326834,0,"CD99_CD99","CD99 - CD99","CD99","Cell-Cell Contact","KEGG: hsa04514"
"Stromal_2","Cycling","CD99","CD99",0.234576205796249,0.04,"CD99_CD99","CD99 - CD99","CD99","Cell-Cell Contact","KEGG: hsa04514"
"LAMP3_DC","Cycling","CD99","CD99",0.260349921371735,0.01,"CD99_CD99","CD99 - CD99","CD99","Cell-Cell Contact","KEGG: hsa04514"
"Cycling","Cycling","CD99","CD99",0.341097130159281,0,"CD99_CD99","CD99 - CD99","CD99","Cell-Cell Contact","KEGG: hsa04514"
"NK","Stromal_2","CD99","CD99L2",0.0597700144925076,0,"CD99_CD99L2","CD99 - CD99L2","CD99","Cell-Cell Contact","KEGG: hsa04514"
"CD4_T","Stromal_2","CD99","CD99L2",0.0440546833539778,0,"CD99_CD99L2","CD99 - CD99L2","CD99","Cell-Cell Contact","KEGG: hsa04514"
"CD8_Cytotoxic","Stromal_2","CD99","CD99L2",0.0641767070831749,0,"CD99_CD99L2","CD99 - CD99L2","CD99","Cell-Cell Contact","KEGG: hsa04514"
"B_Cell","Stromal_2","CD99","CD99L2",0.0159788160661031,0,"CD99_CD99L2","CD99 - CD99L2","CD99","Cell-Cell Contact","KEGG: hsa04514"
"Inflammatory_Macrophage","Stromal_2","CD99","CD99L2",0.0125319231561423,0,"CD99_CD99L2","CD99 - CD99L2","CD99","Cell-Cell Contact","KEGG: hsa04514"
"CD8_TRM","Stromal_2","CD99","CD99L2",0.0633525785090437,0,"CD99_CD99L2","CD99 - CD99L2","CD99","Cell-Cell Contact","KEGG: hsa04514"
"Treg","Stromal_2","CD99","CD99L2",0.0361990717186813,0,"CD99_CD99L2","CD99 - CD99L2","CD99","Cell-Cell Contact","KEGG: hsa04514"
"cDC2","Stromal_2","CD99","CD99L2",0.0327566461566452,0,"CD99_CD99L2","CD99 - CD99L2","CD99","Cell-Cell Contact","KEGG: hsa04514"
"Stromal_2","Stromal_2","CD99","CD99L2",0.0386150703453101,0,"CD99_CD99L2","CD99 - CD99L2","CD99","Cell-Cell Contact","KEGG: hsa04514"
"LAMP3_DC","Stromal_2","CD99","CD99L2",0.0440983049566428,0,"CD99_CD99L2","CD99 - CD99L2","CD99","Cell-Cell Contact","KEGG: hsa04514"
"Cycling","Stromal_2","CD99","CD99L2",0.0635367404909209,0,"CD99_CD99L2","CD99 - CD99L2","CD99","Cell-Cell Contact","KEGG: hsa04514"
"NK","NK","CLEC2D","KLRB1",0.0896085733433512,0,"CLEC2D_KLRB1","CLEC2D - KLRB1","CLEC","Cell-Cell Contact","PMID: 24223577"
"CD4_T","NK","CLEC2D","KLRB1",0.0956681403407509,0,"CLEC2D_KLRB1","CLEC2D - KLRB1","CLEC","Cell-Cell Contact","PMID: 24223577"
"CD8_Cytotoxic","NK","CLEC2D","KLRB1",0.0988806820455561,0,"CLEC2D_KLRB1","CLEC2D - KLRB1","CLEC","Cell-Cell Contact","PMID: 24223577"
"B_Cell","NK","CLEC2D","KLRB1",0.0936016729096327,0,"CLEC2D_KLRB1","CLEC2D - KLRB1","CLEC","Cell-Cell Contact","PMID: 24223577"
"CD8_TRM","NK","CLEC2D","KLRB1",0.0985773308402159,0,"CLEC2D_KLRB1","CLEC2D - KLRB1","CLEC","Cell-Cell Contact","PMID: 24223577"
"Treg","NK","CLEC2D","KLRB1",0.217703258561331,0,"CLEC2D_KLRB1","CLEC2D - KLRB1","CLEC","Cell-Cell Contact","PMID: 24223577"
"LAMP3_DC","NK","CLEC2D","KLRB1",0.246112825721019,0,"CLEC2D_KLRB1","CLEC2D - KLRB1","CLEC","Cell-Cell Contact","PMID: 24223577"
"Cycling","NK","CLEC2D","KLRB1",0.1963173868728,0,"CLEC2D_KLRB1","CLEC2D - KLRB1","CLEC","Cell-Cell Contact","PMID: 24223577"
"NK","CD4_T","CLEC2D","KLRB1",0.027320112209849,0,"CLEC2D_KLRB1","CLEC2D - KLRB1","CLEC","Cell-Cell Contact","PMID: 24223577"
"CD4_T","CD4_T","CLEC2D","KLRB1",0.0293031468368694,0,"CLEC2D_KLRB1","CLEC2D - KLRB1","CLEC","Cell-Cell Contact","PMID: 24223577"
"CD8_Cytotoxic","CD4_T","CLEC2D","KLRB1",0.030361969051878,0,"CLEC2D_KLRB1","CLEC2D - KLRB1","CLEC","Cell-Cell Contact","PMID: 24223577"
"B_Cell","CD4_T","CLEC2D","KLRB1",0.0286248131198163,0,"CLEC2D_KLRB1","CLEC2D - KLRB1","CLEC","Cell-Cell Contact","PMID: 24223577"
"CD8_TRM","CD4_T","CLEC2D","KLRB1",0.0302617638542058,0,"CLEC2D_KLRB1","CLEC2D - KLRB1","CLEC","Cell-Cell Contact","PMID: 24223577"
"Treg","CD4_T","CLEC2D","KLRB1",0.0735694352379461,0,"CLEC2D_KLRB1","CLEC2D - KLRB1","CLEC","Cell-Cell Contact","PMID: 24223577"
"LAMP3_DC","CD4_T","CLEC2D","KLRB1",0.0852189520707711,0,"CLEC2D_KLRB1","CLEC2D - KLRB1","CLEC","Cell-Cell Contact","PMID: 24223577"
"Cycling","CD4_T","CLEC2D","KLRB1",0.0651630215252681,0.01,"CLEC2D_KLRB1","CLEC2D - KLRB1","CLEC","Cell-Cell Contact","PMID: 24223577"
"Treg","CD8_TRM","CLEC2D","KLRB1",0.0591370640316876,0,"CLEC2D_KLRB1","CLEC2D - KLRB1","CLEC","Cell-Cell Contact","PMID: 24223577"
"LAMP3_DC","CD8_TRM","CLEC2D","KLRB1",0.0686706520514292,0,"CLEC2D_KLRB1","CLEC2D - KLRB1","CLEC","Cell-Cell Contact","PMID: 24223577"
"Cycling","CD8_TRM","CLEC2D","KLRB1",0.0522866914449263,0.03,"CLEC2D_KLRB1","CLEC2D - KLRB1","CLEC","Cell-Cell Contact","PMID: 24223577"
"CD4_T","Treg","CLEC2D","KLRB1",0.0258237807848037,0.01,"CLEC2D_KLRB1","CLEC2D - KLRB1","CLEC","Cell-Cell Contact","PMID: 24223577"
"CD8_Cytotoxic","Treg","CLEC2D","KLRB1",0.0267603475957001,0,"CLEC2D_KLRB1","CLEC2D - KLRB1","CLEC","Cell-Cell Contact","PMID: 24223577"
"B_Cell","Treg","CLEC2D","KLRB1",0.0252238973940109,0.02,"CLEC2D_KLRB1","CLEC2D - KLRB1","CLEC","Cell-Cell Contact","PMID: 24223577"
"CD8_TRM","Treg","CLEC2D","KLRB1",0.0266717020544251,0,"CLEC2D_KLRB1","CLEC2D - KLRB1","CLEC","Cell-Cell Contact","PMID: 24223577"
"Treg","Treg","CLEC2D","KLRB1",0.0651869942473006,0,"CLEC2D_KLRB1","CLEC2D - KLRB1","CLEC","Cell-Cell Contact","PMID: 24223577"
"LAMP3_DC","Treg","CLEC2D","KLRB1",0.0756175151279426,0,"CLEC2D_KLRB1","CLEC2D - KLRB1","CLEC","Cell-Cell Contact","PMID: 24223577"
"Cycling","Treg","CLEC2D","KLRB1",0.0576787673661264,0.01,"CLEC2D_KLRB1","CLEC2D - KLRB1","CLEC","Cell-Cell Contact","PMID: 24223577"
"Treg","LAMP3_DC","CLEC2D","KLRB1",0.0646810141995254,0,"CLEC2D_KLRB1","CLEC2D - KLRB1","CLEC","Cell-Cell Contact","PMID: 24223577"
"LAMP3_DC","LAMP3_DC","CLEC2D","KLRB1",0.0750370723474217,0,"CLEC2D_KLRB1","CLEC2D - KLRB1","CLEC","Cell-Cell Contact","PMID: 24223577"
"Cycling","LAMP3_DC","CLEC2D","KLRB1",0.0572274983015676,0.01,"CLEC2D_KLRB1","CLEC2D - KLRB1","CLEC","Cell-Cell Contact","PMID: 24223577"
"NK","Cycling","CLEC2D","KLRB1",0.0498135248055402,0.01,"CLEC2D_KLRB1","CLEC2D - KLRB1","CLEC","Cell-Cell Contact","PMID: 24223577"
"CD4_T","Cycling","CLEC2D","KLRB1",0.0533397141507701,0,"CLEC2D_KLRB1","CLEC2D - KLRB1","CLEC","Cell-Cell Contact","PMID: 24223577"
"CD8_Cytotoxic","Cycling","CLEC2D","KLRB1",0.0552176536469786,0,"CLEC2D_KLRB1","CLEC2D - KLRB1","CLEC","Cell-Cell Contact","PMID: 24223577"
"B_Cell","Cycling","CLEC2D","KLRB1",0.0521348464030489,0.01,"CLEC2D_KLRB1","CLEC2D - KLRB1","CLEC","Cell-Cell Contact","PMID: 24223577"
"CD8_TRM","Cycling","CLEC2D","KLRB1",0.0550400723856963,0.01,"CLEC2D_KLRB1","CLEC2D - KLRB1","CLEC","Cell-Cell Contact","PMID: 24223577"
"Treg","Cycling","CLEC2D","KLRB1",0.129087698682474,0,"CLEC2D_KLRB1","CLEC2D - KLRB1","CLEC","Cell-Cell Contact","PMID: 24223577"
"LAMP3_DC","Cycling","CLEC2D","KLRB1",0.148122799702505,0,"CLEC2D_KLRB1","CLEC2D - KLRB1","CLEC","Cell-Cell Contact","PMID: 24223577"
"Cycling","Cycling","CLEC2D","KLRB1",0.115125820794804,0,"CLEC2D_KLRB1","CLEC2D - KLRB1","CLEC","Cell-Cell Contact","PMID: 24223577"
"NK","NK","CLEC2B","KLRB1",0.211285831593741,0,"CLEC2B_KLRB1","CLEC2B - KLRB1","CLEC","Cell-Cell Contact","PMID: 24223577"
"CD4_T","NK","CLEC2B","KLRB1",0.0785015842955054,0,"CLEC2B_KLRB1","CLEC2B - KLRB1","CLEC","Cell-Cell Contact","PMID: 24223577"
"CD8_Cytotoxic","NK","CLEC2B","KLRB1",0.0976853439812006,0,"CLEC2B_KLRB1","CLEC2B - KLRB1","CLEC","Cell-Cell Contact","PMID: 24223577"
"Inflammatory_Macrophage","NK","CLEC2B","KLRB1",0.097419755720901,0,"CLEC2B_KLRB1","CLEC2B - KLRB1","CLEC","Cell-Cell Contact","PMID: 24223577"
"CD8_TRM","NK","CLEC2B","KLRB1",0.219671635031711,0,"CLEC2B_KLRB1","CLEC2B - KLRB1","CLEC","Cell-Cell Contact","PMID: 24223577"
"Treg","NK","CLEC2B","KLRB1",0.0865303810232331,0,"CLEC2B_KLRB1","CLEC2B - KLRB1","CLEC","Cell-Cell Contact","PMID: 24223577"
"cDC2","NK","CLEC2B","KLRB1",0.168121291463568,0,"CLEC2B_KLRB1","CLEC2B - KLRB1","CLEC","Cell-Cell Contact","PMID: 24223577"
"Stromal_2","NK","CLEC2B","KLRB1",0.0703221209149545,0,"CLEC2B_KLRB1","CLEC2B - KLRB1","CLEC","Cell-Cell Contact","PMID: 24223577"
"LAMP3_DC","NK","CLEC2B","KLRB1",0.0924573099730914,0,"CLEC2B_KLRB1","CLEC2B - KLRB1","CLEC","Cell-Cell Contact","PMID: 24223577"
"Cycling","NK","CLEC2B","KLRB1",0.231289692901953,0,"CLEC2B_KLRB1","CLEC2B - KLRB1","CLEC","Cell-Cell Contact","PMID: 24223577"
"NK","CD4_T","CLEC2B","KLRB1",0.0710150731929268,0,"CLEC2B_KLRB1","CLEC2B - KLRB1","CLEC","Cell-Cell Contact","PMID: 24223577"
"CD8_Cytotoxic","CD4_T","CLEC2B","KLRB1",0.0299673867940403,0,"CLEC2B_KLRB1","CLEC2B - KLRB1","CLEC","Cell-Cell Contact","PMID: 24223577"
"Inflammatory_Macrophage","CD4_T","CLEC2B","KLRB1",0.0298798142320896,0,"CLEC2B_KLRB1","CLEC2B - KLRB1","CLEC","Cell-Cell Contact","PMID: 24223577"
"CD8_TRM","CD4_T","CLEC2B","KLRB1",0.074358488076869,0,"CLEC2B_KLRB1","CLEC2B - KLRB1","CLEC","Cell-Cell Contact","PMID: 24223577"
"Treg","CD4_T","CLEC2B","KLRB1",0.0263197646601083,0,"CLEC2B_KLRB1","CLEC2B - KLRB1","CLEC","Cell-Cell Contact","PMID: 24223577"
"cDC2","CD4_T","CLEC2B","KLRB1",0.0545259761186463,0,"CLEC2B_KLRB1","CLEC2B - KLRB1","CLEC","Cell-Cell Contact","PMID: 24223577"
"LAMP3_DC","CD4_T","CLEC2B","KLRB1",0.0282500901816327,0.04,"CLEC2B_KLRB1","CLEC2B - KLRB1","CLEC","Cell-Cell Contact","PMID: 24223577"
"Cycling","CD4_T","CLEC2B","KLRB1",0.0790699322771939,0,"CLEC2B_KLRB1","CLEC2B - KLRB1","CLEC","Cell-Cell Contact","PMID: 24223577"
"NK","CD8_TRM","CLEC2B","KLRB1",0.0570529406175112,0,"CLEC2B_KLRB1","CLEC2B - KLRB1","CLEC","Cell-Cell Contact","PMID: 24223577"
"CD8_TRM","CD8_TRM","CLEC2B","KLRB1",0.0597813141084943,0,"CLEC2B_KLRB1","CLEC2B - KLRB1","CLEC","Cell-Cell Contact","PMID: 24223577"
"cDC2","CD8_TRM","CLEC2B","KLRB1",0.0436533944700782,0,"CLEC2B_KLRB1","CLEC2B - KLRB1","CLEC","Cell-Cell Contact","PMID: 24223577"
"Cycling","CD8_TRM","CLEC2B","KLRB1",0.0636326250156539,0.02,"CLEC2B_KLRB1","CLEC2B - KLRB1","CLEC","Cell-Cell Contact","PMID: 24223577"
"NK","Treg","CLEC2B","KLRB1",0.0629039125956981,0,"CLEC2B_KLRB1","CLEC2B - KLRB1","CLEC","Cell-Cell Contact","PMID: 24223577"
"CD8_Cytotoxic","Treg","CLEC2B","KLRB1",0.0264112968575495,0,"CLEC2B_KLRB1","CLEC2B - KLRB1","CLEC","Cell-Cell Contact","PMID: 24223577"
"Inflammatory_Macrophage","Treg","CLEC2B","KLRB1",0.0263338340120581,0,"CLEC2B_KLRB1","CLEC2B - KLRB1","CLEC","Cell-Cell Contact","PMID: 24223577"
"CD8_TRM","Treg","CLEC2B","KLRB1",0.0658925374943618,0,"CLEC2B_KLRB1","CLEC2B - KLRB1","CLEC","Cell-Cell Contact","PMID: 24223577"
"cDC2","Treg","CLEC2B","KLRB1",0.0482004407984794,0,"CLEC2B_KLRB1","CLEC2B - KLRB1","CLEC","Cell-Cell Contact","PMID: 24223577"
"Cycling","Treg","CLEC2B","KLRB1",0.0701081967515067,0.01,"CLEC2B_KLRB1","CLEC2B - KLRB1","CLEC","Cell-Cell Contact","PMID: 24223577"
"NK","LAMP3_DC","CLEC2B","KLRB1",0.0624144705887948,0,"CLEC2B_KLRB1","CLEC2B - KLRB1","CLEC","Cell-Cell Contact","PMID: 24223577"
"CD8_TRM","LAMP3_DC","CLEC2B","KLRB1",0.0653814640590576,0,"CLEC2B_KLRB1","CLEC2B - KLRB1","CLEC","Cell-Cell Contact","PMID: 24223577"
"cDC2","LAMP3_DC","CLEC2B","KLRB1",0.0478195653762979,0,"CLEC2B_KLRB1","CLEC2B - KLRB1","CLEC","Cell-Cell Contact","PMID: 24223577"
"Cycling","LAMP3_DC","CLEC2B","KLRB1",0.0695668610722403,0.02,"CLEC2B_KLRB1","CLEC2B - KLRB1","CLEC","Cell-Cell Contact","PMID: 24223577"
"NK","Cycling","CLEC2B","KLRB1",0.12486552578458,0,"CLEC2B_KLRB1","CLEC2B - KLRB1","CLEC","Cell-Cell Contact","PMID: 24223577"
"CD4_T","Cycling","CLEC2B","KLRB1",0.0434039674734044,0.01,"CLEC2B_KLRB1","CLEC2B - KLRB1","CLEC","Cell-Cell Contact","PMID: 24223577"
"CD8_Cytotoxic","Cycling","CLEC2B","KLRB1",0.0545182105291417,0.01,"CLEC2B_KLRB1","CLEC2B - KLRB1","CLEC","Cell-Cell Contact","PMID: 24223577"
"Inflammatory_Macrophage","Cycling","CLEC2B","KLRB1",0.0543629147225719,0.01,"CLEC2B_KLRB1","CLEC2B - KLRB1","CLEC","Cell-Cell Contact","PMID: 24223577"
"CD8_TRM","Cycling","CLEC2B","KLRB1",0.130388395347163,0,"CLEC2B_KLRB1","CLEC2B - KLRB1","CLEC","Cell-Cell Contact","PMID: 24223577"
"Treg","Cycling","CLEC2B","KLRB1",0.0480302326081307,0.01,"CLEC2B_KLRB1","CLEC2B - KLRB1","CLEC","Cell-Cell Contact","PMID: 24223577"
"cDC2","Cycling","CLEC2B","KLRB1",0.0971808102015666,0,"CLEC2B_KLRB1","CLEC2B - KLRB1","CLEC","Cell-Cell Contact","PMID: 24223577"
"Stromal_2","Cycling","CLEC2B","KLRB1",0.0387278038008107,0.01,"CLEC2B_KLRB1","CLEC2B - KLRB1","CLEC","Cell-Cell Contact","PMID: 24223577"
"LAMP3_DC","Cycling","CLEC2B","KLRB1",0.0514686644079676,0.01,"CLEC2B_KLRB1","CLEC2B - KLRB1","CLEC","Cell-Cell Contact","PMID: 24223577"
"Cycling","Cycling","CLEC2B","KLRB1",0.138120228559451,0,"CLEC2B_KLRB1","CLEC2B - KLRB1","CLEC","Cell-Cell Contact","PMID: 24223577"
"NK","NK","CD69","KLRB1",0.251923360194185,0,"CLEC2C_KLRB1","CLEC2C - KLRB1","CLEC","Cell-Cell Contact","PMID: 24223577"
"CD4_T","NK","CD69","KLRB1",0.288622808789797,0,"CLEC2C_KLRB1","CLEC2C - KLRB1","CLEC","Cell-Cell Contact","PMID: 24223577"
"CD8_Cytotoxic","NK","CD69","KLRB1",0.262267642240128,0,"CLEC2C_KLRB1","CLEC2C - KLRB1","CLEC","Cell-Cell Contact","PMID: 24223577"
"B_Cell","NK","CD69","KLRB1",0.2708449019082,0,"CLEC2C_KLRB1","CLEC2C - KLRB1","CLEC","Cell-Cell Contact","PMID: 24223577"
"CD8_TRM","NK","CD69","KLRB1",0.280295386049461,0,"CLEC2C_KLRB1","CLEC2C - KLRB1","CLEC","Cell-Cell Contact","PMID: 24223577"
"Treg","NK","CD69","KLRB1",0.252067601252869,0,"CLEC2C_KLRB1","CLEC2C - KLRB1","CLEC","Cell-Cell Contact","PMID: 24223577"
"LAMP3_DC","NK","CD69","KLRB1",0.296842311913652,0,"CLEC2C_KLRB1","CLEC2C - KLRB1","CLEC","Cell-Cell Contact","PMID: 24223577"
"Cycling","NK","CD69","KLRB1",0.310834761252731,0,"CLEC2C_KLRB1","CLEC2C - KLRB1","CLEC","Cell-Cell Contact","PMID: 24223577"
"NK","CD4_T","CD69","KLRB1",0.0876726586190349,0,"CLEC2C_KLRB1","CLEC2C - KLRB1","CLEC","Cell-Cell Contact","PMID: 24223577"
"CD4_T","CD4_T","CD69","KLRB1",0.103763471322463,0,"CLEC2C_KLRB1","CLEC2C - KLRB1","CLEC","Cell-Cell Contact","PMID: 24223577"
"CD8_Cytotoxic","CD4_T","CD69","KLRB1",0.0921029659505216,0,"CLEC2C_KLRB1","CLEC2C - KLRB1","CLEC","Cell-Cell Contact","PMID: 24223577"
"B_Cell","CD4_T","CD69","KLRB1",0.0958380790595508,0,"CLEC2C_KLRB1","CLEC2C - KLRB1","CLEC","Cell-Cell Contact","PMID: 24223577"
"CD8_TRM","CD4_T","CD69","KLRB1",0.100019753162156,0,"CLEC2C_KLRB1","CLEC2C - KLRB1","CLEC","Cell-Cell Contact","PMID: 24223577"
"Treg","CD4_T","CD69","KLRB1",0.0877338857394617,0,"CLEC2C_KLRB1","CLEC2C - KLRB1","CLEC","Cell-Cell Contact","PMID: 24223577"
"LAMP3_DC","CD4_T","CD69","KLRB1",0.107514134163298,0,"CLEC2C_KLRB1","CLEC2C - KLRB1","CLEC","Cell-Cell Contact","PMID: 24223577"
"Cycling","CD4_T","CD69","KLRB1",0.114029359878519,0,"CLEC2C_KLRB1","CLEC2C - KLRB1","CLEC","Cell-Cell Contact","PMID: 24223577"
"CD4_T","CD8_TRM","CD69","KLRB1",0.0839445430249743,0,"CLEC2C_KLRB1","CLEC2C - KLRB1","CLEC","Cell-Cell Contact","PMID: 24223577"
"B_Cell","CD8_TRM","CD69","KLRB1",0.0774021752018512,0,"CLEC2C_KLRB1","CLEC2C - KLRB1","CLEC","Cell-Cell Contact","PMID: 24223577"
"CD8_TRM","CD8_TRM","CD69","KLRB1",0.0808513723171803,0.01,"CLEC2C_KLRB1","CLEC2C - KLRB1","CLEC","Cell-Cell Contact","PMID: 24223577"
"LAMP3_DC","CD8_TRM","CD69","KLRB1",0.08704840504982,0,"CLEC2C_KLRB1","CLEC2C - KLRB1","CLEC","Cell-Cell Contact","PMID: 24223577"
"Cycling","CD8_TRM","CD69","KLRB1",0.0924519036393364,0,"CLEC2C_KLRB1","CLEC2C - KLRB1","CLEC","Cell-Cell Contact","PMID: 24223577"
"NK","Treg","CD69","KLRB1",0.0778182850948826,0.02,"CLEC2C_KLRB1","CLEC2C - KLRB1","CLEC","Cell-Cell Contact","PMID: 24223577"
"CD4_T","Treg","CD69","KLRB1",0.0922834396090484,0,"CLEC2C_KLRB1","CLEC2C - KLRB1","CLEC","Cell-Cell Contact","PMID: 24223577"
"CD8_Cytotoxic","Treg","CD69","KLRB1",0.0817952729133474,0,"CLEC2C_KLRB1","CLEC2C - KLRB1","CLEC","Cell-Cell Contact","PMID: 24223577"
"B_Cell","Treg","CD69","KLRB1",0.0851515768253516,0,"CLEC2C_KLRB1","CLEC2C - KLRB1","CLEC","Cell-Cell Contact","PMID: 24223577"
"CD8_TRM","Treg","CD69","KLRB1",0.0889128227862375,0,"CLEC2C_KLRB1","CLEC2C - KLRB1","CLEC","Cell-Cell Contact","PMID: 24223577"
"Treg","Treg","CD69","KLRB1",0.0778732177266868,0.02,"CLEC2C_KLRB1","CLEC2C - KLRB1","CLEC","Cell-Cell Contact","PMID: 24223577"
"LAMP3_DC","Treg","CD69","KLRB1",0.0956634345558636,0,"CLEC2C_KLRB1","CLEC2C - KLRB1","CLEC","Cell-Cell Contact","PMID: 24223577"
"Cycling","Treg","CD69","KLRB1",0.101542228159649,0,"CLEC2C_KLRB1","CLEC2C - KLRB1","CLEC","Cell-Cell Contact","PMID: 24223577"
"CD4_T","LAMP3_DC","CD69","KLRB1",0.091587743709385,0,"CLEC2C_KLRB1","CLEC2C - KLRB1","CLEC","Cell-Cell Contact","PMID: 24223577"
"B_Cell","LAMP3_DC","CD69","KLRB1",0.0845046405151876,0.02,"CLEC2C_KLRB1","CLEC2C - KLRB1","CLEC","Cell-Cell Contact","PMID: 24223577"
"CD8_TRM","LAMP3_DC","CD69","KLRB1",0.0882400667747304,0.01,"CLEC2C_KLRB1","CLEC2C - KLRB1","CLEC","Cell-Cell Contact","PMID: 24223577"
"LAMP3_DC","LAMP3_DC","CD69","KLRB1",0.0949449231555806,0.01,"CLEC2C_KLRB1","CLEC2C - KLRB1","CLEC","Cell-Cell Contact","PMID: 24223577"
"Cycling","LAMP3_DC","CD69","KLRB1",0.100784483006973,0,"CLEC2C_KLRB1","CLEC2C - KLRB1","CLEC","Cell-Cell Contact","PMID: 24223577"
"NK","Cycling","CD69","KLRB1",0.152086576262856,0,"CLEC2C_KLRB1","CLEC2C - KLRB1","CLEC","Cell-Cell Contact","PMID: 24223577"
"CD4_T","Cycling","CD69","KLRB1",0.177696837366134,0,"CLEC2C_KLRB1","CLEC2C - KLRB1","CLEC","Cell-Cell Contact","PMID: 24223577"
"CD8_Cytotoxic","Cycling","CD69","KLRB1",0.159203866392253,0.01,"CLEC2C_KLRB1","CLEC2C - KLRB1","CLEC","Cell-Cell Contact","PMID: 24223577"
"B_Cell","Cycling","CD69","KLRB1",0.165165127193715,0,"CLEC2C_KLRB1","CLEC2C - KLRB1","CLEC","Cell-Cell Contact","PMID: 24223577"
"CD8_TRM","Cycling","CD69","KLRB1",0.171796970802756,0,"CLEC2C_KLRB1","CLEC2C - KLRB1","CLEC","Cell-Cell Contact","PMID: 24223577"
"Treg","Cycling","CD69","KLRB1",0.152185283716526,0.01,"CLEC2C_KLRB1","CLEC2C - KLRB1","CLEC","Cell-Cell Contact","PMID: 24223577"
"LAMP3_DC","Cycling","CD69","KLRB1",0.183572535702559,0,"CLEC2C_KLRB1","CLEC2C - KLRB1","CLEC","Cell-Cell Contact","PMID: 24223577"
"Cycling","Cycling","CD69","KLRB1",0.193696505090229,0,"CLEC2C_KLRB1","CLEC2C - KLRB1","CLEC","Cell-Cell Contact","PMID: 24223577"
"NK","NK","ICAM2","ITGAL_ITGB2",0.101494161657286,0,"ICAM2_ITGAL_ITGB2","ICAM2 - (ITGAL+ITGB2)","ICAM","Cell-Cell Contact","KEGG: hsa04514"
"Inflammatory_Macrophage","NK","ICAM2","ITGAL_ITGB2",0.12023924765833,0,"ICAM2_ITGAL_ITGB2","ICAM2 - (ITGAL+ITGB2)","ICAM","Cell-Cell Contact","KEGG: hsa04514"
"Treg","NK","ICAM2","ITGAL_ITGB2",0.102864319271871,0,"ICAM2_ITGAL_ITGB2","ICAM2 - (ITGAL+ITGB2)","ICAM","Cell-Cell Contact","KEGG: hsa04514"
"Stromal_2","NK","ICAM2","ITGAL_ITGB2",0.312210863940829,0,"ICAM2_ITGAL_ITGB2","ICAM2 - (ITGAL+ITGB2)","ICAM","Cell-Cell Contact","KEGG: hsa04514"
"LAMP3_DC","NK","ICAM2","ITGAL_ITGB2",0.116643854131023,0,"ICAM2_ITGAL_ITGB2","ICAM2 - (ITGAL+ITGB2)","ICAM","Cell-Cell Contact","KEGG: hsa04514"
"Cycling","NK","ICAM2","ITGAL_ITGB2",0.189297966811667,0,"ICAM2_ITGAL_ITGB2","ICAM2 - (ITGAL+ITGB2)","ICAM","Cell-Cell Contact","KEGG: hsa04514"
"NK","CD4_T","ICAM2","ITGAL_ITGB2",0.0778917104854695,0.03,"ICAM2_ITGAL_ITGB2","ICAM2 - (ITGAL+ITGB2)","ICAM","Cell-Cell Contact","KEGG: hsa04514"
"Inflammatory_Macrophage","CD4_T","ICAM2","ITGAL_ITGB2",0.092727503980133,0,"ICAM2_ITGAL_ITGB2","ICAM2 - (ITGAL+ITGB2)","ICAM","Cell-Cell Contact","KEGG: hsa04514"
"Stromal_2","CD4_T","ICAM2","ITGAL_ITGB2",0.253427546243339,0,"ICAM2_ITGAL_ITGB2","ICAM2 - (ITGAL+ITGB2)","ICAM","Cell-Cell Contact","KEGG: hsa04514"
"LAMP3_DC","CD4_T","ICAM2","ITGAL_ITGB2",0.089870729229168,0.03,"ICAM2_ITGAL_ITGB2","ICAM2 - (ITGAL+ITGB2)","ICAM","Cell-Cell Contact","KEGG: hsa04514"
"Cycling","CD4_T","ICAM2","ITGAL_ITGB2",0.148654974695836,0,"ICAM2_ITGAL_ITGB2","ICAM2 - (ITGAL+ITGB2)","ICAM","Cell-Cell Contact","KEGG: hsa04514"
"NK","CD8_Cytotoxic","ICAM2","ITGAL_ITGB2",0.102484377670156,0,"ICAM2_ITGAL_ITGB2","ICAM2 - (ITGAL+ITGB2)","ICAM","Cell-Cell Contact","KEGG: hsa04514"
"Inflammatory_Macrophage","CD8_Cytotoxic","ICAM2","ITGAL_ITGB2",0.121387640366322,0,"ICAM2_ITGAL_ITGB2","ICAM2 - (ITGAL+ITGB2)","ICAM","Cell-Cell Contact","KEGG: hsa04514"
"Treg","CD8_Cytotoxic","ICAM2","ITGAL_ITGB2",0.103866357766379,0,"ICAM2_ITGAL_ITGB2","ICAM2 - (ITGAL+ITGB2)","ICAM","Cell-Cell Contact","KEGG: hsa04514"
"Stromal_2","CD8_Cytotoxic","ICAM2","ITGAL_ITGB2",0.314537233722851,0,"ICAM2_ITGAL_ITGB2","ICAM2 - (ITGAL+ITGB2)","ICAM","Cell-Cell Contact","KEGG: hsa04514"
"LAMP3_DC","CD8_Cytotoxic","ICAM2","ITGAL_ITGB2",0.117762504165924,0,"ICAM2_ITGAL_ITGB2","ICAM2 - (ITGAL+ITGB2)","ICAM","Cell-Cell Contact","KEGG: hsa04514"
"Cycling","CD8_Cytotoxic","ICAM2","ITGAL_ITGB2",0.190962763976462,0,"ICAM2_ITGAL_ITGB2","ICAM2 - (ITGAL+ITGB2)","ICAM","Cell-Cell Contact","KEGG: hsa04514"
"Stromal_2","B_Cell","ICAM2","ITGAL_ITGB2",0.127566263966423,0,"ICAM2_ITGAL_ITGB2","ICAM2 - (ITGAL+ITGB2)","ICAM","Cell-Cell Contact","KEGG: hsa04514"
"NK","Inflammatory_Macrophage","ICAM2","ITGAL_ITGB2",0.0893261161102574,0,"ICAM2_ITGAL_ITGB2","ICAM2 - (ITGAL+ITGB2)","ICAM","Cell-Cell Contact","KEGG: hsa04514"
"Inflammatory_Macrophage","Inflammatory_Macrophage","ICAM2","ITGAL_ITGB2",0.106089219339446,0,"ICAM2_ITGAL_ITGB2","ICAM2 - (ITGAL+ITGB2)","ICAM","Cell-Cell Contact","KEGG: hsa04514"
"Treg","Inflammatory_Macrophage","ICAM2","ITGAL_ITGB2",0.090548561041277,0.01,"ICAM2_ITGAL_ITGB2","ICAM2 - (ITGAL+ITGB2)","ICAM","Cell-Cell Contact","KEGG: hsa04514"
"Stromal_2","Inflammatory_Macrophage","ICAM2","ITGAL_ITGB2",0.282729479303822,0,"ICAM2_ITGAL_ITGB2","ICAM2 - (ITGAL+ITGB2)","ICAM","Cell-Cell Contact","KEGG: hsa04514"
"LAMP3_DC","Inflammatory_Macrophage","ICAM2","ITGAL_ITGB2",0.102867466597051,0,"ICAM2_ITGAL_ITGB2","ICAM2 - (ITGAL+ITGB2)","ICAM","Cell-Cell Contact","KEGG: hsa04514"
"Cycling","Inflammatory_Macrophage","ICAM2","ITGAL_ITGB2",0.168578230459595,0,"ICAM2_ITGAL_ITGB2","ICAM2 - (ITGAL+ITGB2)","ICAM","Cell-Cell Contact","KEGG: hsa04514"
"NK","CD8_TRM","ICAM2","ITGAL_ITGB2",0.0940570233385188,0,"ICAM2_ITGAL_ITGB2","ICAM2 - (ITGAL+ITGB2)","ICAM","Cell-Cell Contact","KEGG: hsa04514"
"Inflammatory_Macrophage","CD8_TRM","ICAM2","ITGAL_ITGB2",0.111599139956728,0,"ICAM2_ITGAL_ITGB2","ICAM2 - (ITGAL+ITGB2)","ICAM","Cell-Cell Contact","KEGG: hsa04514"
"Treg","CD8_TRM","ICAM2","ITGAL_ITGB2",0.0953374337260441,0,"ICAM2_ITGAL_ITGB2","ICAM2 - (ITGAL+ITGB2)","ICAM","Cell-Cell Contact","KEGG: hsa04514"
"Stromal_2","CD8_TRM","ICAM2","ITGAL_ITGB2",0.294392192317679,0,"ICAM2_ITGAL_ITGB2","ICAM2 - (ITGAL+ITGB2)","ICAM","Cell-Cell Contact","KEGG: hsa04514"
"LAMP3_DC","CD8_TRM","ICAM2","ITGAL_ITGB2",0.108230319252653,0,"ICAM2_ITGAL_ITGB2","ICAM2 - (ITGAL+ITGB2)","ICAM","Cell-Cell Contact","KEGG: hsa04514"
"Cycling","CD8_TRM","ICAM2","ITGAL_ITGB2",0.176692116111206,0,"ICAM2_ITGAL_ITGB2","ICAM2 - (ITGAL+ITGB2)","ICAM","Cell-Cell Contact","KEGG: hsa04514"
"NK","Treg","ICAM2","ITGAL_ITGB2",0.0889293355986492,0,"ICAM2_ITGAL_ITGB2","ICAM2 - (ITGAL+ITGB2)","ICAM","Cell-Cell Contact","KEGG: hsa04514"
"Inflammatory_Macrophage","Treg","ICAM2","ITGAL_ITGB2",0.105626614747481,0,"ICAM2_ITGAL_ITGB2","ICAM2 - (ITGAL+ITGB2)","ICAM","Cell-Cell Contact","KEGG: hsa04514"
"Treg","Treg","ICAM2","ITGAL_ITGB2",0.0901468880257992,0,"ICAM2_ITGAL_ITGB2","ICAM2 - (ITGAL+ITGB2)","ICAM","Cell-Cell Contact","KEGG: hsa04514"
"Stromal_2","Treg","ICAM2","ITGAL_ITGB2",0.281739393211196,0,"ICAM2_ITGAL_ITGB2","ICAM2 - (ITGAL+ITGB2)","ICAM","Cell-Cell Contact","KEGG: hsa04514"
"LAMP3_DC","Treg","ICAM2","ITGAL_ITGB2",0.102417300964739,0,"ICAM2_ITGAL_ITGB2","ICAM2 - (ITGAL+ITGB2)","ICAM","Cell-Cell Contact","KEGG: hsa04514"
"Cycling","Treg","ICAM2","ITGAL_ITGB2",0.16789431913272,0,"ICAM2_ITGAL_ITGB2","ICAM2 - (ITGAL+ITGB2)","ICAM","Cell-Cell Contact","KEGG: hsa04514"
"Stromal_2","cDC2","ICAM2","ITGAL_ITGB2",0.211795252377364,0,"ICAM2_ITGAL_ITGB2","ICAM2 - (ITGAL+ITGB2)","ICAM","Cell-Cell Contact","KEGG: hsa04514"
"Cycling","cDC2","ICAM2","ITGAL_ITGB2",0.121434799264517,0,"ICAM2_ITGAL_ITGB2","ICAM2 - (ITGAL+ITGB2)","ICAM","Cell-Cell Contact","KEGG: hsa04514"
"Inflammatory_Macrophage","LAMP3_DC","ICAM2","ITGAL_ITGB2",0.0829932298246703,0.04,"ICAM2_ITGAL_ITGB2","ICAM2 - (ITGAL+ITGB2)","ICAM","Cell-Cell Contact","KEGG: hsa04514"
"Stromal_2","LAMP3_DC","ICAM2","ITGAL_ITGB2",0.231120897017714,0,"ICAM2_ITGAL_ITGB2","ICAM2 - (ITGAL+ITGB2)","ICAM","Cell-Cell Contact","KEGG: hsa04514"
"Cycling","LAMP3_DC","ICAM2","ITGAL_ITGB2",0.133916184660702,0,"ICAM2_ITGAL_ITGB2","ICAM2 - (ITGAL+ITGB2)","ICAM","Cell-Cell Contact","KEGG: hsa04514"
"NK","Cycling","ICAM2","ITGAL_ITGB2",0.0903944076309154,0,"ICAM2_ITGAL_ITGB2","ICAM2 - (ITGAL+ITGB2)","ICAM","Cell-Cell Contact","KEGG: hsa04514"
"Inflammatory_Macrophage","Cycling","ICAM2","ITGAL_ITGB2",0.107334359613177,0,"ICAM2_ITGAL_ITGB2","ICAM2 - (ITGAL+ITGB2)","ICAM","Cell-Cell Contact","KEGG: hsa04514"
"Treg","Cycling","ICAM2","ITGAL_ITGB2",0.0916300013257002,0.02,"ICAM2_ITGAL_ITGB2","ICAM2 - (ITGAL+ITGB2)","ICAM","Cell-Cell Contact","KEGG: hsa04514"
"Stromal_2","Cycling","ICAM2","ITGAL_ITGB2",0.2853859245427,0,"ICAM2_ITGAL_ITGB2","ICAM2 - (ITGAL+ITGB2)","ICAM","Cell-Cell Contact","KEGG: hsa04514"
"LAMP3_DC","Cycling","ICAM2","ITGAL_ITGB2",0.104079196633872,0.01,"ICAM2_ITGAL_ITGB2","ICAM2 - (ITGAL+ITGB2)","ICAM","Cell-Cell Contact","KEGG: hsa04514"
"Cycling","Cycling","ICAM2","ITGAL_ITGB2",0.170416967225442,0,"ICAM2_ITGAL_ITGB2","ICAM2 - (ITGAL+ITGB2)","ICAM","Cell-Cell Contact","KEGG: hsa04514"
"NK","NK","ICAM2","ITGAM_ITGB2",0.0803829676074727,0,"ICAM2_ITGAM_ITGB2","ICAM2 - (ITGAM+ITGB2)","ICAM","Cell-Cell Contact","KEGG: hsa04514"
"Inflammatory_Macrophage","NK","ICAM2","ITGAM_ITGB2",0.0956440462677495,0,"ICAM2_ITGAM_ITGB2","ICAM2 - (ITGAM+ITGB2)","ICAM","Cell-Cell Contact","KEGG: hsa04514"
"Treg","NK","ICAM2","ITGAM_ITGB2",0.0814939761104419,0,"ICAM2_ITGAM_ITGB2","ICAM2 - (ITGAM+ITGB2)","ICAM","Cell-Cell Contact","KEGG: hsa04514"
"Stromal_2","NK","ICAM2","ITGAM_ITGB2",0.259950359968345,0,"ICAM2_ITGAM_ITGB2","ICAM2 - (ITGAM+ITGB2)","ICAM","Cell-Cell Contact","KEGG: hsa04514"
"LAMP3_DC","NK","ICAM2","ITGAM_ITGB2",0.0927065992639679,0,"ICAM2_ITGAM_ITGB2","ICAM2 - (ITGAM+ITGB2)","ICAM","Cell-Cell Contact","KEGG: hsa04514"
"Cycling","NK","ICAM2","ITGAM_ITGB2",0.153033882387819,0,"ICAM2_ITGAM_ITGB2","ICAM2 - (ITGAM+ITGB2)","ICAM","Cell-Cell Contact","KEGG: hsa04514"
"NK","CD8_Cytotoxic","ICAM2","ITGAM_ITGB2",0.0471354357727344,0,"ICAM2_ITGAM_ITGB2","ICAM2 - (ITGAM+ITGB2)","ICAM","Cell-Cell Contact","KEGG: hsa04514"
"Inflammatory_Macrophage","CD8_Cytotoxic","ICAM2","ITGAM_ITGB2",0.0564719366348584,0,"ICAM2_ITGAM_ITGB2","ICAM2 - (ITGAM+ITGB2)","ICAM","Cell-Cell Contact","KEGG: hsa04514"
"Treg","CD8_Cytotoxic","ICAM2","ITGAM_ITGB2",0.0478108063137258,0,"ICAM2_ITGAM_ITGB2","ICAM2 - (ITGAM+ITGB2)","ICAM","Cell-Cell Contact","KEGG: hsa04514"
"Stromal_2","CD8_Cytotoxic","ICAM2","ITGAM_ITGB2",0.165823743911627,0,"ICAM2_ITGAM_ITGB2","ICAM2 - (ITGAM+ITGB2)","ICAM","Cell-Cell Contact","KEGG: hsa04514"
"LAMP3_DC","CD8_Cytotoxic","ICAM2","ITGAM_ITGB2",0.0546648339029184,0,"ICAM2_ITGAM_ITGB2","ICAM2 - (ITGAM+ITGB2)","ICAM","Cell-Cell Contact","KEGG: hsa04514"
"Cycling","CD8_Cytotoxic","ICAM2","ITGAM_ITGB2",0.0927682028440286,0,"ICAM2_ITGAM_ITGB2","ICAM2 - (ITGAM+ITGB2)","ICAM","Cell-Cell Contact","KEGG: hsa04514"
"NK","Inflammatory_Macrophage","ICAM2","ITGAM_ITGB2",0.0435702061158066,0,"ICAM2_ITGAM_ITGB2","ICAM2 - (ITGAM+ITGB2)","ICAM","Cell-Cell Contact","KEGG: hsa04514"
"Inflammatory_Macrophage","Inflammatory_Macrophage","ICAM2","ITGAM_ITGB2",0.052239228742556,0,"ICAM2_ITGAM_ITGB2","ICAM2 - (ITGAM+ITGB2)","ICAM","Cell-Cell Contact","KEGG: hsa04514"
"Treg","Inflammatory_Macrophage","ICAM2","ITGAM_ITGB2",0.0441968624077295,0,"ICAM2_ITGAM_ITGB2","ICAM2 - (ITGAM+ITGB2)","ICAM","Cell-Cell Contact","KEGG: hsa04514"
"Stromal_2","Inflammatory_Macrophage","ICAM2","ITGAM_ITGB2",0.15473903178766,0,"ICAM2_ITGAM_ITGB2","ICAM2 - (ITGAM+ITGB2)","ICAM","Cell-Cell Contact","KEGG: hsa04514"
"LAMP3_DC","Inflammatory_Macrophage","ICAM2","ITGAM_ITGB2",0.0505603146124657,0,"ICAM2_ITGAM_ITGB2","ICAM2 - (ITGAM+ITGB2)","ICAM","Cell-Cell Contact","KEGG: hsa04514"
"Cycling","Inflammatory_Macrophage","ICAM2","ITGAM_ITGB2",0.0860631497774668,0,"ICAM2_ITGAM_ITGB2","ICAM2 - (ITGAM+ITGB2)","ICAM","Cell-Cell Contact","KEGG: hsa04514"
"NK","cDC2","ICAM2","ITGAM_ITGB2",0.0423438256084921,0,"ICAM2_ITGAM_ITGB2","ICAM2 - (ITGAM+ITGB2)","ICAM","Cell-Cell Contact","KEGG: hsa04514"
"Inflammatory_Macrophage","cDC2","ICAM2","ITGAM_ITGB2",0.0507817949773679,0,"ICAM2_ITGAM_ITGB2","ICAM2 - (ITGAM+ITGB2)","ICAM","Cell-Cell Contact","KEGG: hsa04514"
"Treg","cDC2","ICAM2","ITGAM_ITGB2",0.0429536354212363,0,"ICAM2_ITGAM_ITGB2","ICAM2 - (ITGAM+ITGB2)","ICAM","Cell-Cell Contact","KEGG: hsa04514"
"Stromal_2","cDC2","ICAM2","ITGAM_ITGB2",0.150877172879922,0,"ICAM2_ITGAM_ITGB2","ICAM2 - (ITGAM+ITGB2)","ICAM","Cell-Cell Contact","KEGG: hsa04514"
"LAMP3_DC","cDC2","ICAM2","ITGAM_ITGB2",0.0491472922769929,0,"ICAM2_ITGAM_ITGB2","ICAM2 - (ITGAM+ITGB2)","ICAM","Cell-Cell Contact","KEGG: hsa04514"
"Cycling","cDC2","ICAM2","ITGAM_ITGB2",0.0837454381584505,0,"ICAM2_ITGAM_ITGB2","ICAM2 - (ITGAM+ITGB2)","ICAM","Cell-Cell Contact","KEGG: hsa04514"
"NK","Cycling","ICAM2","ITGAM_ITGB2",0.0649774331934893,0,"ICAM2_ITGAM_ITGB2","ICAM2 - (ITGAM+ITGB2)","ICAM","Cell-Cell Contact","KEGG: hsa04514"
"Inflammatory_Macrophage","Cycling","ICAM2","ITGAM_ITGB2",0.0775603780600764,0,"ICAM2_ITGAM_ITGB2","ICAM2 - (ITGAM+ITGB2)","ICAM","Cell-Cell Contact","KEGG: hsa04514"
"Treg","Cycling","ICAM2","ITGAM_ITGB2",0.0658907712468288,0,"ICAM2_ITGAM_ITGB2","ICAM2 - (ITGAM+ITGB2)","ICAM","Cell-Cell Contact","KEGG: hsa04514"
"Stromal_2","Cycling","ICAM2","ITGAM_ITGB2",0.218299755247098,0,"ICAM2_ITGAM_ITGB2","ICAM2 - (ITGAM+ITGB2)","ICAM","Cell-Cell Contact","KEGG: hsa04514"
"LAMP3_DC","Cycling","ICAM2","ITGAM_ITGB2",0.0751321809786649,0,"ICAM2_ITGAM_ITGB2","ICAM2 - (ITGAM+ITGB2)","ICAM","Cell-Cell Contact","KEGG: hsa04514"
"Cycling","Cycling","ICAM2","ITGAM_ITGB2",0.125606448135055,0,"ICAM2_ITGAM_ITGB2","ICAM2 - (ITGAM+ITGB2)","ICAM","Cell-Cell Contact","KEGG: hsa04514"
"NK","CD8_Cytotoxic","LCK","CD8 receptor",0.121224863343778,0,"LCK_CD8A_CD8B1","LCK - (CD8A+CD8B1)","LCK","Cell-Cell Contact","PMID: 25427562"
"CD4_T","CD8_Cytotoxic","LCK","CD8 receptor",0.140802205742844,0,"LCK_CD8A_CD8B1","LCK - (CD8A+CD8B1)","LCK","Cell-Cell Contact","PMID: 25427562"
"CD8_Cytotoxic","CD8_Cytotoxic","LCK","CD8 receptor",0.177003082783436,0,"LCK_CD8A_CD8B1","LCK - (CD8A+CD8B1)","LCK","Cell-Cell Contact","PMID: 25427562"
"CD8_TRM","CD8_Cytotoxic","LCK","CD8 receptor",0.147301749179622,0,"LCK_CD8A_CD8B1","LCK - (CD8A+CD8B1)","LCK","Cell-Cell Contact","PMID: 25427562"
"Treg","CD8_Cytotoxic","LCK","CD8 receptor",0.14201036550632,0,"LCK_CD8A_CD8B1","LCK - (CD8A+CD8B1)","LCK","Cell-Cell Contact","PMID: 25427562"
"LAMP3_DC","CD8_Cytotoxic","LCK","CD8 receptor",0.134412671471973,0,"LCK_CD8A_CD8B1","LCK - (CD8A+CD8B1)","LCK","Cell-Cell Contact","PMID: 25427562"
"Cycling","CD8_Cytotoxic","LCK","CD8 receptor",0.124417077082903,0,"LCK_CD8A_CD8B1","LCK - (CD8A+CD8B1)","LCK","Cell-Cell Contact","PMID: 25427562"
"NK","CD8_TRM","LCK","CD8 receptor",0.128003399051476,0,"LCK_CD8A_CD8B1","LCK - (CD8A+CD8B1)","LCK","Cell-Cell Contact","PMID: 25427562"
"CD4_T","CD8_TRM","LCK","CD8 receptor",0.148490471084968,0,"LCK_CD8A_CD8B1","LCK - (CD8A+CD8B1)","LCK","Cell-Cell Contact","PMID: 25427562"
"CD8_Cytotoxic","CD8_TRM","LCK","CD8 receptor",0.186239569110716,0,"LCK_CD8A_CD8B1","LCK - (CD8A+CD8B1)","LCK","Cell-Cell Contact","PMID: 25427562"
"CD8_TRM","CD8_TRM","LCK","CD8 receptor",0.155280771448757,0,"LCK_CD8A_CD8B1","LCK - (CD8A+CD8B1)","LCK","Cell-Cell Contact","PMID: 25427562"
"Treg","CD8_TRM","LCK","CD8 receptor",0.14975310226424,0,"LCK_CD8A_CD8B1","LCK - (CD8A+CD8B1)","LCK","Cell-Cell Contact","PMID: 25427562"
"LAMP3_DC","CD8_TRM","LCK","CD8 receptor",0.141809630993543,0,"LCK_CD8A_CD8B1","LCK - (CD8A+CD8B1)","LCK","Cell-Cell Contact","PMID: 25427562"
"Cycling","CD8_TRM","LCK","CD8 receptor",0.131347432298023,0,"LCK_CD8A_CD8B1","LCK - (CD8A+CD8B1)","LCK","Cell-Cell Contact","PMID: 25427562"
"NK","CD8_Cytotoxic","HLA-A","CD8A",0.361632625259001,0,"HLA-A_CD8A","HLA-A - CD8A","MHC-I","Cell-Cell Contact","KEGG: hsa04514"
"CD4_T","CD8_Cytotoxic","HLA-A","CD8A",0.364444312443556,0,"HLA-A_CD8A","HLA-A - CD8A","MHC-I","Cell-Cell Contact","KEGG: hsa04514"
"CD8_Cytotoxic","CD8_Cytotoxic","HLA-A","CD8A",0.366910139699305,0,"HLA-A_CD8A","HLA-A - CD8A","MHC-I","Cell-Cell Contact","KEGG: hsa04514"
"B_Cell","CD8_Cytotoxic","HLA-A","CD8A",0.362383139865269,0,"HLA-A_CD8A","HLA-A - CD8A","MHC-I","Cell-Cell Contact","KEGG: hsa04514"
"Inflammatory_Macrophage","CD8_Cytotoxic","HLA-A","CD8A",0.361242604003229,0,"HLA-A_CD8A","HLA-A - CD8A","MHC-I","Cell-Cell Contact","KEGG: hsa04514"
"CD8_TRM","CD8_Cytotoxic","HLA-A","CD8A",0.367206453508867,0,"HLA-A_CD8A","HLA-A - CD8A","MHC-I","Cell-Cell Contact","KEGG: hsa04514"
"Treg","CD8_Cytotoxic","HLA-A","CD8A",0.364810259715014,0,"HLA-A_CD8A","HLA-A - CD8A","MHC-I","Cell-Cell Contact","KEGG: hsa04514"
"cDC2","CD8_Cytotoxic","HLA-A","CD8A",0.33724094208622,0,"HLA-A_CD8A","HLA-A - CD8A","MHC-I","Cell-Cell Contact","KEGG: hsa04514"
"Stromal_1","CD8_Cytotoxic","HLA-A","CD8A",0.234519681846117,0,"HLA-A_CD8A","HLA-A - CD8A","MHC-I","Cell-Cell Contact","KEGG: hsa04514"
"Stromal_2","CD8_Cytotoxic","HLA-A","CD8A",0.348310206326588,0,"HLA-A_CD8A","HLA-A - CD8A","MHC-I","Cell-Cell Contact","KEGG: hsa04514"
"LAMP3_DC","CD8_Cytotoxic","HLA-A","CD8A",0.367343411803348,0,"HLA-A_CD8A","HLA-A - CD8A","MHC-I","Cell-Cell Contact","KEGG: hsa04514"
"Cycling","CD8_Cytotoxic","HLA-A","CD8A",0.350666962787369,0,"HLA-A_CD8A","HLA-A - CD8A","MHC-I","Cell-Cell Contact","KEGG: hsa04514"
"NK","CD8_TRM","HLA-A","CD8A",0.380711751070058,0,"HLA-A_CD8A","HLA-A - CD8A","MHC-I","Cell-Cell Contact","KEGG: hsa04514"
"CD4_T","CD8_TRM","HLA-A","CD8A",0.383582643554298,0,"HLA-A_CD8A","HLA-A - CD8A","MHC-I","Cell-Cell Contact","KEGG: hsa04514"
"CD8_Cytotoxic","CD8_TRM","HLA-A","CD8A",0.386099295713526,0,"HLA-A_CD8A","HLA-A - CD8A","MHC-I","Cell-Cell Contact","KEGG: hsa04514"
"B_Cell","CD8_TRM","HLA-A","CD8A",0.38147819968823,0,"HLA-A_CD8A","HLA-A - CD8A","MHC-I","Cell-Cell Contact","KEGG: hsa04514"
"Inflammatory_Macrophage","CD8_TRM","HLA-A","CD8A",0.3803134118128,0,"HLA-A_CD8A","HLA-A - CD8A","MHC-I","Cell-Cell Contact","KEGG: hsa04514"
"CD8_TRM","CD8_TRM","HLA-A","CD8A",0.386401648051193,0,"HLA-A_CD8A","HLA-A - CD8A","MHC-I","Cell-Cell Contact","KEGG: hsa04514"
"Treg","CD8_TRM","HLA-A","CD8A",0.383956198423583,0,"HLA-A_CD8A","HLA-A - CD8A","MHC-I","Cell-Cell Contact","KEGG: hsa04514"
"cDC2","CD8_TRM","HLA-A","CD8A",0.35575034945842,0,"HLA-A_CD8A","HLA-A - CD8A","MHC-I","Cell-Cell Contact","KEGG: hsa04514"
"Stromal_1","CD8_TRM","HLA-A","CD8A",0.249513769765429,0,"HLA-A_CD8A","HLA-A - CD8A","MHC-I","Cell-Cell Contact","KEGG: hsa04514"
"Stromal_2","CD8_TRM","HLA-A","CD8A",0.367090645488158,0,"HLA-A_CD8A","HLA-A - CD8A","MHC-I","Cell-Cell Contact","KEGG: hsa04514"
"LAMP3_DC","CD8_TRM","HLA-A","CD8A",0.386541392393381,0,"HLA-A_CD8A","HLA-A - CD8A","MHC-I","Cell-Cell Contact","KEGG: hsa04514"
"Cycling","CD8_TRM","HLA-A","CD8A",0.36950242578932,0,"HLA-A_CD8A","HLA-A - CD8A","MHC-I","Cell-Cell Contact","KEGG: hsa04514"
"NK","CD8_Cytotoxic","HLA-B","CD8A",0.37383110620792,0,"HLA-B_CD8A","HLA-B - CD8A","MHC-I","Cell-Cell Contact","KEGG: hsa04514"
"CD4_T","CD8_Cytotoxic","HLA-B","CD8A",0.376847158733138,0,"HLA-B_CD8A","HLA-B - CD8A","MHC-I","Cell-Cell Contact","KEGG: hsa04514"
"CD8_Cytotoxic","CD8_Cytotoxic","HLA-B","CD8A",0.379809736062736,0,"HLA-B_CD8A","HLA-B - CD8A","MHC-I","Cell-Cell Contact","KEGG: hsa04514"
"B_Cell","CD8_Cytotoxic","HLA-B","CD8A",0.377745713100345,0,"HLA-B_CD8A","HLA-B - CD8A","MHC-I","Cell-Cell Contact","KEGG: hsa04514"
"Inflammatory_Macrophage","CD8_Cytotoxic","HLA-B","CD8A",0.374871216204212,0,"HLA-B_CD8A","HLA-B - CD8A","MHC-I","Cell-Cell Contact","KEGG: hsa04514"
"CD8_TRM","CD8_Cytotoxic","HLA-B","CD8A",0.380020219850531,0,"HLA-B_CD8A","HLA-B - CD8A","MHC-I","Cell-Cell Contact","KEGG: hsa04514"
"Treg","CD8_Cytotoxic","HLA-B","CD8A",0.377342084369346,0,"HLA-B_CD8A","HLA-B - CD8A","MHC-I","Cell-Cell Contact","KEGG: hsa04514"
"cDC2","CD8_Cytotoxic","HLA-B","CD8A",0.356954133388652,0,"HLA-B_CD8A","HLA-B - CD8A","MHC-I","Cell-Cell Contact","KEGG: hsa04514"
"Stromal_1","CD8_Cytotoxic","HLA-B","CD8A",0.242687196136161,0,"HLA-B_CD8A","HLA-B - CD8A","MHC-I","Cell-Cell Contact","KEGG: hsa04514"
"Stromal_2","CD8_Cytotoxic","HLA-B","CD8A",0.373268303418585,0,"HLA-B_CD8A","HLA-B - CD8A","MHC-I","Cell-Cell Contact","KEGG: hsa04514"
"LAMP3_DC","CD8_Cytotoxic","HLA-B","CD8A",0.381586507697411,0,"HLA-B_CD8A","HLA-B - CD8A","MHC-I","Cell-Cell Contact","KEGG: hsa04514"
"Cycling","CD8_Cytotoxic","HLA-B","CD8A",0.362487974849161,0,"HLA-B_CD8A","HLA-B - CD8A","MHC-I","Cell-Cell Contact","KEGG: hsa04514"
"NK","CD8_TRM","HLA-B","CD8A",0.393157440859081,0,"HLA-B_CD8A","HLA-B - CD8A","MHC-I","Cell-Cell Contact","KEGG: hsa04514"
"CD4_T","CD8_TRM","HLA-B","CD8A",0.396230750898601,0,"HLA-B_CD8A","HLA-B - CD8A","MHC-I","Cell-Cell Contact","KEGG: hsa04514"
"CD8_Cytotoxic","CD8_TRM","HLA-B","CD8A",0.399248081170299,0,"HLA-B_CD8A","HLA-B - CD8A","MHC-I","Cell-Cell Contact","KEGG: hsa04514"
"B_Cell","CD8_TRM","HLA-B","CD8A",0.397146067822255,0,"HLA-B_CD8A","HLA-B - CD8A","MHC-I","Cell-Cell Contact","KEGG: hsa04514"
"Inflammatory_Macrophage","CD8_TRM","HLA-B","CD8A",0.394217469458763,0,"HLA-B_CD8A","HLA-B - CD8A","MHC-I","Cell-Cell Contact","KEGG: hsa04514"
"CD8_TRM","CD8_TRM","HLA-B","CD8A",0.399462398887077,0,"HLA-B_CD8A","HLA-B - CD8A","MHC-I","Cell-Cell Contact","KEGG: hsa04514"
"Treg","CD8_TRM","HLA-B","CD8A",0.396734926182172,0,"HLA-B_CD8A","HLA-B - CD8A","MHC-I","Cell-Cell Contact","KEGG: hsa04514"
"cDC2","CD8_TRM","HLA-B","CD8A",0.375931786598914,0,"HLA-B_CD8A","HLA-B - CD8A","MHC-I","Cell-Cell Contact","KEGG: hsa04514"
"Stromal_1","CD8_TRM","HLA-B","CD8A",0.258027456374191,0,"HLA-B_CD8A","HLA-B - CD8A","MHC-I","Cell-Cell Contact","KEGG: hsa04514"
"Stromal_2","CD8_TRM","HLA-B","CD8A",0.39258378421599,0,"HLA-B_CD8A","HLA-B - CD8A","MHC-I","Cell-Cell Contact","KEGG: hsa04514"
"LAMP3_DC","CD8_TRM","HLA-B","CD8A",0.401056982618505,0,"HLA-B_CD8A","HLA-B - CD8A","MHC-I","Cell-Cell Contact","KEGG: hsa04514"
"Cycling","CD8_TRM","HLA-B","CD8A",0.381585252833109,0,"HLA-B_CD8A","HLA-B - CD8A","MHC-I","Cell-Cell Contact","KEGG: hsa04514"
"NK","CD8_Cytotoxic","HLA-C","CD8A",0.357916234603837,0,"HLA-C_CD8A","HLA-C - CD8A","MHC-I","Cell-Cell Contact","KEGG: hsa04514"
"CD4_T","CD8_Cytotoxic","HLA-C","CD8A",0.357504578631041,0,"HLA-C_CD8A","HLA-C - CD8A","MHC-I","Cell-Cell Contact","KEGG: hsa04514"
"CD8_Cytotoxic","CD8_Cytotoxic","HLA-C","CD8A",0.361240999617639,0,"HLA-C_CD8A","HLA-C - CD8A","MHC-I","Cell-Cell Contact","KEGG: hsa04514"
"B_Cell","CD8_Cytotoxic","HLA-C","CD8A",0.357549878265178,0,"HLA-C_CD8A","HLA-C - CD8A","MHC-I","Cell-Cell Contact","KEGG: hsa04514"
"Inflammatory_Macrophage","CD8_Cytotoxic","HLA-C","CD8A",0.353600222920594,0,"HLA-C_CD8A","HLA-C - CD8A","MHC-I","Cell-Cell Contact","KEGG: hsa04514"
"CD8_TRM","CD8_Cytotoxic","HLA-C","CD8A",0.362276591990897,0,"HLA-C_CD8A","HLA-C - CD8A","MHC-I","Cell-Cell Contact","KEGG: hsa04514"
"Treg","CD8_Cytotoxic","HLA-C","CD8A",0.355591572978806,0,"HLA-C_CD8A","HLA-C - CD8A","MHC-I","Cell-Cell Contact","KEGG: hsa04514"
"cDC2","CD8_Cytotoxic","HLA-C","CD8A",0.332403452424964,0,"HLA-C_CD8A","HLA-C - CD8A","MHC-I","Cell-Cell Contact","KEGG: hsa04514"
"Stromal_1","CD8_Cytotoxic","HLA-C","CD8A",0.213092175070841,0,"HLA-C_CD8A","HLA-C - CD8A","MHC-I","Cell-Cell Contact","KEGG: hsa04514"
"Stromal_2","CD8_Cytotoxic","HLA-C","CD8A",0.364186531421837,0,"HLA-C_CD8A","HLA-C - CD8A","MHC-I","Cell-Cell Contact","KEGG: hsa04514"
"LAMP3_DC","CD8_Cytotoxic","HLA-C","CD8A",0.352125104900877,0,"HLA-C_CD8A","HLA-C - CD8A","MHC-I","Cell-Cell Contact","KEGG: hsa04514"
"Cycling","CD8_Cytotoxic","HLA-C","CD8A",0.34820892979932,0,"HLA-C_CD8A","HLA-C - CD8A","MHC-I","Cell-Cell Contact","KEGG: hsa04514"
"NK","CD8_TRM","HLA-C","CD8A",0.376915056995201,0,"HLA-C_CD8A","HLA-C - CD8A","MHC-I","Cell-Cell Contact","KEGG: hsa04514"
"CD4_T","CD8_TRM","HLA-C","CD8A",0.376494362472519,0,"HLA-C_CD8A","HLA-C - CD8A","MHC-I","Cell-Cell Contact","KEGG: hsa04514"
"CD8_Cytotoxic","CD8_TRM","HLA-C","CD8A",0.380311773157367,0,"HLA-C_CD8A","HLA-C - CD8A","MHC-I","Cell-Cell Contact","KEGG: hsa04514"
"B_Cell","CD8_TRM","HLA-C","CD8A",0.376540658133041,0,"HLA-C_CD8A","HLA-C - CD8A","MHC-I","Cell-Cell Contact","KEGG: hsa04514"
"Inflammatory_Macrophage","CD8_TRM","HLA-C","CD8A",0.372502856327224,0,"HLA-C_CD8A","HLA-C - CD8A","MHC-I","Cell-Cell Contact","KEGG: hsa04514"
"CD8_TRM","CD8_TRM","HLA-C","CD8A",0.381369395509852,0,"HLA-C_CD8A","HLA-C - CD8A","MHC-I","Cell-Cell Contact","KEGG: hsa04514"
"Treg","CD8_TRM","HLA-C","CD8A",0.374538978002843,0,"HLA-C_CD8A","HLA-C - CD8A","MHC-I","Cell-Cell Contact","KEGG: hsa04514"
"cDC2","CD8_TRM","HLA-C","CD8A",0.350787882517542,0,"HLA-C_CD8A","HLA-C - CD8A","MHC-I","Cell-Cell Contact","KEGG: hsa04514"
"Stromal_1","CD8_TRM","HLA-C","CD8A",0.227122768630199,0,"HLA-C_CD8A","HLA-C - CD8A","MHC-I","Cell-Cell Contact","KEGG: hsa04514"
"Stromal_2","CD8_TRM","HLA-C","CD8A",0.383319490017674,0,"HLA-C_CD8A","HLA-C - CD8A","MHC-I","Cell-Cell Contact","KEGG: hsa04514"
"LAMP3_DC","CD8_TRM","HLA-C","CD8A",0.370994140713629,0,"HLA-C_CD8A","HLA-C - CD8A","MHC-I","Cell-Cell Contact","KEGG: hsa04514"
"Cycling","CD8_TRM","HLA-C","CD8A",0.36698698335236,0,"HLA-C_CD8A","HLA-C - CD8A","MHC-I","Cell-Cell Contact","KEGG: hsa04514"
"NK","CD8_Cytotoxic","HLA-E","CD8A",0.340163134615661,0,"HLA-E_CD8A","HLA-E - CD8A","MHC-I","Cell-Cell Contact","KEGG: hsa04514"
"CD4_T","CD8_Cytotoxic","HLA-E","CD8A",0.344723488362585,0,"HLA-E_CD8A","HLA-E - CD8A","MHC-I","Cell-Cell Contact","KEGG: hsa04514"
"CD8_Cytotoxic","CD8_Cytotoxic","HLA-E","CD8A",0.342508237101548,0,"HLA-E_CD8A","HLA-E - CD8A","MHC-I","Cell-Cell Contact","KEGG: hsa04514"
"B_Cell","CD8_Cytotoxic","HLA-E","CD8A",0.346717498524444,0,"HLA-E_CD8A","HLA-E - CD8A","MHC-I","Cell-Cell Contact","KEGG: hsa04514"
"Inflammatory_Macrophage","CD8_Cytotoxic","HLA-E","CD8A",0.343018517365026,0,"HLA-E_CD8A","HLA-E - CD8A","MHC-I","Cell-Cell Contact","KEGG: hsa04514"
"CD8_TRM","CD8_Cytotoxic","HLA-E","CD8A",0.345610822968366,0,"HLA-E_CD8A","HLA-E - CD8A","MHC-I","Cell-Cell Contact","KEGG: hsa04514"
"Treg","CD8_Cytotoxic","HLA-E","CD8A",0.341361636723558,0,"HLA-E_CD8A","HLA-E - CD8A","MHC-I","Cell-Cell Contact","KEGG: hsa04514"
"cDC2","CD8_Cytotoxic","HLA-E","CD8A",0.312891482634394,0,"HLA-E_CD8A","HLA-E - CD8A","MHC-I","Cell-Cell Contact","KEGG: hsa04514"
"Stromal_1","CD8_Cytotoxic","HLA-E","CD8A",0.084008990398996,0.01,"HLA-E_CD8A","HLA-E - CD8A","MHC-I","Cell-Cell Contact","KEGG: hsa04514"
"Stromal_2","CD8_Cytotoxic","HLA-E","CD8A",0.31820211054607,0,"HLA-E_CD8A","HLA-E - CD8A","MHC-I","Cell-Cell Contact","KEGG: hsa04514"
"LAMP3_DC","CD8_Cytotoxic","HLA-E","CD8A",0.348836355486934,0,"HLA-E_CD8A","HLA-E - CD8A","MHC-I","Cell-Cell Contact","KEGG: hsa04514"
"Cycling","CD8_Cytotoxic","HLA-E","CD8A",0.322188453772831,0,"HLA-E_CD8A","HLA-E - CD8A","MHC-I","Cell-Cell Contact","KEGG: hsa04514"
"NK","CD8_TRM","HLA-E","CD8A",0.358746111428294,0,"HLA-E_CD8A","HLA-E - CD8A","MHC-I","Cell-Cell Contact","KEGG: hsa04514"
"CD4_T","CD8_TRM","HLA-E","CD8A",0.363418381973441,0,"HLA-E_CD8A","HLA-E - CD8A","MHC-I","Cell-Cell Contact","KEGG: hsa04514"
"CD8_Cytotoxic","CD8_TRM","HLA-E","CD8A",0.361149206245811,0,"HLA-E_CD8A","HLA-E - CD8A","MHC-I","Cell-Cell Contact","KEGG: hsa04514"
"B_Cell","CD8_TRM","HLA-E","CD8A",0.365460219635706,0,"HLA-E_CD8A","HLA-E - CD8A","MHC-I","Cell-Cell Contact","KEGG: hsa04514"
"Inflammatory_Macrophage","CD8_TRM","HLA-E","CD8A",0.361671981707031,0,"HLA-E_CD8A","HLA-E - CD8A","MHC-I","Cell-Cell Contact","KEGG: hsa04514"
"CD8_TRM","CD8_TRM","HLA-E","CD8A",0.364327083033067,0,"HLA-E_CD8A","HLA-E - CD8A","MHC-I","Cell-Cell Contact","KEGG: hsa04514"
"Treg","CD8_TRM","HLA-E","CD8A",0.359974368019961,0,"HLA-E_CD8A","HLA-E - CD8A","MHC-I","Cell-Cell Contact","KEGG: hsa04514"
"cDC2","CD8_TRM","HLA-E","CD8A",0.330731375229439,0,"HLA-E_CD8A","HLA-E - CD8A","MHC-I","Cell-Cell Contact","KEGG: hsa04514"
"Stromal_1","CD8_TRM","HLA-E","CD8A",0.0905180444929274,0,"HLA-E_CD8A","HLA-E - CD8A","MHC-I","Cell-Cell Contact","KEGG: hsa04514"
"Stromal_2","CD8_TRM","HLA-E","CD8A",0.336196641453743,0,"HLA-E_CD8A","HLA-E - CD8A","MHC-I","Cell-Cell Contact","KEGG: hsa04514"
"LAMP3_DC","CD8_TRM","HLA-E","CD8A",0.367629160344241,0,"HLA-E_CD8A","HLA-E - CD8A","MHC-I","Cell-Cell Contact","KEGG: hsa04514"
"Cycling","CD8_TRM","HLA-E","CD8A",0.340295899189249,0,"HLA-E_CD8A","HLA-E - CD8A","MHC-I","Cell-Cell Contact","KEGG: hsa04514"
"NK","CD8_Cytotoxic","HLA-F","CD8A",0.316416585154145,0,"HLA-F_CD8A","HLA-F - CD8A","MHC-I","Cell-Cell Contact","KEGG: hsa04514"
"CD4_T","CD8_Cytotoxic","HLA-F","CD8A",0.314119304453799,0,"HLA-F_CD8A","HLA-F - CD8A","MHC-I","Cell-Cell Contact","KEGG: hsa04514"
"CD8_Cytotoxic","CD8_Cytotoxic","HLA-F","CD8A",0.317676523712422,0,"HLA-F_CD8A","HLA-F - CD8A","MHC-I","Cell-Cell Contact","KEGG: hsa04514"
"B_Cell","CD8_Cytotoxic","HLA-F","CD8A",0.309082274028891,0,"HLA-F_CD8A","HLA-F - CD8A","MHC-I","Cell-Cell Contact","KEGG: hsa04514"
"Inflammatory_Macrophage","CD8_Cytotoxic","HLA-F","CD8A",0.279926793638272,0,"HLA-F_CD8A","HLA-F - CD8A","MHC-I","Cell-Cell Contact","KEGG: hsa04514"
"CD8_TRM","CD8_Cytotoxic","HLA-F","CD8A",0.322489982714017,0,"HLA-F_CD8A","HLA-F - CD8A","MHC-I","Cell-Cell Contact","KEGG: hsa04514"
"Treg","CD8_Cytotoxic","HLA-F","CD8A",0.315523312374059,0,"HLA-F_CD8A","HLA-F - CD8A","MHC-I","Cell-Cell Contact","KEGG: hsa04514"
"cDC2","CD8_Cytotoxic","HLA-F","CD8A",0.205401974332795,0,"HLA-F_CD8A","HLA-F - CD8A","MHC-I","Cell-Cell Contact","KEGG: hsa04514"
"Stromal_2","CD8_Cytotoxic","HLA-F","CD8A",0.235252382375709,0,"HLA-F_CD8A","HLA-F - CD8A","MHC-I","Cell-Cell Contact","KEGG: hsa04514"
"LAMP3_DC","CD8_Cytotoxic","HLA-F","CD8A",0.312551151107204,0,"HLA-F_CD8A","HLA-F - CD8A","MHC-I","Cell-Cell Contact","KEGG: hsa04514"
"Cycling","CD8_Cytotoxic","HLA-F","CD8A",0.30501587637206,0,"HLA-F_CD8A","HLA-F - CD8A","MHC-I","Cell-Cell Contact","KEGG: hsa04514"
"NK","CD8_TRM","HLA-F","CD8A",0.334359661314063,0,"HLA-F_CD8A","HLA-F - CD8A","MHC-I","Cell-Cell Contact","KEGG: hsa04514"
"CD4_T","CD8_TRM","HLA-F","CD8A",0.331995377606066,0,"HLA-F_CD8A","HLA-F - CD8A","MHC-I","Cell-Cell Contact","KEGG: hsa04514"
"CD8_Cytotoxic","CD8_TRM","HLA-F","CD8A",0.335655964923674,0,"HLA-F_CD8A","HLA-F - CD8A","MHC-I","Cell-Cell Contact","KEGG: hsa04514"
"B_Cell","CD8_TRM","HLA-F","CD8A",0.32680828006603,0,"HLA-F_CD8A","HLA-F - CD8A","MHC-I","Cell-Cell Contact","KEGG: hsa04514"
"Inflammatory_Macrophage","CD8_TRM","HLA-F","CD8A",0.296698756170142,0,"HLA-F_CD8A","HLA-F - CD8A","MHC-I","Cell-Cell Contact","KEGG: hsa04514"
"CD8_TRM","CD8_TRM","HLA-F","CD8A",0.340605858801466,0,"HLA-F_CD8A","HLA-F - CD8A","MHC-I","Cell-Cell Contact","KEGG: hsa04514"
"Treg","CD8_TRM","HLA-F","CD8A",0.33344044222062,0,"HLA-F_CD8A","HLA-F - CD8A","MHC-I","Cell-Cell Contact","KEGG: hsa04514"
"cDC2","CD8_TRM","HLA-F","CD8A",0.21906718448093,0,"HLA-F_CD8A","HLA-F - CD8A","MHC-I","Cell-Cell Contact","KEGG: hsa04514"
"Stromal_2","CD8_TRM","HLA-F","CD8A",0.250277999356435,0,"HLA-F_CD8A","HLA-F - CD8A","MHC-I","Cell-Cell Contact","KEGG: hsa04514"
"LAMP3_DC","CD8_TRM","HLA-F","CD8A",0.3303809694692,0,"HLA-F_CD8A","HLA-F - CD8A","MHC-I","Cell-Cell Contact","KEGG: hsa04514"
"Cycling","CD8_TRM","HLA-F","CD8A",0.322617567788016,0,"HLA-F_CD8A","HLA-F - CD8A","MHC-I","Cell-Cell Contact","KEGG: hsa04514"
"NK","CD8_Cytotoxic","HLA-A","CD8B",0.143169553815088,0,"HLA-A_CD8B","HLA-A - CD8B","MHC-I","Cell-Cell Contact","KEGG: hsa04514"
"CD4_T","CD8_Cytotoxic","HLA-A","CD8B",0.144667621279118,0,"HLA-A_CD8B","HLA-A - CD8B","MHC-I","Cell-Cell Contact","KEGG: hsa04514"
"CD8_Cytotoxic","CD8_Cytotoxic","HLA-A","CD8B",0.145988008836481,0,"HLA-A_CD8B","HLA-A - CD8B","MHC-I","Cell-Cell Contact","KEGG: hsa04514"
"B_Cell","CD8_Cytotoxic","HLA-A","CD8B",0.143568647615483,0,"HLA-A_CD8B","HLA-A - CD8B","MHC-I","Cell-Cell Contact","KEGG: hsa04514"
"Inflammatory_Macrophage","CD8_Cytotoxic","HLA-A","CD8B",0.142962379797616,0,"HLA-A_CD8B","HLA-A - CD8B","MHC-I","Cell-Cell Contact","KEGG: hsa04514"
"CD8_TRM","CD8_Cytotoxic","HLA-A","CD8B",0.146147094257889,0,"HLA-A_CD8B","HLA-A - CD8B","MHC-I","Cell-Cell Contact","KEGG: hsa04514"
"Treg","CD8_Cytotoxic","HLA-A","CD8B",0.144863186132004,0,"HLA-A_CD8B","HLA-A - CD8B","MHC-I","Cell-Cell Contact","KEGG: hsa04514"
"cDC2","CD8_Cytotoxic","HLA-A","CD8B",0.130500668102794,0,"HLA-A_CD8B","HLA-A - CD8B","MHC-I","Cell-Cell Contact","KEGG: hsa04514"
"Stromal_1","CD8_Cytotoxic","HLA-A","CD8B",0.0828765959199629,0,"HLA-A_CD8B","HLA-A - CD8B","MHC-I","Cell-Cell Contact","KEGG: hsa04514"
"Stromal_2","CD8_Cytotoxic","HLA-A","CD8B",0.136178392919418,0,"HLA-A_CD8B","HLA-A - CD8B","MHC-I","Cell-Cell Contact","KEGG: hsa04514"
"LAMP3_DC","CD8_Cytotoxic","HLA-A","CD8B",0.146220654953611,0,"HLA-A_CD8B","HLA-A - CD8B","MHC-I","Cell-Cell Contact","KEGG: hsa04514"
"Cycling","CD8_Cytotoxic","HLA-A","CD8B",0.137402438068126,0,"HLA-A_CD8B","HLA-A - CD8B","MHC-I","Cell-Cell Contact","KEGG: hsa04514"
"NK","CD8_TRM","HLA-A","CD8B",0.148468847137089,0,"HLA-A_CD8B","HLA-A - CD8B","MHC-I","Cell-Cell Contact","KEGG: hsa04514"
"CD4_T","CD8_TRM","HLA-A","CD8B",0.150012656189443,0,"HLA-A_CD8B","HLA-A - CD8B","MHC-I","Cell-Cell Contact","KEGG: hsa04514"
"CD8_Cytotoxic","CD8_TRM","HLA-A","CD8B",0.151373194453655,0,"HLA-A_CD8B","HLA-A - CD8B","MHC-I","Cell-Cell Contact","KEGG: hsa04514"
"B_Cell","CD8_TRM","HLA-A","CD8B",0.148880146284983,0,"HLA-A_CD8B","HLA-A - CD8B","MHC-I","Cell-Cell Contact","KEGG: hsa04514"
"Inflammatory_Macrophage","CD8_TRM","HLA-A","CD8B",0.148255331596486,0,"HLA-A_CD8B","HLA-A - CD8B","MHC-I","Cell-Cell Contact","KEGG: hsa04514"
"CD8_TRM","CD8_TRM","HLA-A","CD8B",0.151537106912949,0,"HLA-A_CD8B","HLA-A - CD8B","MHC-I","Cell-Cell Contact","KEGG: hsa04514"
"Treg","CD8_TRM","HLA-A","CD8B",0.150214177622943,0,"HLA-A_CD8B","HLA-A - CD8B","MHC-I","Cell-Cell Contact","KEGG: hsa04514"
"cDC2","CD8_TRM","HLA-A","CD8B",0.135405138656824,0,"HLA-A_CD8B","HLA-A - CD8B","MHC-I","Cell-Cell Contact","KEGG: hsa04514"
"Stromal_1","CD8_TRM","HLA-A","CD8B",0.0861686329516969,0,"HLA-A_CD8B","HLA-A - CD8B","MHC-I","Cell-Cell Contact","KEGG: hsa04514"
"Stromal_2","CD8_TRM","HLA-A","CD8B",0.141261577102593,0,"HLA-A_CD8B","HLA-A - CD8B","MHC-I","Cell-Cell Contact","KEGG: hsa04514"
"LAMP3_DC","CD8_TRM","HLA-A","CD8B",0.151612898857138,0,"HLA-A_CD8B","HLA-A - CD8B","MHC-I","Cell-Cell Contact","KEGG: hsa04514"
"Cycling","CD8_TRM","HLA-A","CD8B",0.1425237741049,0,"HLA-A_CD8B","HLA-A - CD8B","MHC-I","Cell-Cell Contact","KEGG: hsa04514"
"NK","CD8_Cytotoxic","HLA-B","CD8B",0.149727314415836,0,"HLA-B_CD8B","HLA-B - CD8B","MHC-I","Cell-Cell Contact","KEGG: hsa04514"
"CD4_T","CD8_Cytotoxic","HLA-B","CD8B",0.151372394615369,0,"HLA-B_CD8B","HLA-B - CD8B","MHC-I","Cell-Cell Contact","KEGG: hsa04514"
"CD8_Cytotoxic","CD8_Cytotoxic","HLA-B","CD8B",0.152997609619074,0,"HLA-B_CD8B","HLA-B - CD8B","MHC-I","Cell-Cell Contact","KEGG: hsa04514"
"B_Cell","CD8_Cytotoxic","HLA-B","CD8B",0.151864347167535,0,"HLA-B_CD8B","HLA-B - CD8B","MHC-I","Cell-Cell Contact","KEGG: hsa04514"
"Inflammatory_Macrophage","CD8_Cytotoxic","HLA-B","CD8B",0.150293559289519,0,"HLA-B_CD8B","HLA-B - CD8B","MHC-I","Cell-Cell Contact","KEGG: hsa04514"
"CD8_TRM","CD8_Cytotoxic","HLA-B","CD8B",0.153113429982402,0,"HLA-B_CD8B","HLA-B - CD8B","MHC-I","Cell-Cell Contact","KEGG: hsa04514"
"Treg","CD8_Cytotoxic","HLA-B","CD8B",0.151643258054334,0,"HLA-B_CD8B","HLA-B - CD8B","MHC-I","Cell-Cell Contact","KEGG: hsa04514"
"cDC2","CD8_Cytotoxic","HLA-B","CD8B",0.140694443182957,0,"HLA-B_CD8B","HLA-B - CD8B","MHC-I","Cell-Cell Contact","KEGG: hsa04514"
"Stromal_1","CD8_Cytotoxic","HLA-B","CD8B",0.086358709478947,0,"HLA-B_CD8B","HLA-B - CD8B","MHC-I","Cell-Cell Contact","KEGG: hsa04514"
"Stromal_2","CD8_Cytotoxic","HLA-B","CD8B",0.149421389648752,0,"HLA-B_CD8B","HLA-B - CD8B","MHC-I","Cell-Cell Contact","KEGG: hsa04514"
"LAMP3_DC","CD8_Cytotoxic","HLA-B","CD8B",0.153976769242751,0,"HLA-B_CD8B","HLA-B - CD8B","MHC-I","Cell-Cell Contact","KEGG: hsa04514"
"Cycling","CD8_Cytotoxic","HLA-B","CD8B",0.143624439848274,0,"HLA-B_CD8B","HLA-B - CD8B","MHC-I","Cell-Cell Contact","KEGG: hsa04514"
"NK","CD8_TRM","HLA-B","CD8B",0.155225363936379,0,"HLA-B_CD8B","HLA-B - CD8B","MHC-I","Cell-Cell Contact","KEGG: hsa04514"
"CD4_T","CD8_TRM","HLA-B","CD8B",0.156919703732079,0,"HLA-B_CD8B","HLA-B - CD8B","MHC-I","Cell-Cell Contact","KEGG: hsa04514"
"CD8_Cytotoxic","CD8_TRM","HLA-B","CD8B",0.158593347123039,0,"HLA-B_CD8B","HLA-B - CD8B","MHC-I","Cell-Cell Contact","KEGG: hsa04514"
"B_Cell","CD8_TRM","HLA-B","CD8B",0.157426340348393,0,"HLA-B_CD8B","HLA-B - CD8B","MHC-I","Cell-Cell Contact","KEGG: hsa04514"
"Inflammatory_Macrophage","CD8_TRM","HLA-B","CD8B",0.155808591382043,0,"HLA-B_CD8B","HLA-B - CD8B","MHC-I","Cell-Cell Contact","KEGG: hsa04514"
"CD8_TRM","CD8_TRM","HLA-B","CD8B",0.15871260975133,0,"HLA-B_CD8B","HLA-B - CD8B","MHC-I","Cell-Cell Contact","KEGG: hsa04514"
"Treg","CD8_TRM","HLA-B","CD8B",0.157198654711733,0,"HLA-B_CD8B","HLA-B - CD8B","MHC-I","Cell-Cell Contact","KEGG: hsa04514"
"cDC2","CD8_TRM","HLA-B","CD8B",0.145917724305535,0,"HLA-B_CD8B","HLA-B - CD8B","MHC-I","Cell-Cell Contact","KEGG: hsa04514"
"Stromal_1","CD8_TRM","HLA-B","CD8B",0.0897755239646367,0,"HLA-B_CD8B","HLA-B - CD8B","MHC-I","Cell-Cell Contact","KEGG: hsa04514"
"Stromal_2","CD8_TRM","HLA-B","CD8B",0.154910252136918,0,"HLA-B_CD8B","HLA-B - CD8B","MHC-I","Cell-Cell Contact","KEGG: hsa04514"
"LAMP3_DC","CD8_TRM","HLA-B","CD8B",0.159601570493057,0,"HLA-B_CD8B","HLA-B - CD8B","MHC-I","Cell-Cell Contact","KEGG: hsa04514"
"Cycling","CD8_TRM","HLA-B","CD8B",0.148937643662454,0,"HLA-B_CD8B","HLA-B - CD8B","MHC-I","Cell-Cell Contact","KEGG: hsa04514"
"NK","CD8_Cytotoxic","HLA-C","CD8B",0.141201649676759,0,"HLA-C_CD8B","HLA-C - CD8B","MHC-I","Cell-Cell Contact","KEGG: hsa04514"
"CD4_T","CD8_Cytotoxic","HLA-C","CD8B",0.140984517719045,0,"HLA-C_CD8B","HLA-C - CD8B","MHC-I","Cell-Cell Contact","KEGG: hsa04514"
"CD8_Cytotoxic","CD8_Cytotoxic","HLA-C","CD8B",0.142961527885406,0,"HLA-C_CD8B","HLA-C - CD8B","MHC-I","Cell-Cell Contact","KEGG: hsa04514"
"B_Cell","CD8_Cytotoxic","HLA-C","CD8B",0.141008403200998,0,"HLA-C_CD8B","HLA-C - CD8B","MHC-I","Cell-Cell Contact","KEGG: hsa04514"
"Inflammatory_Macrophage","CD8_Cytotoxic","HLA-C","CD8B",0.138933475026889,0,"HLA-C_CD8B","HLA-C - CD8B","MHC-I","Cell-Cell Contact","KEGG: hsa04514"
"CD8_TRM","CD8_Cytotoxic","HLA-C","CD8B",0.143511955147586,0,"HLA-C_CD8B","HLA-C - CD8B","MHC-I","Cell-Cell Contact","KEGG: hsa04514"
"Treg","CD8_Cytotoxic","HLA-C","CD8B",0.139977691367728,0,"HLA-C_CD8B","HLA-C - CD8B","MHC-I","Cell-Cell Contact","KEGG: hsa04514"
"cDC2","CD8_Cytotoxic","HLA-C","CD8B",0.128055734131176,0,"HLA-C_CD8B","HLA-C - CD8B","MHC-I","Cell-Cell Contact","KEGG: hsa04514"
"Stromal_1","CD8_Cytotoxic","HLA-C","CD8B",0.0739655738843586,0,"HLA-C_CD8B","HLA-C - CD8B","MHC-I","Cell-Cell Contact","KEGG: hsa04514"
"Stromal_2","CD8_Cytotoxic","HLA-C","CD8B",0.144529942757468,0,"HLA-C_CD8B","HLA-C - CD8B","MHC-I","Cell-Cell Contact","KEGG: hsa04514"
"LAMP3_DC","CD8_Cytotoxic","HLA-C","CD8B",0.138162473238099,0,"HLA-C_CD8B","HLA-C - CD8B","MHC-I","Cell-Cell Contact","KEGG: hsa04514"
"Cycling","CD8_Cytotoxic","HLA-C","CD8B",0.136125913037876,0,"HLA-C_CD8B","HLA-C - CD8B","MHC-I","Cell-Cell Contact","KEGG: hsa04514"
"NK","CD8_TRM","HLA-C","CD8B",0.146440551875002,0,"HLA-C_CD8B","HLA-C - CD8B","MHC-I","Cell-Cell Contact","KEGG: hsa04514"
"CD4_T","CD8_TRM","HLA-C","CD8B",0.146216735436492,0,"HLA-C_CD8B","HLA-C - CD8B","MHC-I","Cell-Cell Contact","KEGG: hsa04514"
"CD8_Cytotoxic","CD8_TRM","HLA-C","CD8B",0.148254453599656,0,"HLA-C_CD8B","HLA-C - CD8B","MHC-I","Cell-Cell Contact","KEGG: hsa04514"
"B_Cell","CD8_TRM","HLA-C","CD8B",0.146241356446645,0,"HLA-C_CD8B","HLA-C - CD8B","MHC-I","Cell-Cell Contact","KEGG: hsa04514"
"Inflammatory_Macrophage","CD8_TRM","HLA-C","CD8B",0.144102343509788,0,"HLA-C_CD8B","HLA-C - CD8B","MHC-I","Cell-Cell Contact","KEGG: hsa04514"
"CD8_TRM","CD8_TRM","HLA-C","CD8B",0.148821720875163,0,"HLA-C_CD8B","HLA-C - CD8B","MHC-I","Cell-Cell Contact","KEGG: hsa04514"
"Treg","CD8_TRM","HLA-C","CD8B",0.145178858714278,0,"HLA-C_CD8B","HLA-C - CD8B","MHC-I","Cell-Cell Contact","KEGG: hsa04514"
"cDC2","CD8_TRM","HLA-C","CD8B",0.132882361786719,0,"HLA-C_CD8B","HLA-C - CD8B","MHC-I","Cell-Cell Contact","KEGG: hsa04514"
"Stromal_1","CD8_TRM","HLA-C","CD8B",0.0769333384377462,0,"HLA-C_CD8B","HLA-C - CD8B","MHC-I","Cell-Cell Contact","KEGG: hsa04514"
"Stromal_2","CD8_TRM","HLA-C","CD8B",0.149870782166456,0,"HLA-C_CD8B","HLA-C - CD8B","MHC-I","Cell-Cell Contact","KEGG: hsa04514"
"LAMP3_DC","CD8_TRM","HLA-C","CD8B",0.143307431369152,0,"HLA-C_CD8B","HLA-C - CD8B","MHC-I","Cell-Cell Contact","KEGG: hsa04514"
"Cycling","CD8_TRM","HLA-C","CD8B",0.141207458508103,0,"HLA-C_CD8B","HLA-C - CD8B","MHC-I","Cell-Cell Contact","KEGG: hsa04514"
"NK","CD8_Cytotoxic","HLA-E","CD8B",0.131988213791187,0,"HLA-E_CD8B","HLA-E - CD8B","MHC-I","Cell-Cell Contact","KEGG: hsa04514"
"CD4_T","CD8_Cytotoxic","HLA-E","CD8B",0.134325846572218,0,"HLA-E_CD8B","HLA-E - CD8B","MHC-I","Cell-Cell Contact","KEGG: hsa04514"
"CD8_Cytotoxic","CD8_Cytotoxic","HLA-E","CD8B",0.1331878357716,0,"HLA-E_CD8B","HLA-E - CD8B","MHC-I","Cell-Cell Contact","KEGG: hsa04514"
"B_Cell","CD8_Cytotoxic","HLA-E","CD8B",0.135354225751994,0,"HLA-E_CD8B","HLA-E - CD8B","MHC-I","Cell-Cell Contact","KEGG: hsa04514"
"Inflammatory_Macrophage","CD8_Cytotoxic","HLA-E","CD8B",0.133449559459387,0,"HLA-E_CD8B","HLA-E - CD8B","MHC-I","Cell-Cell Contact","KEGG: hsa04514"
"CD8_TRM","CD8_Cytotoxic","HLA-E","CD8B",0.134783003245934,0,"HLA-E_CD8B","HLA-E - CD8B","MHC-I","Cell-Cell Contact","KEGG: hsa04514"
"Treg","CD8_Cytotoxic","HLA-E","CD8B",0.132600647066973,0,"HLA-E_CD8B","HLA-E - CD8B","MHC-I","Cell-Cell Contact","KEGG: hsa04514"
"cDC2","CD8_Cytotoxic","HLA-E","CD8B",0.118411332538492,0,"HLA-E_CD8B","HLA-E - CD8B","MHC-I","Cell-Cell Contact","KEGG: hsa04514"
"Stromal_1","CD8_Cytotoxic","HLA-E","CD8B",0.0263391126269288,0,"HLA-E_CD8B","HLA-E - CD8B","MHC-I","Cell-Cell Contact","KEGG: hsa04514"
"Stromal_2","CD8_Cytotoxic","HLA-E","CD8B",0.121002392369538,0,"HLA-E_CD8B","HLA-E - CD8B","MHC-I","Cell-Cell Contact","KEGG: hsa04514"
"LAMP3_DC","CD8_Cytotoxic","HLA-E","CD8B",0.136451194968514,0,"HLA-E_CD8B","HLA-E - CD8B","MHC-I","Cell-Cell Contact","KEGG: hsa04514"
"Cycling","CD8_Cytotoxic","HLA-E","CD8B",0.122963828328201,0,"HLA-E_CD8B","HLA-E - CD8B","MHC-I","Cell-Cell Contact","KEGG: hsa04514"
"NK","CD8_TRM","HLA-E","CD8B",0.13693978461449,0,"HLA-E_CD8B","HLA-E - CD8B","MHC-I","Cell-Cell Contact","KEGG: hsa04514"
"CD4_T","CD8_TRM","HLA-E","CD8B",0.139351035373916,0,"HLA-E_CD8B","HLA-E - CD8B","MHC-I","Cell-Cell Contact","KEGG: hsa04514"
"CD8_Cytotoxic","CD8_TRM","HLA-E","CD8B",0.138177246588017,0,"HLA-E_CD8B","HLA-E - CD8B","MHC-I","Cell-Cell Contact","KEGG: hsa04514"
"B_Cell","CD8_TRM","HLA-E","CD8B",0.140411646523557,0,"HLA-E_CD8B","HLA-E - CD8B","MHC-I","Cell-Cell Contact","KEGG: hsa04514"
"Inflammatory_Macrophage","CD8_TRM","HLA-E","CD8B",0.138447208844702,0,"HLA-E_CD8B","HLA-E - CD8B","MHC-I","Cell-Cell Contact","KEGG: hsa04514"
"CD8_TRM","CD8_TRM","HLA-E","CD8B",0.139822532117306,0,"HLA-E_CD8B","HLA-E - CD8B","MHC-I","Cell-Cell Contact","KEGG: hsa04514"
"Treg","CD8_TRM","HLA-E","CD8B",0.137571552067179,0,"HLA-E_CD8B","HLA-E - CD8B","MHC-I","Cell-Cell Contact","KEGG: hsa04514"
"cDC2","CD8_TRM","HLA-E","CD8B",0.122925694760353,0,"HLA-E_CD8B","HLA-E - CD8B","MHC-I","Cell-Cell Contact","KEGG: hsa04514"
"Stromal_1","CD8_TRM","HLA-E","CD8B",0.027452583011545,0,"HLA-E_CD8B","HLA-E - CD8B","MHC-I","Cell-Cell Contact","KEGG: hsa04514"
"Stromal_2","CD8_TRM","HLA-E","CD8B",0.125601463487414,0,"HLA-E_CD8B","HLA-E - CD8B","MHC-I","Cell-Cell Contact","KEGG: hsa04514"
"LAMP3_DC","CD8_TRM","HLA-E","CD8B",0.141542893590376,0,"HLA-E_CD8B","HLA-E - CD8B","MHC-I","Cell-Cell Contact","KEGG: hsa04514"
"Cycling","CD8_TRM","HLA-E","CD8B",0.127626625500024,0,"HLA-E_CD8B","HLA-E - CD8B","MHC-I","Cell-Cell Contact","KEGG: hsa04514"
"NK","CD8_Cytotoxic","HLA-F","CD8B",0.120128446182985,0,"HLA-F_CD8B","HLA-F - CD8B","MHC-I","Cell-Cell Contact","KEGG: hsa04514"
"CD4_T","CD8_Cytotoxic","HLA-F","CD8B",0.119008172885354,0,"HLA-F_CD8B","HLA-F - CD8B","MHC-I","Cell-Cell Contact","KEGG: hsa04514"
"CD8_Cytotoxic","CD8_Cytotoxic","HLA-F","CD8B",0.120744843298124,0,"HLA-F_CD8B","HLA-F - CD8B","MHC-I","Cell-Cell Contact","KEGG: hsa04514"
"B_Cell","CD8_Cytotoxic","HLA-F","CD8B",0.116568096180914,0,"HLA-F_CD8B","HLA-F - CD8B","MHC-I","Cell-Cell Contact","KEGG: hsa04514"
"Inflammatory_Macrophage","CD8_Cytotoxic","HLA-F","CD8B",0.102868580241279,0,"HLA-F_CD8B","HLA-F - CD8B","MHC-I","Cell-Cell Contact","KEGG: hsa04514"
"CD8_TRM","CD8_Cytotoxic","HLA-F","CD8B",0.123112772813958,0,"HLA-F_CD8B","HLA-F - CD8B","MHC-I","Cell-Cell Contact","KEGG: hsa04514"
"Treg","CD8_Cytotoxic","HLA-F","CD8B",0.119692285446636,0,"HLA-F_CD8B","HLA-F - CD8B","MHC-I","Cell-Cell Contact","KEGG: hsa04514"
"cDC2","CD8_Cytotoxic","HLA-F","CD8B",0.0708442355278708,0,"HLA-F_CD8B","HLA-F - CD8B","MHC-I","Cell-Cell Contact","KEGG: hsa04514"
"Stromal_2","CD8_Cytotoxic","HLA-F","CD8B",0.0831870102334917,0,"HLA-F_CD8B","HLA-F - CD8B","MHC-I","Cell-Cell Contact","KEGG: hsa04514"
"LAMP3_DC","CD8_Cytotoxic","HLA-F","CD8B",0.118246133051736,0,"HLA-F_CD8B","HLA-F - CD8B","MHC-I","Cell-Cell Contact","KEGG: hsa04514"
"Cycling","CD8_Cytotoxic","HLA-F","CD8B",0.114614327888433,0,"HLA-F_CD8B","HLA-F - CD8B","MHC-I","Cell-Cell Contact","KEGG: hsa04514"
"NK","CD8_TRM","HLA-F","CD8B",0.124699012601438,0,"HLA-F_CD8B","HLA-F - CD8B","MHC-I","Cell-Cell Contact","KEGG: hsa04514"
"CD4_T","CD8_TRM","HLA-F","CD8B",0.12354210061821,0,"HLA-F_CD8B","HLA-F - CD8B","MHC-I","Cell-Cell Contact","KEGG: hsa04514"
"CD8_Cytotoxic","CD8_TRM","HLA-F","CD8B",0.125335521263156,0,"HLA-F_CD8B","HLA-F - CD8B","MHC-I","Cell-Cell Contact","KEGG: hsa04514"
"B_Cell","CD8_TRM","HLA-F","CD8B",0.1210218328729,0,"HLA-F_CD8B","HLA-F - CD8B","MHC-I","Cell-Cell Contact","KEGG: hsa04514"
"Inflammatory_Macrophage","CD8_TRM","HLA-F","CD8B",0.106862211444514,0,"HLA-F_CD8B","HLA-F - CD8B","MHC-I","Cell-Cell Contact","KEGG: hsa04514"
"CD8_TRM","CD8_TRM","HLA-F","CD8B",0.127780395084157,0,"HLA-F_CD8B","HLA-F - CD8B","MHC-I","Cell-Cell Contact","KEGG: hsa04514"
"Treg","CD8_TRM","HLA-F","CD8B",0.124248600495707,0,"HLA-F_CD8B","HLA-F - CD8B","MHC-I","Cell-Cell Contact","KEGG: hsa04514"
"cDC2","CD8_TRM","HLA-F","CD8B",0.0736967277101327,0,"HLA-F_CD8B","HLA-F - CD8B","MHC-I","Cell-Cell Contact","KEGG: hsa04514"
"Stromal_2","CD8_TRM","HLA-F","CD8B",0.0864902147675083,0,"HLA-F_CD8B","HLA-F - CD8B","MHC-I","Cell-Cell Contact","KEGG: hsa04514"
"LAMP3_DC","CD8_TRM","HLA-F","CD8B",0.122755074111689,0,"HLA-F_CD8B","HLA-F - CD8B","MHC-I","Cell-Cell Contact","KEGG: hsa04514"
"Cycling","CD8_TRM","HLA-F","CD8B",0.11900347214736,0,"HLA-F_CD8B","HLA-F - CD8B","MHC-I","Cell-Cell Contact","KEGG: hsa04514"
"NK","NK","HLA-F","KIR3DL1",0.088893714210688,0,"HLA-F_KIR3DL1","HLA-F - KIR3DL1","MHC-I","Cell-Cell Contact","PMID: 28484462"
"CD4_T","NK","HLA-F","KIR3DL1",0.0880355800464456,0,"HLA-F_KIR3DL1","HLA-F - KIR3DL1","MHC-I","Cell-Cell Contact","PMID: 28484462"
"CD8_Cytotoxic","NK","HLA-F","KIR3DL1",0.0893661194120037,0,"HLA-F_KIR3DL1","HLA-F - KIR3DL1","MHC-I","Cell-Cell Contact","PMID: 28484462"
"B_Cell","NK","HLA-F","KIR3DL1",0.0861684352568223,0,"HLA-F_KIR3DL1","HLA-F - KIR3DL1","MHC-I","Cell-Cell Contact","PMID: 28484462"
"Inflammatory_Macrophage","NK","HLA-F","KIR3DL1",0.075735319754702,0,"HLA-F_KIR3DL1","HLA-F - KIR3DL1","MHC-I","Cell-Cell Contact","PMID: 28484462"
"CD8_TRM","NK","HLA-F","KIR3DL1",0.0911824965089469,0,"HLA-F_KIR3DL1","HLA-F - KIR3DL1","MHC-I","Cell-Cell Contact","PMID: 28484462"
"Treg","NK","HLA-F","KIR3DL1",0.0885595456768034,0,"HLA-F_KIR3DL1","HLA-F - KIR3DL1","MHC-I","Cell-Cell Contact","PMID: 28484462"
"cDC2","NK","HLA-F","KIR3DL1",0.0516714044660192,0,"HLA-F_KIR3DL1","HLA-F - KIR3DL1","MHC-I","Cell-Cell Contact","PMID: 28484462"
"Stromal_2","NK","HLA-F","KIR3DL1",0.0608927224416825,0,"HLA-F_KIR3DL1","HLA-F - KIR3DL1","MHC-I","Cell-Cell Contact","PMID: 28484462"
"LAMP3_DC","NK","HLA-F","KIR3DL1",0.0874521787692327,0,"HLA-F_KIR3DL1","HLA-F - KIR3DL1","MHC-I","Cell-Cell Contact","PMID: 28484462"
"Cycling","NK","HLA-F","KIR3DL1",0.0846753513026646,0,"HLA-F_KIR3DL1","HLA-F - KIR3DL1","MHC-I","Cell-Cell Contact","PMID: 28484462"
"NK","Cycling","HLA-F","KIR3DL1",0.0346486047217862,0,"HLA-F_KIR3DL1","HLA-F - KIR3DL1","MHC-I","Cell-Cell Contact","PMID: 28484462"
"CD4_T","Cycling","HLA-F","KIR3DL1",0.0342944143598951,0,"HLA-F_KIR3DL1","HLA-F - KIR3DL1","MHC-I","Cell-Cell Contact","PMID: 28484462"
"CD8_Cytotoxic","Cycling","HLA-F","KIR3DL1",0.0348437612962864,0,"HLA-F_KIR3DL1","HLA-F - KIR3DL1","MHC-I","Cell-Cell Contact","PMID: 28484462"
"B_Cell","Cycling","HLA-F","KIR3DL1",0.0335251642736365,0,"HLA-F_KIR3DL1","HLA-F - KIR3DL1","MHC-I","Cell-Cell Contact","PMID: 28484462"
"Inflammatory_Macrophage","Cycling","HLA-F","KIR3DL1",0.0292618981597202,0,"HLA-F_KIR3DL1","HLA-F - KIR3DL1","MHC-I","Cell-Cell Contact","PMID: 28484462"
"CD8_TRM","Cycling","HLA-F","KIR3DL1",0.0355952817255706,0,"HLA-F_KIR3DL1","HLA-F - KIR3DL1","MHC-I","Cell-Cell Contact","PMID: 28484462"
"Treg","Cycling","HLA-F","KIR3DL1",0.0345106300254319,0,"HLA-F_KIR3DL1","HLA-F - KIR3DL1","MHC-I","Cell-Cell Contact","PMID: 28484462"
"cDC2","Cycling","HLA-F","KIR3DL1",0.0196503695188871,0,"HLA-F_KIR3DL1","HLA-F - KIR3DL1","MHC-I","Cell-Cell Contact","PMID: 28484462"
"Stromal_2","Cycling","HLA-F","KIR3DL1",0.0232975773541488,0,"HLA-F_KIR3DL1","HLA-F - KIR3DL1","MHC-I","Cell-Cell Contact","PMID: 28484462"
"LAMP3_DC","Cycling","HLA-F","KIR3DL1",0.0340538508124845,0,"HLA-F_KIR3DL1","HLA-F - KIR3DL1","MHC-I","Cell-Cell Contact","PMID: 28484462"
"Cycling","Cycling","HLA-F","KIR3DL1",0.0329114050381284,0,"HLA-F_KIR3DL1","HLA-F - KIR3DL1","MHC-I","Cell-Cell Contact","PMID: 28484462"
"NK","NK","HLA-E","KLRC1",0.13832139249352,0,"HLA-E_KLRC1","HLA-E - KLRC1","MHC-I","Cell-Cell Contact","PMID: 24223577"
"CD4_T","NK","HLA-E","KLRC1",0.140753003281941,0,"HLA-E_KLRC1","HLA-E - KLRC1","MHC-I","Cell-Cell Contact","PMID: 24223577"
"CD8_Cytotoxic","NK","HLA-E","KLRC1",0.139569320425241,0,"HLA-E_KLRC1","HLA-E - KLRC1","MHC-I","Cell-Cell Contact","PMID: 24223577"
"B_Cell","NK","HLA-E","KLRC1",0.141822526572648,0,"HLA-E_KLRC1","HLA-E - KLRC1","MHC-I","Cell-Cell Contact","PMID: 24223577"
"Inflammatory_Macrophage","NK","HLA-E","KLRC1",0.139841561117303,0,"HLA-E_KLRC1","HLA-E - KLRC1","MHC-I","Cell-Cell Contact","PMID: 24223577"
"CD8_TRM","NK","HLA-E","KLRC1",0.141228465209175,0,"HLA-E_KLRC1","HLA-E - KLRC1","MHC-I","Cell-Cell Contact","PMID: 24223577"
"Treg","NK","HLA-E","KLRC1",0.138958507693586,0,"HLA-E_KLRC1","HLA-E - KLRC1","MHC-I","Cell-Cell Contact","PMID: 24223577"
"cDC2","NK","HLA-E","KLRC1",0.124186256951904,0,"HLA-E_KLRC1","HLA-E - KLRC1","MHC-I","Cell-Cell Contact","PMID: 24223577"
"Stromal_1","NK","HLA-E","KLRC1",0.0277650932663292,0,"HLA-E_KLRC1","HLA-E - KLRC1","MHC-I","Cell-Cell Contact","PMID: 24223577"
"Stromal_2","NK","HLA-E","KLRC1",0.126885495207903,0,"HLA-E_KLRC1","HLA-E - KLRC1","MHC-I","Cell-Cell Contact","PMID: 24223577"
"LAMP3_DC","NK","HLA-E","KLRC1",0.142963250094827,0,"HLA-E_KLRC1","HLA-E - KLRC1","MHC-I","Cell-Cell Contact","PMID: 24223577"
"Cycling","NK","HLA-E","KLRC1",0.128928307911314,0,"HLA-E_KLRC1","HLA-E - KLRC1","MHC-I","Cell-Cell Contact","PMID: 24223577"
"NK","Cycling","HLA-E","KLRC1",0.0978307919208883,0.02,"HLA-E_KLRC1","HLA-E - KLRC1","MHC-I","Cell-Cell Contact","PMID: 24223577"
"CD4_T","Cycling","HLA-E","KLRC1",0.0996329043025703,0.02,"HLA-E_KLRC1","HLA-E - KLRC1","MHC-I","Cell-Cell Contact","PMID: 24223577"
"CD8_Cytotoxic","Cycling","HLA-E","KLRC1",0.0987552826641072,0.02,"HLA-E_KLRC1","HLA-E - KLRC1","MHC-I","Cell-Cell Contact","PMID: 24223577"
"B_Cell","Cycling","HLA-E","KLRC1",0.100426491975658,0.02,"HLA-E_KLRC1","HLA-E - KLRC1","MHC-I","Cell-Cell Contact","PMID: 24223577"
"Inflammatory_Macrophage","Cycling","HLA-E","KLRC1",0.098957068390367,0.02,"HLA-E_KLRC1","HLA-E - KLRC1","MHC-I","Cell-Cell Contact","PMID: 24223577"
"CD8_TRM","Cycling","HLA-E","KLRC1",0.099985626402169,0.02,"HLA-E_KLRC1","HLA-E - KLRC1","MHC-I","Cell-Cell Contact","PMID: 24223577"
"Treg","Cycling","HLA-E","KLRC1",0.0983026820370877,0.02,"HLA-E_KLRC1","HLA-E - KLRC1","MHC-I","Cell-Cell Contact","PMID: 24223577"
"cDC2","Cycling","HLA-E","KLRC1",0.0874136542258398,0.02,"HLA-E_KLRC1","HLA-E - KLRC1","MHC-I","Cell-Cell Contact","PMID: 24223577"
"Stromal_1","Cycling","HLA-E","KLRC1",0.0189266150324857,0.03,"HLA-E_KLRC1","HLA-E - KLRC1","MHC-I","Cell-Cell Contact","PMID: 24223577"
"Stromal_2","Cycling","HLA-E","KLRC1",0.0893952072023501,0.02,"HLA-E_KLRC1","HLA-E - KLRC1","MHC-I","Cell-Cell Contact","PMID: 24223577"
"LAMP3_DC","Cycling","HLA-E","KLRC1",0.101273546860575,0.02,"HLA-E_KLRC1","HLA-E - KLRC1","MHC-I","Cell-Cell Contact","PMID: 24223577"
"Cycling","Cycling","HLA-E","KLRC1",0.0908972761391934,0.02,"HLA-E_KLRC1","HLA-E - KLRC1","MHC-I","Cell-Cell Contact","PMID: 24223577"
"NK","NK","HLA-A","KIR3DL1",0.106670182621921,0,"HLA-A_KIR3DL1","HLA-A - KIR3DL1","MHC-I","Cell-Cell Contact","PMID: 28484462"
"CD4_T","NK","HLA-A","KIR3DL1",0.107834400595594,0,"HLA-A_KIR3DL1","HLA-A - KIR3DL1","MHC-I","Cell-Cell Contact","PMID: 28484462"
"CD8_Cytotoxic","NK","HLA-A","KIR3DL1",0.108861396472284,0,"HLA-A_KIR3DL1","HLA-A - KIR3DL1","MHC-I","Cell-Cell Contact","PMID: 28484462"
"B_Cell","NK","HLA-A","KIR3DL1",0.106980235567607,0,"HLA-A_KIR3DL1","HLA-A - KIR3DL1","MHC-I","Cell-Cell Contact","PMID: 28484462"
"Inflammatory_Macrophage","NK","HLA-A","KIR3DL1",0.106509259731316,0,"HLA-A_KIR3DL1","HLA-A - KIR3DL1","MHC-I","Cell-Cell Contact","PMID: 28484462"
"CD8_TRM","NK","HLA-A","KIR3DL1",0.108985187441132,0,"HLA-A_KIR3DL1","HLA-A - KIR3DL1","MHC-I","Cell-Cell Contact","PMID: 28484462"
"Treg","NK","HLA-A","KIR3DL1",0.10798645977312,0,"HLA-A_KIR3DL1","HLA-A - KIR3DL1","MHC-I","Cell-Cell Contact","PMID: 28484462"
"cDC2","NK","HLA-A","KIR3DL1",0.0968659467562985,0,"HLA-A_KIR3DL1","HLA-A - KIR3DL1","MHC-I","Cell-Cell Contact","PMID: 28484462"
"Stromal_1","NK","HLA-A","KIR3DL1",0.060659995503284,0,"HLA-A_KIR3DL1","HLA-A - KIR3DL1","MHC-I","Cell-Cell Contact","PMID: 28484462"
"Stromal_2","NK","HLA-A","KIR3DL1",0.101250720860651,0,"HLA-A_KIR3DL1","HLA-A - KIR3DL1","MHC-I","Cell-Cell Contact","PMID: 28484462"
"LAMP3_DC","NK","HLA-A","KIR3DL1",0.109042432037263,0,"HLA-A_KIR3DL1","HLA-A - KIR3DL1","MHC-I","Cell-Cell Contact","PMID: 28484462"
"Cycling","NK","HLA-A","KIR3DL1",0.102197960181417,0,"HLA-A_KIR3DL1","HLA-A - KIR3DL1","MHC-I","Cell-Cell Contact","PMID: 28484462"
"NK","Cycling","HLA-A","KIR3DL1",0.0420784249939361,0,"HLA-A_KIR3DL1","HLA-A - KIR3DL1","MHC-I","Cell-Cell Contact","PMID: 28484462"
"CD4_T","Cycling","HLA-A","KIR3DL1",0.0425712715409512,0,"HLA-A_KIR3DL1","HLA-A - KIR3DL1","MHC-I","Cell-Cell Contact","PMID: 28484462"
"CD8_Cytotoxic","Cycling","HLA-A","KIR3DL1",0.0430066747691608,0,"HLA-A_KIR3DL1","HLA-A - KIR3DL1","MHC-I","Cell-Cell Contact","PMID: 28484462"
"B_Cell","Cycling","HLA-A","KIR3DL1",0.0422096032057117,0,"HLA-A_KIR3DL1","HLA-A - KIR3DL1","MHC-I","Cell-Cell Contact","PMID: 28484462"
"Inflammatory_Macrophage","Cycling","HLA-A","KIR3DL1",0.0420103629452594,0,"HLA-A_KIR3DL1","HLA-A - KIR3DL1","MHC-I","Cell-Cell Contact","PMID: 28484462"
"CD8_TRM","Cycling","HLA-A","KIR3DL1",0.0430591979565967,0,"HLA-A_KIR3DL1","HLA-A - KIR3DL1","MHC-I","Cell-Cell Contact","PMID: 28484462"
"Treg","Cycling","HLA-A","KIR3DL1",0.0426356999952747,0,"HLA-A_KIR3DL1","HLA-A - KIR3DL1","MHC-I","Cell-Cell Contact","PMID: 28484462"
"cDC2","Cycling","HLA-A","KIR3DL1",0.0379586670362955,0,"HLA-A_KIR3DL1","HLA-A - KIR3DL1","MHC-I","Cell-Cell Contact","PMID: 28484462"
"Stromal_1","Cycling","HLA-A","KIR3DL1",0.0232049855293473,0,"HLA-A_KIR3DL1","HLA-A - KIR3DL1","MHC-I","Cell-Cell Contact","PMID: 28484462"
"Stromal_2","Cycling","HLA-A","KIR3DL1",0.0397944135968032,0,"HLA-A_KIR3DL1","HLA-A - KIR3DL1","MHC-I","Cell-Cell Contact","PMID: 28484462"
"LAMP3_DC","Cycling","HLA-A","KIR3DL1",0.0430834892132858,0,"HLA-A_KIR3DL1","HLA-A - KIR3DL1","MHC-I","Cell-Cell Contact","PMID: 28484462"
"Cycling","Cycling","HLA-A","KIR3DL1",0.0401924174640858,0,"HLA-A_KIR3DL1","HLA-A - KIR3DL1","MHC-I","Cell-Cell Contact","PMID: 28484462"
"NK","B_Cell","HLA-F","LILRB1",0.100016770153603,0,"HLA-F_LILRB1","HLA-F - LILRB1","MHC-I","Cell-Cell Contact","PMID: 28484462"
"CD4_T","B_Cell","HLA-F","LILRB1",0.0990629345579776,0,"HLA-F_LILRB1","HLA-F - LILRB1","MHC-I","Cell-Cell Contact","PMID: 28484462"
"CD8_Cytotoxic","B_Cell","HLA-F","LILRB1",0.100541763310567,0,"HLA-F_LILRB1","HLA-F - LILRB1","MHC-I","Cell-Cell Contact","PMID: 28484462"
"B_Cell","B_Cell","HLA-F","LILRB1",0.096986783697784,0,"HLA-F_LILRB1","HLA-F - LILRB1","MHC-I","Cell-Cell Contact","PMID: 28484462"
"Inflammatory_Macrophage","B_Cell","HLA-F","LILRB1",0.0853661644328551,0,"HLA-F_LILRB1","HLA-F - LILRB1","MHC-I","Cell-Cell Contact","PMID: 28484462"
"CD8_TRM","B_Cell","HLA-F","LILRB1",0.102559704466805,0,"HLA-F_LILRB1","HLA-F - LILRB1","MHC-I","Cell-Cell Contact","PMID: 28484462"
"Treg","B_Cell","HLA-F","LILRB1",0.0996453609750031,0,"HLA-F_LILRB1","HLA-F - LILRB1","MHC-I","Cell-Cell Contact","PMID: 28484462"
"cDC2","B_Cell","HLA-F","LILRB1",0.0584356432151064,0,"HLA-F_LILRB1","HLA-F - LILRB1","MHC-I","Cell-Cell Contact","PMID: 28484462"
"Stromal_2","B_Cell","HLA-F","LILRB1",0.0687765649525835,0,"HLA-F_LILRB1","HLA-F - LILRB1","MHC-I","Cell-Cell Contact","PMID: 28484462"
"LAMP3_DC","B_Cell","HLA-F","LILRB1",0.0984143423955593,0,"HLA-F_LILRB1","HLA-F - LILRB1","MHC-I","Cell-Cell Contact","PMID: 28484462"
"Cycling","B_Cell","HLA-F","LILRB1",0.0953257990172962,0,"HLA-F_LILRB1","HLA-F - LILRB1","MHC-I","Cell-Cell Contact","PMID: 28484462"
"NK","Inflammatory_Macrophage","HLA-F","LILRB1",0.220869038570791,0,"HLA-F_LILRB1","HLA-F - LILRB1","MHC-I","Cell-Cell Contact","PMID: 28484462"
"CD4_T","Inflammatory_Macrophage","HLA-F","LILRB1",0.219043175898091,0,"HLA-F_LILRB1","HLA-F - LILRB1","MHC-I","Cell-Cell Contact","PMID: 28484462"
"CD8_Cytotoxic","Inflammatory_Macrophage","HLA-F","LILRB1",0.221872003380978,0,"HLA-F_LILRB1","HLA-F - LILRB1","MHC-I","Cell-Cell Contact","PMID: 28484462"
"B_Cell","Inflammatory_Macrophage","HLA-F","LILRB1",0.215052707872677,0,"HLA-F_LILRB1","HLA-F - LILRB1","MHC-I","Cell-Cell Contact","PMID: 28484462"
"Inflammatory_Macrophage","Inflammatory_Macrophage","HLA-F","LILRB1",0.19229830941799,0,"HLA-F_LILRB1","HLA-F - LILRB1","MHC-I","Cell-Cell Contact","PMID: 28484462"
"CD8_TRM","Inflammatory_Macrophage","HLA-F","LILRB1",0.225714029646826,0,"HLA-F_LILRB1","HLA-F - LILRB1","MHC-I","Cell-Cell Contact","PMID: 28484462"
"Treg","Inflammatory_Macrophage","HLA-F","LILRB1",0.220158631442964,0,"HLA-F_LILRB1","HLA-F - LILRB1","MHC-I","Cell-Cell Contact","PMID: 28484462"
"cDC2","Inflammatory_Macrophage","HLA-F","LILRB1",0.136674734497923,0,"HLA-F_LILRB1","HLA-F - LILRB1","MHC-I","Cell-Cell Contact","PMID: 28484462"
"Stromal_2","Inflammatory_Macrophage","HLA-F","LILRB1",0.158529917351249,0,"HLA-F_LILRB1","HLA-F - LILRB1","MHC-I","Cell-Cell Contact","PMID: 28484462"
"LAMP3_DC","Inflammatory_Macrophage","HLA-F","LILRB1",0.217798943117575,0,"HLA-F_LILRB1","HLA-F - LILRB1","MHC-I","Cell-Cell Contact","PMID: 28484462"
"Cycling","Inflammatory_Macrophage","HLA-F","LILRB1",0.211844090611146,0,"HLA-F_LILRB1","HLA-F - LILRB1","MHC-I","Cell-Cell Contact","PMID: 28484462"
"NK","Stromal_2","HLA-F","LILRB1",0.05824794977641,0.01,"HLA-F_LILRB1","HLA-F - LILRB1","MHC-I","Cell-Cell Contact","PMID: 28484462"
"CD4_T","Stromal_2","HLA-F","LILRB1",0.0576669294560625,0.01,"HLA-F_LILRB1","HLA-F - LILRB1","MHC-I","Cell-Cell Contact","PMID: 28484462"
"CD8_Cytotoxic","Stromal_2","HLA-F","LILRB1",0.0585679641093226,0.01,"HLA-F_LILRB1","HLA-F - LILRB1","MHC-I","Cell-Cell Contact","PMID: 28484462"
"B_Cell","Stromal_2","HLA-F","LILRB1",0.0564040365786147,0.01,"HLA-F_LILRB1","HLA-F - LILRB1","MHC-I","Cell-Cell Contact","PMID: 28484462"
"Inflammatory_Macrophage","Stromal_2","HLA-F","LILRB1",0.0493800029389542,0.01,"HLA-F_LILRB1","HLA-F - LILRB1","MHC-I","Cell-Cell Contact","PMID: 28484462"
"CD8_TRM","Stromal_2","HLA-F","LILRB1",0.0597994715870849,0.01,"HLA-F_LILRB1","HLA-F - LILRB1","MHC-I","Cell-Cell Contact","PMID: 28484462"
"Treg","Stromal_2","HLA-F","LILRB1",0.0580216481028876,0.01,"HLA-F_LILRB1","HLA-F - LILRB1","MHC-I","Cell-Cell Contact","PMID: 28484462"
"cDC2","Stromal_2","HLA-F","LILRB1",0.0333876475381087,0.01,"HLA-F_LILRB1","HLA-F - LILRB1","MHC-I","Cell-Cell Contact","PMID: 28484462"
"Stromal_2","Stromal_2","HLA-F","LILRB1",0.03948187849137,0.01,"HLA-F_LILRB1","HLA-F - LILRB1","MHC-I","Cell-Cell Contact","PMID: 28484462"
"LAMP3_DC","Stromal_2","HLA-F","LILRB1",0.0572721389658594,0.01,"HLA-F_LILRB1","HLA-F - LILRB1","MHC-I","Cell-Cell Contact","PMID: 28484462"
"Cycling","Stromal_2","HLA-F","LILRB1",0.0553954316380377,0.01,"HLA-F_LILRB1","HLA-F - LILRB1","MHC-I","Cell-Cell Contact","PMID: 28484462"
"NK","NK","HLA-E","CD94:NKG2A",0.249947324234221,0,"HLA-E_CD94:NKG2A","HLA-E - CD94:NKG2A","MHC-I","Cell-Cell Contact","PMID: 28484462"
"CD4_T","NK","HLA-E","CD94:NKG2A",0.253763353974052,0,"HLA-E_CD94:NKG2A","HLA-E - CD94:NKG2A","MHC-I","Cell-Cell Contact","PMID: 28484462"
"CD8_Cytotoxic","NK","HLA-E","CD94:NKG2A",0.25190791889333,0,"HLA-E_CD94:NKG2A","HLA-E - CD94:NKG2A","MHC-I","Cell-Cell Contact","PMID: 28484462"
"B_Cell","NK","HLA-E","CD94:NKG2A",0.255436316530925,0,"HLA-E_CD94:NKG2A","HLA-E - CD94:NKG2A","MHC-I","Cell-Cell Contact","PMID: 28484462"
"Inflammatory_Macrophage","NK","HLA-E","CD94:NKG2A",0.252335022736503,0,"HLA-E_CD94:NKG2A","HLA-E - CD94:NKG2A","MHC-I","Cell-Cell Contact","PMID: 28484462"
"CD8_TRM","NK","HLA-E","CD94:NKG2A",0.254507490504934,0,"HLA-E_CD94:NKG2A","HLA-E - CD94:NKG2A","MHC-I","Cell-Cell Contact","PMID: 28484462"
"Treg","NK","HLA-E","CD94:NKG2A",0.250948855468358,0,"HLA-E_CD94:NKG2A","HLA-E - CD94:NKG2A","MHC-I","Cell-Cell Contact","PMID: 28484462"
"cDC2","NK","HLA-E","CD94:NKG2A",0.227415660472543,0,"HLA-E_CD94:NKG2A","HLA-E - CD94:NKG2A","MHC-I","Cell-Cell Contact","PMID: 28484462"
"Stromal_1","NK","HLA-E","CD94:NKG2A",0.0559664842557685,0,"HLA-E_CD94:NKG2A","HLA-E - CD94:NKG2A","MHC-I","Cell-Cell Contact","PMID: 28484462"
"Stromal_2","NK","HLA-E","CD94:NKG2A",0.231764876773238,0,"HLA-E_CD94:NKG2A","HLA-E - CD94:NKG2A","MHC-I","Cell-Cell Contact","PMID: 28484462"
"LAMP3_DC","NK","HLA-E","CD94:NKG2A",0.257216973844004,0,"HLA-E_CD94:NKG2A","HLA-E - CD94:NKG2A","MHC-I","Cell-Cell Contact","PMID: 28484462"
"Cycling","NK","HLA-E","CD94:NKG2A",0.235041662729024,0,"HLA-E_CD94:NKG2A","HLA-E - CD94:NKG2A","MHC-I","Cell-Cell Contact","PMID: 28484462"
"NK","Cycling","HLA-E","CD94:NKG2A",0.178306305953729,0,"HLA-E_CD94:NKG2A","HLA-E - CD94:NKG2A","MHC-I","Cell-Cell Contact","PMID: 28484462"
"CD4_T","Cycling","HLA-E","CD94:NKG2A",0.181292939403368,0,"HLA-E_CD94:NKG2A","HLA-E - CD94:NKG2A","MHC-I","Cell-Cell Contact","PMID: 28484462"
"CD8_Cytotoxic","Cycling","HLA-E","CD94:NKG2A",0.179839685688845,0,"HLA-E_CD94:NKG2A","HLA-E - CD94:NKG2A","MHC-I","Cell-Cell Contact","PMID: 28484462"
"B_Cell","Cycling","HLA-E","CD94:NKG2A",0.182605043556018,0,"HLA-E_CD94:NKG2A","HLA-E - CD94:NKG2A","MHC-I","Cell-Cell Contact","PMID: 28484462"
"Inflammatory_Macrophage","Cycling","HLA-E","CD94:NKG2A",0.180174028376285,0,"HLA-E_CD94:NKG2A","HLA-E - CD94:NKG2A","MHC-I","Cell-Cell Contact","PMID: 28484462"
"CD8_TRM","Cycling","HLA-E","CD94:NKG2A",0.181876358000889,0,"HLA-E_CD94:NKG2A","HLA-E - CD94:NKG2A","MHC-I","Cell-Cell Contact","PMID: 28484462"
"Treg","Cycling","HLA-E","CD94:NKG2A",0.17908931565865,0,"HLA-E_CD94:NKG2A","HLA-E - CD94:NKG2A","MHC-I","Cell-Cell Contact","PMID: 28484462"
"cDC2","Cycling","HLA-E","CD94:NKG2A",0.160847831448783,0,"HLA-E_CD94:NKG2A","HLA-E - CD94:NKG2A","MHC-I","Cell-Cell Contact","PMID: 28484462"
"Stromal_1","Cycling","HLA-E","CD94:NKG2A",0.0371698093706368,0.03,"HLA-E_CD94:NKG2A","HLA-E - CD94:NKG2A","MHC-I","Cell-Cell Contact","PMID: 28484462"
"Stromal_2","Cycling","HLA-E","CD94:NKG2A",0.164194532329709,0,"HLA-E_CD94:NKG2A","HLA-E - CD94:NKG2A","MHC-I","Cell-Cell Contact","PMID: 28484462"
"LAMP3_DC","Cycling","HLA-E","CD94:NKG2A",0.184003460956589,0,"HLA-E_CD94:NKG2A","HLA-E - CD94:NKG2A","MHC-I","Cell-Cell Contact","PMID: 28484462"
"Cycling","Cycling","HLA-E","CD94:NKG2A",0.166723309690897,0,"HLA-E_CD94:NKG2A","HLA-E - CD94:NKG2A","MHC-I","Cell-Cell Contact","PMID: 28484462"
"NK","CD4_T","HLA-DPA1","CD4",0.196853227406066,0,"HLA-DPA1_CD4","HLA-DPA1 - CD4","MHC-II","Cell-Cell Contact","KEGG: hsa04514"
"CD8_Cytotoxic","CD4_T","HLA-DPA1","CD4",0.280548613090604,0,"HLA-DPA1_CD4","HLA-DPA1 - CD4","MHC-II","Cell-Cell Contact","KEGG: hsa04514"
"B_Cell","CD4_T","HLA-DPA1","CD4",0.356840941274463,0,"HLA-DPA1_CD4","HLA-DPA1 - CD4","MHC-II","Cell-Cell Contact","KEGG: hsa04514"
"Inflammatory_Macrophage","CD4_T","HLA-DPA1","CD4",0.345479327747993,0,"HLA-DPA1_CD4","HLA-DPA1 - CD4","MHC-II","Cell-Cell Contact","KEGG: hsa04514"
"CD8_TRM","CD4_T","HLA-DPA1","CD4",0.234292811136863,0,"HLA-DPA1_CD4","HLA-DPA1 - CD4","MHC-II","Cell-Cell Contact","KEGG: hsa04514"
"cDC2","CD4_T","HLA-DPA1","CD4",0.369297189553769,0,"HLA-DPA1_CD4","HLA-DPA1 - CD4","MHC-II","Cell-Cell Contact","KEGG: hsa04514"
"Stromal_2","CD4_T","HLA-DPA1","CD4",0.255147267053051,0,"HLA-DPA1_CD4","HLA-DPA1 - CD4","MHC-II","Cell-Cell Contact","KEGG: hsa04514"
"Cycling","CD4_T","HLA-DPA1","CD4",0.25781605633702,0,"HLA-DPA1_CD4","HLA-DPA1 - CD4","MHC-II","Cell-Cell Contact","KEGG: hsa04514"
"NK","Inflammatory_Macrophage","HLA-DPA1","CD4",0.250147887475794,0,"HLA-DPA1_CD4","HLA-DPA1 - CD4","MHC-II","Cell-Cell Contact","KEGG: hsa04514"
"CD4_T","Inflammatory_Macrophage","HLA-DPA1","CD4",0.112492154021044,0,"HLA-DPA1_CD4","HLA-DPA1 - CD4","MHC-II","Cell-Cell Contact","KEGG: hsa04514"
"CD8_Cytotoxic","Inflammatory_Macrophage","HLA-DPA1","CD4",0.346720385878926,0,"HLA-DPA1_CD4","HLA-DPA1 - CD4","MHC-II","Cell-Cell Contact","KEGG: hsa04514"
"B_Cell","Inflammatory_Macrophage","HLA-DPA1","CD4",0.430246240529826,0,"HLA-DPA1_CD4","HLA-DPA1 - CD4","MHC-II","Cell-Cell Contact","KEGG: hsa04514"
"Inflammatory_Macrophage","Inflammatory_Macrophage","HLA-DPA1","CD4",0.418066661127959,0,"HLA-DPA1_CD4","HLA-DPA1 - CD4","MHC-II","Cell-Cell Contact","KEGG: hsa04514"
"CD8_TRM","Inflammatory_Macrophage","HLA-DPA1","CD4",0.294013004122605,0,"HLA-DPA1_CD4","HLA-DPA1 - CD4","MHC-II","Cell-Cell Contact","KEGG: hsa04514"
"Treg","Inflammatory_Macrophage","HLA-DPA1","CD4",0.117115682747913,0.01,"HLA-DPA1_CD4","HLA-DPA1 - CD4","MHC-II","Cell-Cell Contact","KEGG: hsa04514"
"cDC2","Inflammatory_Macrophage","HLA-DPA1","CD4",0.443497942857229,0,"HLA-DPA1_CD4","HLA-DPA1 - CD4","MHC-II","Cell-Cell Contact","KEGG: hsa04514"
"Stromal_1","Inflammatory_Macrophage","HLA-DPA1","CD4",0.110911666995407,0.04,"HLA-DPA1_CD4","HLA-DPA1 - CD4","MHC-II","Cell-Cell Contact","KEGG: hsa04514"
"Stromal_2","Inflammatory_Macrophage","HLA-DPA1","CD4",0.317975710506142,0,"HLA-DPA1_CD4","HLA-DPA1 - CD4","MHC-II","Cell-Cell Contact","KEGG: hsa04514"
"Cycling","Inflammatory_Macrophage","HLA-DPA1","CD4",0.321018442731125,0,"HLA-DPA1_CD4","HLA-DPA1 - CD4","MHC-II","Cell-Cell Contact","KEGG: hsa04514"
"NK","Treg","HLA-DPA1","CD4",0.257368705850876,0,"HLA-DPA1_CD4","HLA-DPA1 - CD4","MHC-II","Cell-Cell Contact","KEGG: hsa04514"
"CD4_T","Treg","HLA-DPA1","CD4",0.116355965409689,0,"HLA-DPA1_CD4","HLA-DPA1 - CD4","MHC-II","Cell-Cell Contact","KEGG: hsa04514"
"CD8_Cytotoxic","Treg","HLA-DPA1","CD4",0.355407607252858,0,"HLA-DPA1_CD4","HLA-DPA1 - CD4","MHC-II","Cell-Cell Contact","KEGG: hsa04514"
"B_Cell","Treg","HLA-DPA1","CD4",0.439617924926623,0,"HLA-DPA1_CD4","HLA-DPA1 - CD4","MHC-II","Cell-Cell Contact","KEGG: hsa04514"
"Inflammatory_Macrophage","Treg","HLA-DPA1","CD4",0.427372047609486,0,"HLA-DPA1_CD4","HLA-DPA1 - CD4","MHC-II","Cell-Cell Contact","KEGG: hsa04514"
"CD8_TRM","Treg","HLA-DPA1","CD4",0.301990093562718,0,"HLA-DPA1_CD4","HLA-DPA1 - CD4","MHC-II","Cell-Cell Contact","KEGG: hsa04514"
"Treg","Treg","HLA-DPA1","CD4",0.121116628269216,0,"HLA-DPA1_CD4","HLA-DPA1 - CD4","MHC-II","Cell-Cell Contact","KEGG: hsa04514"
"cDC2","Treg","HLA-DPA1","CD4",0.452928813477796,0,"HLA-DPA1_CD4","HLA-DPA1 - CD4","MHC-II","Cell-Cell Contact","KEGG: hsa04514"
"Stromal_1","Treg","HLA-DPA1","CD4",0.114728210290286,0.03,"HLA-DPA1_CD4","HLA-DPA1 - CD4","MHC-II","Cell-Cell Contact","KEGG: hsa04514"
"Stromal_2","Treg","HLA-DPA1","CD4",0.32630245515435,0,"HLA-DPA1_CD4","HLA-DPA1 - CD4","MHC-II","Cell-Cell Contact","KEGG: hsa04514"
"Cycling","Treg","HLA-DPA1","CD4",0.329386385194448,0,"HLA-DPA1_CD4","HLA-DPA1 - CD4","MHC-II","Cell-Cell Contact","KEGG: hsa04514"
"NK","cDC2","HLA-DPA1","CD4",0.249705016793405,0,"HLA-DPA1_CD4","HLA-DPA1 - CD4","MHC-II","Cell-Cell Contact","KEGG: hsa04514"
"CD4_T","cDC2","HLA-DPA1","CD4",0.112256509265528,0,"HLA-DPA1_CD4","HLA-DPA1 - CD4","MHC-II","Cell-Cell Contact","KEGG: hsa04514"
"CD8_Cytotoxic","cDC2","HLA-DPA1","CD4",0.346185474309108,0,"HLA-DPA1_CD4","HLA-DPA1 - CD4","MHC-II","Cell-Cell Contact","KEGG: hsa04514"
"B_Cell","cDC2","HLA-DPA1","CD4",0.429667220661362,0,"HLA-DPA1_CD4","HLA-DPA1 - CD4","MHC-II","Cell-Cell Contact","KEGG: hsa04514"
"Inflammatory_Macrophage","cDC2","HLA-DPA1","CD4",0.417492021644221,0,"HLA-DPA1_CD4","HLA-DPA1 - CD4","MHC-II","Cell-Cell Contact","KEGG: hsa04514"
"CD8_TRM","cDC2","HLA-DPA1","CD4",0.293522872532486,0,"HLA-DPA1_CD4","HLA-DPA1 - CD4","MHC-II","Cell-Cell Contact","KEGG: hsa04514"
"Treg","cDC2","HLA-DPA1","CD4",0.116871628179749,0,"HLA-DPA1_CD4","HLA-DPA1 - CD4","MHC-II","Cell-Cell Contact","KEGG: hsa04514"
"cDC2","cDC2","HLA-DPA1","CD4",0.442914952783125,0,"HLA-DPA1_CD4","HLA-DPA1 - CD4","MHC-II","Cell-Cell Contact","KEGG: hsa04514"
"Stromal_1","cDC2","HLA-DPA1","CD4",0.110678920115024,0.03,"HLA-DPA1_CD4","HLA-DPA1 - CD4","MHC-II","Cell-Cell Contact","KEGG: hsa04514"
"Stromal_2","cDC2","HLA-DPA1","CD4",0.317463595129333,0,"HLA-DPA1_CD4","HLA-DPA1 - CD4","MHC-II","Cell-Cell Contact","KEGG: hsa04514"
"Cycling","cDC2","HLA-DPA1","CD4",0.320503729763364,0,"HLA-DPA1_CD4","HLA-DPA1 - CD4","MHC-II","Cell-Cell Contact","KEGG: hsa04514"
"NK","LAMP3_DC","HLA-DPA1","CD4",0.236003251441,0,"HLA-DPA1_CD4","HLA-DPA1 - CD4","MHC-II","Cell-Cell Contact","KEGG: hsa04514"
"CD8_Cytotoxic","LAMP3_DC","HLA-DPA1","CD4",0.329514696946454,0,"HLA-DPA1_CD4","HLA-DPA1 - CD4","MHC-II","Cell-Cell Contact","KEGG: hsa04514"
"B_Cell","LAMP3_DC","HLA-DPA1","CD4",0.411506562035006,0,"HLA-DPA1_CD4","HLA-DPA1 - CD4","MHC-II","Cell-Cell Contact","KEGG: hsa04514"
"Inflammatory_Macrophage","LAMP3_DC","HLA-DPA1","CD4",0.399485517136301,0,"HLA-DPA1_CD4","HLA-DPA1 - CD4","MHC-II","Cell-Cell Contact","KEGG: hsa04514"
"CD8_TRM","LAMP3_DC","HLA-DPA1","CD4",0.278308598738453,0,"HLA-DPA1_CD4","HLA-DPA1 - CD4","MHC-II","Cell-Cell Contact","KEGG: hsa04514"
"cDC2","LAMP3_DC","HLA-DPA1","CD4",0.424611228180554,0,"HLA-DPA1_CD4","HLA-DPA1 - CD4","MHC-II","Cell-Cell Contact","KEGG: hsa04514"
"Stromal_2","LAMP3_DC","HLA-DPA1","CD4",0.301538045390576,0,"HLA-DPA1_CD4","HLA-DPA1 - CD4","MHC-II","Cell-Cell Contact","KEGG: hsa04514"
"Cycling","LAMP3_DC","HLA-DPA1","CD4",0.304493708885499,0,"HLA-DPA1_CD4","HLA-DPA1 - CD4","MHC-II","Cell-Cell Contact","KEGG: hsa04514"
"NK","CD4_T","HLA-DPB1","CD4",0.195349571714588,0,"HLA-DPB1_CD4","HLA-DPB1 - CD4","MHC-II","Cell-Cell Contact","KEGG: hsa04514"
"CD8_Cytotoxic","CD4_T","HLA-DPB1","CD4",0.283232394879952,0,"HLA-DPB1_CD4","HLA-DPB1 - CD4","MHC-II","Cell-Cell Contact","KEGG: hsa04514"
"B_Cell","CD4_T","HLA-DPB1","CD4",0.353134918081868,0,"HLA-DPB1_CD4","HLA-DPB1 - CD4","MHC-II","Cell-Cell Contact","KEGG: hsa04514"
"Inflammatory_Macrophage","CD4_T","HLA-DPB1","CD4",0.319074160654672,0,"HLA-DPB1_CD4","HLA-DPB1 - CD4","MHC-II","Cell-Cell Contact","KEGG: hsa04514"
"CD8_TRM","CD4_T","HLA-DPB1","CD4",0.233601253566833,0,"HLA-DPB1_CD4","HLA-DPB1 - CD4","MHC-II","Cell-Cell Contact","KEGG: hsa04514"
"cDC2","CD4_T","HLA-DPB1","CD4",0.367405613915398,0,"HLA-DPB1_CD4","HLA-DPB1 - CD4","MHC-II","Cell-Cell Contact","KEGG: hsa04514"
"Cycling","CD4_T","HLA-DPB1","CD4",0.277788689598686,0,"HLA-DPB1_CD4","HLA-DPB1 - CD4","MHC-II","Cell-Cell Contact","KEGG: hsa04514"
"NK","Inflammatory_Macrophage","HLA-DPB1","CD4",0.248363029808944,0,"HLA-DPB1_CD4","HLA-DPB1 - CD4","MHC-II","Cell-Cell Contact","KEGG: hsa04514"
"CD4_T","Inflammatory_Macrophage","HLA-DPB1","CD4",0.104405386178513,0,"HLA-DPB1_CD4","HLA-DPB1 - CD4","MHC-II","Cell-Cell Contact","KEGG: hsa04514"
"CD8_Cytotoxic","Inflammatory_Macrophage","HLA-DPB1","CD4",0.349729468810932,0,"HLA-DPB1_CD4","HLA-DPB1 - CD4","MHC-II","Cell-Cell Contact","KEGG: hsa04514"
"B_Cell","Inflammatory_Macrophage","HLA-DPB1","CD4",0.426283145915641,0,"HLA-DPB1_CD4","HLA-DPB1 - CD4","MHC-II","Cell-Cell Contact","KEGG: hsa04514"
"Inflammatory_Macrophage","Inflammatory_Macrophage","HLA-DPB1","CD4",0.389414383902518,0,"HLA-DPB1_CD4","HLA-DPB1 - CD4","MHC-II","Cell-Cell Contact","KEGG: hsa04514"
"CD8_TRM","Inflammatory_Macrophage","HLA-DPB1","CD4",0.293212672670935,0,"HLA-DPB1_CD4","HLA-DPB1 - CD4","MHC-II","Cell-Cell Contact","KEGG: hsa04514"
"Treg","Inflammatory_Macrophage","HLA-DPB1","CD4",0.105691525333671,0,"HLA-DPB1_CD4","HLA-DPB1 - CD4","MHC-II","Cell-Cell Contact","KEGG: hsa04514"
"cDC2","Inflammatory_Macrophage","HLA-DPB1","CD4",0.441492348435165,0,"HLA-DPB1_CD4","HLA-DPB1 - CD4","MHC-II","Cell-Cell Contact","KEGG: hsa04514"
"Cycling","Inflammatory_Macrophage","HLA-DPB1","CD4",0.343620404531335,0,"HLA-DPB1_CD4","HLA-DPB1 - CD4","MHC-II","Cell-Cell Contact","KEGG: hsa04514"
"NK","Treg","HLA-DPB1","CD4",0.255549884865418,0,"HLA-DPB1_CD4","HLA-DPB1 - CD4","MHC-II","Cell-Cell Contact","KEGG: hsa04514"
"CD4_T","Treg","HLA-DPB1","CD4",0.108025246408809,0,"HLA-DPB1_CD4","HLA-DPB1 - CD4","MHC-II","Cell-Cell Contact","KEGG: hsa04514"
"CD8_Cytotoxic","Treg","HLA-DPB1","CD4",0.358450715849104,0,"HLA-DPB1_CD4","HLA-DPB1 - CD4","MHC-II","Cell-Cell Contact","KEGG: hsa04514"
"B_Cell","Treg","HLA-DPB1","CD4",0.43563450960012,0,"HLA-DPB1_CD4","HLA-DPB1 - CD4","MHC-II","Cell-Cell Contact","KEGG: hsa04514"
"Inflammatory_Macrophage","Treg","HLA-DPB1","CD4",0.398518764566231,0,"HLA-DPB1_CD4","HLA-DPB1 - CD4","MHC-II","Cell-Cell Contact","KEGG: hsa04514"
"CD8_TRM","Treg","HLA-DPB1","CD4",0.301177311175108,0,"HLA-DPB1_CD4","HLA-DPB1 - CD4","MHC-II","Cell-Cell Contact","KEGG: hsa04514"
"Treg","Treg","HLA-DPB1","CD4",0.109350532950481,0,"HLA-DPB1_CD4","HLA-DPB1 - CD4","MHC-II","Cell-Cell Contact","KEGG: hsa04514"
"cDC2","Treg","HLA-DPB1","CD4",0.450915127227065,0,"HLA-DPB1_CD4","HLA-DPB1 - CD4","MHC-II","Cell-Cell Contact","KEGG: hsa04514"
"Cycling","Treg","HLA-DPB1","CD4",0.352271837759178,0,"HLA-DPB1_CD4","HLA-DPB1 - CD4","MHC-II","Cell-Cell Contact","KEGG: hsa04514"
"NK","cDC2","HLA-DPB1","CD4",0.247922274324791,0,"HLA-DPB1_CD4","HLA-DPB1 - CD4","MHC-II","Cell-Cell Contact","KEGG: hsa04514"
"CD4_T","cDC2","HLA-DPB1","CD4",0.104184692734283,0,"HLA-DPB1_CD4","HLA-DPB1 - CD4","MHC-II","Cell-Cell Contact","KEGG: hsa04514"
"CD8_Cytotoxic","cDC2","HLA-DPB1","CD4",0.349192396335338,0,"HLA-DPB1_CD4","HLA-DPB1 - CD4","MHC-II","Cell-Cell Contact","KEGG: hsa04514"
"B_Cell","cDC2","HLA-DPB1","CD4",0.425705474487451,0,"HLA-DPB1_CD4","HLA-DPB1 - CD4","MHC-II","Cell-Cell Contact","KEGG: hsa04514"
"Inflammatory_Macrophage","cDC2","HLA-DPB1","CD4",0.388852811371204,0,"HLA-DPB1_CD4","HLA-DPB1 - CD4","MHC-II","Cell-Cell Contact","KEGG: hsa04514"
"CD8_TRM","cDC2","HLA-DPB1","CD4",0.292723322072789,0,"HLA-DPB1_CD4","HLA-DPB1 - CD4","MHC-II","Cell-Cell Contact","KEGG: hsa04514"
"Treg","cDC2","HLA-DPB1","CD4",0.10546843339085,0,"HLA-DPB1_CD4","HLA-DPB1 - CD4","MHC-II","Cell-Cell Contact","KEGG: hsa04514"
"cDC2","cDC2","HLA-DPB1","CD4",0.440909905974674,0,"HLA-DPB1_CD4","HLA-DPB1 - CD4","MHC-II","Cell-Cell Contact","KEGG: hsa04514"
"Cycling","cDC2","HLA-DPB1","CD4",0.343087763835174,0,"HLA-DPB1_CD4","HLA-DPB1 - CD4","MHC-II","Cell-Cell Contact","KEGG: hsa04514"
"NK","LAMP3_DC","HLA-DPB1","CD4",0.234287785192938,0,"HLA-DPB1_CD4","HLA-DPB1 - CD4","MHC-II","Cell-Cell Contact","KEGG: hsa04514"
"CD8_Cytotoxic","LAMP3_DC","HLA-DPB1","CD4",0.332450446518243,0,"HLA-DPB1_CD4","HLA-DPB1 - CD4","MHC-II","Cell-Cell Contact","KEGG: hsa04514"
"B_Cell","LAMP3_DC","HLA-DPB1","CD4",0.407592596558667,0,"HLA-DPB1_CD4","HLA-DPB1 - CD4","MHC-II","Cell-Cell Contact","KEGG: hsa04514"
"Inflammatory_Macrophage","LAMP3_DC","HLA-DPB1","CD4",0.37129418788907,0,"HLA-DPB1_CD4","HLA-DPB1 - CD4","MHC-II","Cell-Cell Contact","KEGG: hsa04514"
"CD8_TRM","LAMP3_DC","HLA-DPB1","CD4",0.277534210938807,0,"HLA-DPB1_CD4","HLA-DPB1 - CD4","MHC-II","Cell-Cell Contact","KEGG: hsa04514"
"cDC2","LAMP3_DC","HLA-DPB1","CD4",0.422626180524557,0,"HLA-DPB1_CD4","HLA-DPB1 - CD4","MHC-II","Cell-Cell Contact","KEGG: hsa04514"
"Cycling","LAMP3_DC","HLA-DPB1","CD4",0.326491667383069,0,"HLA-DPB1_CD4","HLA-DPB1 - CD4","MHC-II","Cell-Cell Contact","KEGG: hsa04514"
"B_Cell","CD4_T","HLA-DQA1","CD4",0.308750751287927,0,"HLA-DQA1_CD4","HLA-DQA1 - CD4","MHC-II","Cell-Cell Contact","KEGG: hsa04514"
"Inflammatory_Macrophage","CD4_T","HLA-DQA1","CD4",0.222270360337602,0,"HLA-DQA1_CD4","HLA-DQA1 - CD4","MHC-II","Cell-Cell Contact","KEGG: hsa04514"
"cDC2","CD4_T","HLA-DQA1","CD4",0.332090949102451,0,"HLA-DQA1_CD4","HLA-DQA1 - CD4","MHC-II","Cell-Cell Contact","KEGG: hsa04514"
"Stromal_2","CD4_T","HLA-DQA1","CD4",0.046960574154031,0,"HLA-DQA1_CD4","HLA-DQA1 - CD4","MHC-II","Cell-Cell Contact","KEGG: hsa04514"
"Cycling","CD4_T","HLA-DQA1","CD4",0.0441592283093399,0.04,"HLA-DQA1_CD4","HLA-DQA1 - CD4","MHC-II","Cell-Cell Contact","KEGG: hsa04514"
"B_Cell","Inflammatory_Macrophage","HLA-DQA1","CD4",0.378078792127574,0,"HLA-DQA1_CD4","HLA-DQA1 - CD4","MHC-II","Cell-Cell Contact","KEGG: hsa04514"
"Inflammatory_Macrophage","Inflammatory_Macrophage","HLA-DQA1","CD4",0.280046871638446,0,"HLA-DQA1_CD4","HLA-DQA1 - CD4","MHC-II","Cell-Cell Contact","KEGG: hsa04514"
"cDC2","Inflammatory_Macrophage","HLA-DQA1","CD4",0.403599882079525,0,"HLA-DQA1_CD4","HLA-DQA1 - CD4","MHC-II","Cell-Cell Contact","KEGG: hsa04514"
"Stromal_2","Inflammatory_Macrophage","HLA-DQA1","CD4",0.0628499942719189,0,"HLA-DQA1_CD4","HLA-DQA1 - CD4","MHC-II","Cell-Cell Contact","KEGG: hsa04514"
"Cycling","Inflammatory_Macrophage","HLA-DQA1","CD4",0.0591596323162682,0.03,"HLA-DQA1_CD4","HLA-DQA1 - CD4","MHC-II","Cell-Cell Contact","KEGG: hsa04514"
"B_Cell","Treg","HLA-DQA1","CD4",0.387086163683507,0,"HLA-DQA1_CD4","HLA-DQA1 - CD4","MHC-II","Cell-Cell Contact","KEGG: hsa04514"
"Inflammatory_Macrophage","Treg","HLA-DQA1","CD4",0.287799506528337,0,"HLA-DQA1_CD4","HLA-DQA1 - CD4","MHC-II","Cell-Cell Contact","KEGG: hsa04514"
"cDC2","Treg","HLA-DQA1","CD4",0.412811687772736,0,"HLA-DQA1_CD4","HLA-DQA1 - CD4","MHC-II","Cell-Cell Contact","KEGG: hsa04514"
"Stromal_2","Treg","HLA-DQA1","CD4",0.0651338623123196,0,"HLA-DQA1_CD4","HLA-DQA1 - CD4","MHC-II","Cell-Cell Contact","KEGG: hsa04514"
"Cycling","Treg","HLA-DQA1","CD4",0.0613181728663638,0.03,"HLA-DQA1_CD4","HLA-DQA1 - CD4","MHC-II","Cell-Cell Contact","KEGG: hsa04514"
"B_Cell","cDC2","HLA-DQA1","CD4",0.377523459289756,0,"HLA-DQA1_CD4","HLA-DQA1 - CD4","MHC-II","Cell-Cell Contact","KEGG: hsa04514"
"Inflammatory_Macrophage","cDC2","HLA-DQA1","CD4",0.279570802443564,0,"HLA-DQA1_CD4","HLA-DQA1 - CD4","MHC-II","Cell-Cell Contact","KEGG: hsa04514"
"cDC2","cDC2","HLA-DQA1","CD4",0.403031355726639,0,"HLA-DQA1_CD4","HLA-DQA1 - CD4","MHC-II","Cell-Cell Contact","KEGG: hsa04514"
"Stromal_2","cDC2","HLA-DQA1","CD4",0.0627109904260278,0,"HLA-DQA1_CD4","HLA-DQA1 - CD4","MHC-II","Cell-Cell Contact","KEGG: hsa04514"
"Cycling","cDC2","HLA-DQA1","CD4",0.0590282762638283,0.04,"HLA-DQA1_CD4","HLA-DQA1 - CD4","MHC-II","Cell-Cell Contact","KEGG: hsa04514"
"B_Cell","LAMP3_DC","HLA-DQA1","CD4",0.360174918472266,0,"HLA-DQA1_CD4","HLA-DQA1 - CD4","MHC-II","Cell-Cell Contact","KEGG: hsa04514"
"Inflammatory_Macrophage","LAMP3_DC","HLA-DQA1","CD4",0.264808640858527,0,"HLA-DQA1_CD4","HLA-DQA1 - CD4","MHC-II","Cell-Cell Contact","KEGG: hsa04514"
"cDC2","LAMP3_DC","HLA-DQA1","CD4",0.385236070175755,0,"HLA-DQA1_CD4","HLA-DQA1 - CD4","MHC-II","Cell-Cell Contact","KEGG: hsa04514"
"B_Cell","CD4_T","HLA-DMA","CD4",0.238927559011781,0,"HLA-DMA_CD4","HLA-DMA - CD4","MHC-II","Cell-Cell Contact","KEGG: hsa04514"
"Inflammatory_Macrophage","CD4_T","HLA-DMA","CD4",0.0922072955366685,0,"HLA-DMA_CD4","HLA-DMA - CD4","MHC-II","Cell-Cell Contact","KEGG: hsa04514"
"cDC2","CD4_T","HLA-DMA","CD4",0.295299256136114,0,"HLA-DMA_CD4","HLA-DMA - CD4","MHC-II","Cell-Cell Contact","KEGG: hsa04514"
"Stromal_2","CD4_T","HLA-DMA","CD4",0.0680492062239627,0,"HLA-DMA_CD4","HLA-DMA - CD4","MHC-II","Cell-Cell Contact","KEGG: hsa04514"
"Cycling","CD4_T","HLA-DMA","CD4",0.0614119415015566,0.01,"HLA-DMA_CD4","HLA-DMA - CD4","MHC-II","Cell-Cell Contact","KEGG: hsa04514"
"B_Cell","Inflammatory_Macrophage","HLA-DMA","CD4",0.299367247762943,0,"HLA-DMA_CD4","HLA-DMA - CD4","MHC-II","Cell-Cell Contact","KEGG: hsa04514"
"Inflammatory_Macrophage","Inflammatory_Macrophage","HLA-DMA","CD4",0.121455198635254,0,"HLA-DMA_CD4","HLA-DMA - CD4","MHC-II","Cell-Cell Contact","KEGG: hsa04514"
"cDC2","Inflammatory_Macrophage","HLA-DMA","CD4",0.363193842215692,0,"HLA-DMA_CD4","HLA-DMA - CD4","MHC-II","Cell-Cell Contact","KEGG: hsa04514"
"Stromal_2","Inflammatory_Macrophage","HLA-DMA","CD4",0.090397292823491,0,"HLA-DMA_CD4","HLA-DMA - CD4","MHC-II","Cell-Cell Contact","KEGG: hsa04514"
"Cycling","Inflammatory_Macrophage","HLA-DMA","CD4",0.0817715356613534,0.01,"HLA-DMA_CD4","HLA-DMA - CD4","MHC-II","Cell-Cell Contact","KEGG: hsa04514"
"B_Cell","Treg","HLA-DMA","CD4",0.307426348516141,0,"HLA-DMA_CD4","HLA-DMA - CD4","MHC-II","Cell-Cell Contact","KEGG: hsa04514"
"Inflammatory_Macrophage","Treg","HLA-DMA","CD4",0.125583305058839,0,"HLA-DMA_CD4","HLA-DMA - CD4","MHC-II","Cell-Cell Contact","KEGG: hsa04514"
"cDC2","Treg","HLA-DMA","CD4",0.372058742010251,0,"HLA-DMA_CD4","HLA-DMA - CD4","MHC-II","Cell-Cell Contact","KEGG: hsa04514"
"Stromal_2","Treg","HLA-DMA","CD4",0.0935822248921491,0,"HLA-DMA_CD4","HLA-DMA - CD4","MHC-II","Cell-Cell Contact","KEGG: hsa04514"
"Cycling","Treg","HLA-DMA","CD4",0.0846808526081845,0.01,"HLA-DMA_CD4","HLA-DMA - CD4","MHC-II","Cell-Cell Contact","KEGG: hsa04514"
"B_Cell","cDC2","HLA-DMA","CD4",0.298871969047819,0,"HLA-DMA_CD4","HLA-DMA - CD4","MHC-II","Cell-Cell Contact","KEGG: hsa04514"
"Inflammatory_Macrophage","cDC2","HLA-DMA","CD4",0.121203342488734,0,"HLA-DMA_CD4","HLA-DMA - CD4","MHC-II","Cell-Cell Contact","KEGG: hsa04514"
"cDC2","cDC2","HLA-DMA","CD4",0.362647624055642,0,"HLA-DMA_CD4","HLA-DMA - CD4","MHC-II","Cell-Cell Contact","KEGG: hsa04514"
"Stromal_2","cDC2","HLA-DMA","CD4",0.0902032275334616,0,"HLA-DMA_CD4","HLA-DMA - CD4","MHC-II","Cell-Cell Contact","KEGG: hsa04514"
"Cycling","cDC2","HLA-DMA","CD4",0.0815943270751564,0.01,"HLA-DMA_CD4","HLA-DMA - CD4","MHC-II","Cell-Cell Contact","KEGG: hsa04514"
"B_Cell","LAMP3_DC","HLA-DMA","CD4",0.283491691839483,0,"HLA-DMA_CD4","HLA-DMA - CD4","MHC-II","Cell-Cell Contact","KEGG: hsa04514"
"Inflammatory_Macrophage","LAMP3_DC","HLA-DMA","CD4",0.113486176233687,0,"HLA-DMA_CD4","HLA-DMA - CD4","MHC-II","Cell-Cell Contact","KEGG: hsa04514"
"cDC2","LAMP3_DC","HLA-DMA","CD4",0.34560314276102,0,"HLA-DMA_CD4","HLA-DMA - CD4","MHC-II","Cell-Cell Contact","KEGG: hsa04514"
"Stromal_2","LAMP3_DC","HLA-DMA","CD4",0.0842706013810432,0,"HLA-DMA_CD4","HLA-DMA - CD4","MHC-II","Cell-Cell Contact","KEGG: hsa04514"
"Cycling","LAMP3_DC","HLA-DMA","CD4",0.0761804942550454,0.02,"HLA-DMA_CD4","HLA-DMA - CD4","MHC-II","Cell-Cell Contact","KEGG: hsa04514"
"B_Cell","CD4_T","HLA-DMB","CD4",0.24321783149343,0,"HLA-DMB_CD4","HLA-DMB - CD4","MHC-II","Cell-Cell Contact","KEGG: hsa04514"
"Inflammatory_Macrophage","CD4_T","HLA-DMB","CD4",0.0931119785723286,0,"HLA-DMB_CD4","HLA-DMB - CD4","MHC-II","Cell-Cell Contact","KEGG: hsa04514"
"cDC2","CD4_T","HLA-DMB","CD4",0.301461865154923,0,"HLA-DMB_CD4","HLA-DMB - CD4","MHC-II","Cell-Cell Contact","KEGG: hsa04514"
"B_Cell","Inflammatory_Macrophage","HLA-DMB","CD4",0.304308858105569,0,"HLA-DMB_CD4","HLA-DMB - CD4","MHC-II","Cell-Cell Contact","KEGG: hsa04514"
"Inflammatory_Macrophage","Inflammatory_Macrophage","HLA-DMB","CD4",0.122608086937375,0,"HLA-DMB_CD4","HLA-DMB - CD4","MHC-II","Cell-Cell Contact","KEGG: hsa04514"
"cDC2","Inflammatory_Macrophage","HLA-DMB","CD4",0.370029352378537,0,"HLA-DMB_CD4","HLA-DMB - CD4","MHC-II","Cell-Cell Contact","KEGG: hsa04514"
"B_Cell","Treg","HLA-DMB","CD4",0.312441665381362,0,"HLA-DMB_CD4","HLA-DMB - CD4","MHC-II","Cell-Cell Contact","KEGG: hsa04514"
"Inflammatory_Macrophage","Treg","HLA-DMB","CD4",0.12676972432343,0,"HLA-DMB_CD4","HLA-DMB - CD4","MHC-II","Cell-Cell Contact","KEGG: hsa04514"
"cDC2","Treg","HLA-DMB","CD4",0.378961807041747,0,"HLA-DMB_CD4","HLA-DMB - CD4","MHC-II","Cell-Cell Contact","KEGG: hsa04514"
"B_Cell","cDC2","HLA-DMB","CD4",0.303808948962218,0,"HLA-DMB_CD4","HLA-DMB - CD4","MHC-II","Cell-Cell Contact","KEGG: hsa04514"
"Inflammatory_Macrophage","cDC2","HLA-DMB","CD4",0.122354173048221,0,"HLA-DMB_CD4","HLA-DMB - CD4","MHC-II","Cell-Cell Contact","KEGG: hsa04514"
"cDC2","cDC2","HLA-DMB","CD4",0.369478818682794,0,"HLA-DMB_CD4","HLA-DMB - CD4","MHC-II","Cell-Cell Contact","KEGG: hsa04514"
"B_Cell","LAMP3_DC","HLA-DMB","CD4",0.28827907085495,0,"HLA-DMB_CD4","HLA-DMB - CD4","MHC-II","Cell-Cell Contact","KEGG: hsa04514"
"Inflammatory_Macrophage","LAMP3_DC","HLA-DMB","CD4",0.114573285208916,0,"HLA-DMB_CD4","HLA-DMB - CD4","MHC-II","Cell-Cell Contact","KEGG: hsa04514"
"cDC2","LAMP3_DC","HLA-DMB","CD4",0.352290737275771,0,"HLA-DMB_CD4","HLA-DMB - CD4","MHC-II","Cell-Cell Contact","KEGG: hsa04514"
"cDC2","CD4_T","HLA-DQA2","CD4",0.0794399426531644,0,"HLA-DQA2_CD4","HLA-DQA2 - CD4","MHC-II","Cell-Cell Contact","KEGG: hsa04514"
"cDC2","Inflammatory_Macrophage","HLA-DQA2","CD4",0.105106970683979,0,"HLA-DQA2_CD4","HLA-DQA2 - CD4","MHC-II","Cell-Cell Contact","KEGG: hsa04514"
"cDC2","Treg","HLA-DQA2","CD4",0.108748202039176,0,"HLA-DQA2_CD4","HLA-DQA2 - CD4","MHC-II","Cell-Cell Contact","KEGG: hsa04514"
"cDC2","cDC2","HLA-DQA2","CD4",0.104884967900818,0,"HLA-DQA2_CD4","HLA-DQA2 - CD4","MHC-II","Cell-Cell Contact","KEGG: hsa04514"
"cDC2","LAMP3_DC","HLA-DQA2","CD4",0.0980908387896079,0,"HLA-DQA2_CD4","HLA-DQA2 - CD4","MHC-II","Cell-Cell Contact","KEGG: hsa04514"
"B_Cell","CD4_T","HLA-DOA","CD4",0.0857840703634825,0,"HLA-DOA_CD4","HLA-DOA - CD4","MHC-II","Cell-Cell Contact","KEGG: hsa04514"
"cDC2","CD4_T","HLA-DOA","CD4",0.194630402276178,0,"HLA-DOA_CD4","HLA-DOA - CD4","MHC-II","Cell-Cell Contact","KEGG: hsa04514"
"B_Cell","Inflammatory_Macrophage","HLA-DOA","CD4",0.113248716799079,0,"HLA-DOA_CD4","HLA-DOA - CD4","MHC-II","Cell-Cell Contact","KEGG: hsa04514"
"cDC2","Inflammatory_Macrophage","HLA-DOA","CD4",0.247508726780733,0,"HLA-DOA_CD4","HLA-DOA - CD4","MHC-II","Cell-Cell Contact","KEGG: hsa04514"
"B_Cell","Treg","HLA-DOA","CD4",0.117135084462366,0,"HLA-DOA_CD4","HLA-DOA - CD4","MHC-II","Cell-Cell Contact","KEGG: hsa04514"
"cDC2","Treg","HLA-DOA","CD4",0.254679237203119,0,"HLA-DOA_CD4","HLA-DOA - CD4","MHC-II","Cell-Cell Contact","KEGG: hsa04514"
"B_Cell","cDC2","HLA-DOA","CD4",0.113011689026359,0,"HLA-DOA_CD4","HLA-DOA - CD4","MHC-II","Cell-Cell Contact","KEGG: hsa04514"
"cDC2","cDC2","HLA-DOA","CD4",0.247068989030562,0,"HLA-DOA_CD4","HLA-DOA - CD4","MHC-II","Cell-Cell Contact","KEGG: hsa04514"
"B_Cell","LAMP3_DC","HLA-DOA","CD4",0.105753330020382,0,"HLA-DOA_CD4","HLA-DOA - CD4","MHC-II","Cell-Cell Contact","KEGG: hsa04514"
"cDC2","LAMP3_DC","HLA-DOA","CD4",0.233466859001375,0,"HLA-DOA_CD4","HLA-DOA - CD4","MHC-II","Cell-Cell Contact","KEGG: hsa04514"
"B_Cell","CD4_T","HLA-DOB","CD4",0.212611462643145,0,"HLA-DOB_CD4","HLA-DOB - CD4","MHC-II","Cell-Cell Contact","KEGG: hsa04514"
"Stromal_2","CD4_T","HLA-DOB","CD4",0.177059208188656,0,"HLA-DOB_CD4","HLA-DOB - CD4","MHC-II","Cell-Cell Contact","KEGG: hsa04514"
"B_Cell","Inflammatory_Macrophage","HLA-DOB","CD4",0.268744838019174,0,"HLA-DOB_CD4","HLA-DOB - CD4","MHC-II","Cell-Cell Contact","KEGG: hsa04514"
"Stromal_2","Inflammatory_Macrophage","HLA-DOB","CD4",0.226506308796057,0,"HLA-DOB_CD4","HLA-DOB - CD4","MHC-II","Cell-Cell Contact","KEGG: hsa04514"
"B_Cell","Treg","HLA-DOB","CD4",0.276304671611421,0,"HLA-DOB_CD4","HLA-DOB - CD4","MHC-II","Cell-Cell Contact","KEGG: hsa04514"
"Stromal_2","Treg","HLA-DOB","CD4",0.233256972503581,0,"HLA-DOB_CD4","HLA-DOB - CD4","MHC-II","Cell-Cell Contact","KEGG: hsa04514"
"B_Cell","cDC2","HLA-DOB","CD4",0.268280822380276,0,"HLA-DOB_CD4","HLA-DOB - CD4","MHC-II","Cell-Cell Contact","KEGG: hsa04514"
"Stromal_2","cDC2","HLA-DOB","CD4",0.226092673767333,0,"HLA-DOB_CD4","HLA-DOB - CD4","MHC-II","Cell-Cell Contact","KEGG: hsa04514"
"B_Cell","LAMP3_DC","HLA-DOB","CD4",0.253904702711268,0,"HLA-DOB_CD4","HLA-DOB - CD4","MHC-II","Cell-Cell Contact","KEGG: hsa04514"
"Stromal_2","LAMP3_DC","HLA-DOB","CD4",0.213318190385749,0,"HLA-DOB_CD4","HLA-DOB - CD4","MHC-II","Cell-Cell Contact","KEGG: hsa04514"
"B_Cell","CD4_T","HLA-DQB1","CD4",0.329801672736244,0,"HLA-DQB1_CD4","HLA-DQB1 - CD4","MHC-II","Cell-Cell Contact","KEGG: hsa04514"
"Inflammatory_Macrophage","CD4_T","HLA-DQB1","CD4",0.226666396953361,0,"HLA-DQB1_CD4","HLA-DQB1 - CD4","MHC-II","Cell-Cell Contact","KEGG: hsa04514"
"CD8_TRM","CD4_T","HLA-DQB1","CD4",0.0459150597387052,0,"HLA-DQB1_CD4","HLA-DQB1 - CD4","MHC-II","Cell-Cell Contact","KEGG: hsa04514"
"cDC2","CD4_T","HLA-DQB1","CD4",0.342435434852065,0,"HLA-DQB1_CD4","HLA-DQB1 - CD4","MHC-II","Cell-Cell Contact","KEGG: hsa04514"
"Stromal_2","CD4_T","HLA-DQB1","CD4",0.0585420064698547,0,"HLA-DQB1_CD4","HLA-DQB1 - CD4","MHC-II","Cell-Cell Contact","KEGG: hsa04514"
"B_Cell","Inflammatory_Macrophage","HLA-DQB1","CD4",0.4011136981423,0,"HLA-DQB1_CD4","HLA-DQB1 - CD4","MHC-II","Cell-Cell Contact","KEGG: hsa04514"
"Inflammatory_Macrophage","Inflammatory_Macrophage","HLA-DQB1","CD4",0.285166617659364,0,"HLA-DQB1_CD4","HLA-DQB1 - CD4","MHC-II","Cell-Cell Contact","KEGG: hsa04514"
"CD8_TRM","Inflammatory_Macrophage","HLA-DQB1","CD4",0.0614735413902991,0,"HLA-DQB1_CD4","HLA-DQB1 - CD4","MHC-II","Cell-Cell Contact","KEGG: hsa04514"
"cDC2","Inflammatory_Macrophage","HLA-DQB1","CD4",0.414788522840863,0,"HLA-DQB1_CD4","HLA-DQB1 - CD4","MHC-II","Cell-Cell Contact","KEGG: hsa04514"
"Stromal_2","Inflammatory_Macrophage","HLA-DQB1","CD4",0.0780292443587642,0,"HLA-DQB1_CD4","HLA-DQB1 - CD4","MHC-II","Cell-Cell Contact","KEGG: hsa04514"
"Cycling","Inflammatory_Macrophage","HLA-DQB1","CD4",0.083295657143876,0.02,"HLA-DQB1_CD4","HLA-DQB1 - CD4","MHC-II","Cell-Cell Contact","KEGG: hsa04514"
"B_Cell","Treg","HLA-DQB1","CD4",0.410307797947059,0,"HLA-DQB1_CD4","HLA-DQB1 - CD4","MHC-II","Cell-Cell Contact","KEGG: hsa04514"
"Inflammatory_Macrophage","Treg","HLA-DQB1","CD4",0.293003302921285,0,"HLA-DQB1_CD4","HLA-DQB1 - CD4","MHC-II","Cell-Cell Contact","KEGG: hsa04514"
"CD8_TRM","Treg","HLA-DQB1","CD4",0.0637107917473022,0,"HLA-DQB1_CD4","HLA-DQB1 - CD4","MHC-II","Cell-Cell Contact","KEGG: hsa04514"
"cDC2","Treg","HLA-DQB1","CD4",0.424074116265596,0,"HLA-DQB1_CD4","HLA-DQB1 - CD4","MHC-II","Cell-Cell Contact","KEGG: hsa04514"
"Stromal_2","Treg","HLA-DQB1","CD4",0.0808171345044456,0,"HLA-DQB1_CD4","HLA-DQB1 - CD4","MHC-II","Cell-Cell Contact","KEGG: hsa04514"
"Cycling","Treg","HLA-DQB1","CD4",0.0862541064543122,0.02,"HLA-DQB1_CD4","HLA-DQB1 - CD4","MHC-II","Cell-Cell Contact","KEGG: hsa04514"
"B_Cell","cDC2","HLA-DQB1","CD4",0.400546321866892,0,"HLA-DQB1_CD4","HLA-DQB1 - CD4","MHC-II","Cell-Cell Contact","KEGG: hsa04514"
"Inflammatory_Macrophage","cDC2","HLA-DQB1","CD4",0.284685286594281,0,"HLA-DQB1_CD4","HLA-DQB1 - CD4","MHC-II","Cell-Cell Contact","KEGG: hsa04514"
"CD8_TRM","cDC2","HLA-DQB1","CD4",0.0613373825623618,0,"HLA-DQB1_CD4","HLA-DQB1 - CD4","MHC-II","Cell-Cell Contact","KEGG: hsa04514"
"cDC2","cDC2","HLA-DQB1","CD4",0.414215181982965,0,"HLA-DQB1_CD4","HLA-DQB1 - CD4","MHC-II","Cell-Cell Contact","KEGG: hsa04514"
"Stromal_2","cDC2","HLA-DQB1","CD4",0.0778594580891191,0,"HLA-DQB1_CD4","HLA-DQB1 - CD4","MHC-II","Cell-Cell Contact","KEGG: hsa04514"
"Cycling","cDC2","HLA-DQB1","CD4",0.0831154445800469,0.02,"HLA-DQB1_CD4","HLA-DQB1 - CD4","MHC-II","Cell-Cell Contact","KEGG: hsa04514"
"B_Cell","LAMP3_DC","HLA-DQB1","CD4",0.382790402404571,0,"HLA-DQB1_CD4","HLA-DQB1 - CD4","MHC-II","Cell-Cell Contact","KEGG: hsa04514"
"Inflammatory_Macrophage","LAMP3_DC","HLA-DQB1","CD4",0.269754185140413,0,"HLA-DQB1_CD4","HLA-DQB1 - CD4","MHC-II","Cell-Cell Contact","KEGG: hsa04514"
"cDC2","LAMP3_DC","HLA-DQB1","CD4",0.396253867274551,0,"HLA-DQB1_CD4","HLA-DQB1 - CD4","MHC-II","Cell-Cell Contact","KEGG: hsa04514"
"B_Cell","CD4_T","HLA-DRA","CD4",0.370005627524554,0,"HLA-DRA_CD4","HLA-DRA - CD4","MHC-II","Cell-Cell Contact","KEGG: hsa04514"
"Inflammatory_Macrophage","CD4_T","HLA-DRA","CD4",0.355127765631902,0,"HLA-DRA_CD4","HLA-DRA - CD4","MHC-II","Cell-Cell Contact","KEGG: hsa04514"
"cDC2","CD4_T","HLA-DRA","CD4",0.373786152712724,0,"HLA-DRA_CD4","HLA-DRA - CD4","MHC-II","Cell-Cell Contact","KEGG: hsa04514"
"Stromal_1","CD4_T","HLA-DRA","CD4",0.164813101295866,0,"HLA-DRA_CD4","HLA-DRA - CD4","MHC-II","Cell-Cell Contact","KEGG: hsa04514"
"Cycling","CD4_T","HLA-DRA","CD4",0.235636237745994,0,"HLA-DRA_CD4","HLA-DRA - CD4","MHC-II","Cell-Cell Contact","KEGG: hsa04514"
"NK","Inflammatory_Macrophage","HLA-DRA","CD4",0.109137457444745,0,"HLA-DRA_CD4","HLA-DRA - CD4","MHC-II","Cell-Cell Contact","KEGG: hsa04514"
"CD4_T","Inflammatory_Macrophage","HLA-DRA","CD4",0.101757539708,0.01,"HLA-DRA_CD4","HLA-DRA - CD4","MHC-II","Cell-Cell Contact","KEGG: hsa04514"
"CD8_Cytotoxic","Inflammatory_Macrophage","HLA-DRA","CD4",0.122753933039816,0,"HLA-DRA_CD4","HLA-DRA - CD4","MHC-II","Cell-Cell Contact","KEGG: hsa04514"
"B_Cell","Inflammatory_Macrophage","HLA-DRA","CD4",0.44424846142512,0,"HLA-DRA_CD4","HLA-DRA - CD4","MHC-II","Cell-Cell Contact","KEGG: hsa04514"
"Inflammatory_Macrophage","Inflammatory_Macrophage","HLA-DRA","CD4",0.428415397369788,0,"HLA-DRA_CD4","HLA-DRA - CD4","MHC-II","Cell-Cell Contact","KEGG: hsa04514"
"CD8_TRM","Inflammatory_Macrophage","HLA-DRA","CD4",0.12620604830175,0,"HLA-DRA_CD4","HLA-DRA - CD4","MHC-II","Cell-Cell Contact","KEGG: hsa04514"
"Treg","Inflammatory_Macrophage","HLA-DRA","CD4",0.106142461351245,0,"HLA-DRA_CD4","HLA-DRA - CD4","MHC-II","Cell-Cell Contact","KEGG: hsa04514"
"cDC2","Inflammatory_Macrophage","HLA-DRA","CD4",0.448247827185496,0,"HLA-DRA_CD4","HLA-DRA - CD4","MHC-II","Cell-Cell Contact","KEGG: hsa04514"
"Stromal_1","Inflammatory_Macrophage","HLA-DRA","CD4",0.211720107766759,0,"HLA-DRA_CD4","HLA-DRA - CD4","MHC-II","Cell-Cell Contact","KEGG: hsa04514"
"Stromal_2","Inflammatory_Macrophage","HLA-DRA","CD4",0.104429502052453,0.03,"HLA-DRA_CD4","HLA-DRA - CD4","MHC-II","Cell-Cell Contact","KEGG: hsa04514"
"Cycling","Inflammatory_Macrophage","HLA-DRA","CD4",0.295566683213552,0,"HLA-DRA_CD4","HLA-DRA - CD4","MHC-II","Cell-Cell Contact","KEGG: hsa04514"
"NK","Treg","HLA-DRA","CD4",0.112900701663638,0,"HLA-DRA_CD4","HLA-DRA - CD4","MHC-II","Cell-Cell Contact","KEGG: hsa04514"
"CD4_T","Treg","HLA-DRA","CD4",0.105296389453555,0,"HLA-DRA_CD4","HLA-DRA - CD4","MHC-II","Cell-Cell Contact","KEGG: hsa04514"
"CD8_Cytotoxic","Treg","HLA-DRA","CD4",0.12691980471858,0,"HLA-DRA_CD4","HLA-DRA - CD4","MHC-II","Cell-Cell Contact","KEGG: hsa04514"
"B_Cell","Treg","HLA-DRA","CD4",0.453682280751862,0,"HLA-DRA_CD4","HLA-DRA - CD4","MHC-II","Cell-Cell Contact","KEGG: hsa04514"
"Inflammatory_Macrophage","Treg","HLA-DRA","CD4",0.437777844165675,0,"HLA-DRA_CD4","HLA-DRA - CD4","MHC-II","Cell-Cell Contact","KEGG: hsa04514"
"CD8_TRM","Treg","HLA-DRA","CD4",0.130471649508197,0,"HLA-DRA_CD4","HLA-DRA - CD4","MHC-II","Cell-Cell Contact","KEGG: hsa04514"
"Treg","Treg","HLA-DRA","CD4",0.109815163272285,0,"HLA-DRA_CD4","HLA-DRA - CD4","MHC-II","Cell-Cell Contact","KEGG: hsa04514"
"cDC2","Treg","HLA-DRA","CD4",0.457696630982955,0,"HLA-DRA_CD4","HLA-DRA - CD4","MHC-II","Cell-Cell Contact","KEGG: hsa04514"
"Stromal_1","Treg","HLA-DRA","CD4",0.218154380257614,0,"HLA-DRA_CD4","HLA-DRA - CD4","MHC-II","Cell-Cell Contact","KEGG: hsa04514"
"Stromal_2","Treg","HLA-DRA","CD4",0.10805009753361,0.02,"HLA-DRA_CD4","HLA-DRA - CD4","MHC-II","Cell-Cell Contact","KEGG: hsa04514"
"Cycling","Treg","HLA-DRA","CD4",0.303567800853184,0,"HLA-DRA_CD4","HLA-DRA - CD4","MHC-II","Cell-Cell Contact","KEGG: hsa04514"
"NK","cDC2","HLA-DRA","CD4",0.108907977658498,0,"HLA-DRA_CD4","HLA-DRA - CD4","MHC-II","Cell-Cell Contact","KEGG: hsa04514"
"CD4_T","cDC2","HLA-DRA","CD4",0.101541808726289,0.01,"HLA-DRA_CD4","HLA-DRA - CD4","MHC-II","Cell-Cell Contact","KEGG: hsa04514"
"CD8_Cytotoxic","cDC2","HLA-DRA","CD4",0.122499759282273,0,"HLA-DRA_CD4","HLA-DRA - CD4","MHC-II","Cell-Cell Contact","KEGG: hsa04514"
"B_Cell","cDC2","HLA-DRA","CD4",0.4436652713119,0,"HLA-DRA_CD4","HLA-DRA - CD4","MHC-II","Cell-Cell Contact","KEGG: hsa04514"
"Inflammatory_Macrophage","cDC2","HLA-DRA","CD4",0.427836991226639,0,"HLA-DRA_CD4","HLA-DRA - CD4","MHC-II","Cell-Cell Contact","KEGG: hsa04514"
"CD8_TRM","cDC2","HLA-DRA","CD4",0.125945752834633,0,"HLA-DRA_CD4","HLA-DRA - CD4","MHC-II","Cell-Cell Contact","KEGG: hsa04514"
"Treg","cDC2","HLA-DRA","CD4",0.105918530311025,0.01,"HLA-DRA_CD4","HLA-DRA - CD4","MHC-II","Cell-Cell Contact","KEGG: hsa04514"
"cDC2","cDC2","HLA-DRA","CD4",0.447663615963895,0,"HLA-DRA_CD4","HLA-DRA - CD4","MHC-II","Cell-Cell Contact","KEGG: hsa04514"
"Stromal_1","cDC2","HLA-DRA","CD4",0.211326097420788,0,"HLA-DRA_CD4","HLA-DRA - CD4","MHC-II","Cell-Cell Contact","KEGG: hsa04514"
"Cycling","cDC2","HLA-DRA","CD4",0.295075044115702,0,"HLA-DRA_CD4","HLA-DRA - CD4","MHC-II","Cell-Cell Contact","KEGG: hsa04514"
"B_Cell","LAMP3_DC","HLA-DRA","CD4",0.425354214569528,0,"HLA-DRA_CD4","HLA-DRA - CD4","MHC-II","Cell-Cell Contact","KEGG: hsa04514"
"Inflammatory_Macrophage","LAMP3_DC","HLA-DRA","CD4",0.4096981205232,0,"HLA-DRA_CD4","HLA-DRA - CD4","MHC-II","Cell-Cell Contact","KEGG: hsa04514"
"cDC2","LAMP3_DC","HLA-DRA","CD4",0.429314882456034,0,"HLA-DRA_CD4","HLA-DRA - CD4","MHC-II","Cell-Cell Contact","KEGG: hsa04514"
"Stromal_1","LAMP3_DC","HLA-DRA","CD4",0.199171220865402,0.02,"HLA-DRA_CD4","HLA-DRA - CD4","MHC-II","Cell-Cell Contact","KEGG: hsa04514"
"Cycling","LAMP3_DC","HLA-DRA","CD4",0.279812181332472,0,"HLA-DRA_CD4","HLA-DRA - CD4","MHC-II","Cell-Cell Contact","KEGG: hsa04514"
"CD8_Cytotoxic","CD4_T","HLA-DRB1","CD4",0.223508311505251,0,"HLA-DRB1_CD4","HLA-DRB1 - CD4","MHC-II","Cell-Cell Contact","KEGG: hsa04514"
"B_Cell","CD4_T","HLA-DRB1","CD4",0.356591249539956,0,"HLA-DRB1_CD4","HLA-DRB1 - CD4","MHC-II","Cell-Cell Contact","KEGG: hsa04514"
"Inflammatory_Macrophage","CD4_T","HLA-DRB1","CD4",0.341801593666527,0,"HLA-DRB1_CD4","HLA-DRB1 - CD4","MHC-II","Cell-Cell Contact","KEGG: hsa04514"
"CD8_TRM","CD4_T","HLA-DRB1","CD4",0.214085557620981,0,"HLA-DRB1_CD4","HLA-DRB1 - CD4","MHC-II","Cell-Cell Contact","KEGG: hsa04514"
"cDC2","CD4_T","HLA-DRB1","CD4",0.368927449138852,0,"HLA-DRB1_CD4","HLA-DRB1 - CD4","MHC-II","Cell-Cell Contact","KEGG: hsa04514"
"Stromal_2","CD4_T","HLA-DRB1","CD4",0.146492189689988,0,"HLA-DRB1_CD4","HLA-DRB1 - CD4","MHC-II","Cell-Cell Contact","KEGG: hsa04514"
"Cycling","CD4_T","HLA-DRB1","CD4",0.250294573609769,0,"HLA-DRB1_CD4","HLA-DRB1 - CD4","MHC-II","Cell-Cell Contact","KEGG: hsa04514"
"NK","Inflammatory_Macrophage","HLA-DRB1","CD4",0.102503528153306,0,"HLA-DRB1_CD4","HLA-DRB1 - CD4","MHC-II","Cell-Cell Contact","KEGG: hsa04514"
"CD8_Cytotoxic","Inflammatory_Macrophage","HLA-DRB1","CD4",0.281490145025517,0,"HLA-DRB1_CD4","HLA-DRB1 - CD4","MHC-II","Cell-Cell Contact","KEGG: hsa04514"
"B_Cell","Inflammatory_Macrophage","HLA-DRB1","CD4",0.429979523916761,0,"HLA-DRB1_CD4","HLA-DRB1 - CD4","MHC-II","Cell-Cell Contact","KEGG: hsa04514"
"Inflammatory_Macrophage","Inflammatory_Macrophage","HLA-DRB1","CD4",0.414105097023272,0,"HLA-DRB1_CD4","HLA-DRB1 - CD4","MHC-II","Cell-Cell Contact","KEGG: hsa04514"
"CD8_TRM","Inflammatory_Macrophage","HLA-DRB1","CD4",0.270474432020234,0,"HLA-DRB1_CD4","HLA-DRB1 - CD4","MHC-II","Cell-Cell Contact","KEGG: hsa04514"
"cDC2","Inflammatory_Macrophage","HLA-DRB1","CD4",0.443106105627529,0,"HLA-DRB1_CD4","HLA-DRB1 - CD4","MHC-II","Cell-Cell Contact","KEGG: hsa04514"
"Stromal_1","Inflammatory_Macrophage","HLA-DRB1","CD4",0.104322000914892,0,"HLA-DRB1_CD4","HLA-DRB1 - CD4","MHC-II","Cell-Cell Contact","KEGG: hsa04514"
"Stromal_2","Inflammatory_Macrophage","HLA-DRB1","CD4",0.189367194672156,0,"HLA-DRB1_CD4","HLA-DRB1 - CD4","MHC-II","Cell-Cell Contact","KEGG: hsa04514"
"Cycling","Inflammatory_Macrophage","HLA-DRB1","CD4",0.31242929253754,0,"HLA-DRB1_CD4","HLA-DRB1 - CD4","MHC-II","Cell-Cell Contact","KEGG: hsa04514"
"NK","Treg","HLA-DRB1","CD4",0.106065257918115,0,"HLA-DRB1_CD4","HLA-DRB1 - CD4","MHC-II","Cell-Cell Contact","KEGG: hsa04514"
"CD8_Cytotoxic","Treg","HLA-DRB1","CD4",0.289266681362277,0,"HLA-DRB1_CD4","HLA-DRB1 - CD4","MHC-II","Cell-Cell Contact","KEGG: hsa04514"
"B_Cell","Treg","HLA-DRB1","CD4",0.439349878612682,0,"HLA-DRB1_CD4","HLA-DRB1 - CD4","MHC-II","Cell-Cell Contact","KEGG: hsa04514"
"Inflammatory_Macrophage","Treg","HLA-DRB1","CD4",0.423386459797581,0,"HLA-DRB1_CD4","HLA-DRB1 - CD4","MHC-II","Cell-Cell Contact","KEGG: hsa04514"
"CD8_TRM","Treg","HLA-DRB1","CD4",0.278064418462042,0,"HLA-DRB1_CD4","HLA-DRB1 - CD4","MHC-II","Cell-Cell Contact","KEGG: hsa04514"
"cDC2","Treg","HLA-DRB1","CD4",0.452535419590486,0,"HLA-DRB1_CD4","HLA-DRB1 - CD4","MHC-II","Cell-Cell Contact","KEGG: hsa04514"
"Stromal_1","Treg","HLA-DRB1","CD4",0.107939318516587,0,"HLA-DRB1_CD4","HLA-DRB1 - CD4","MHC-II","Cell-Cell Contact","KEGG: hsa04514"
"Stromal_2","Treg","HLA-DRB1","CD4",0.195290447057523,0,"HLA-DRB1_CD4","HLA-DRB1 - CD4","MHC-II","Cell-Cell Contact","KEGG: hsa04514"
"Cycling","Treg","HLA-DRB1","CD4",0.320679085817374,0,"HLA-DRB1_CD4","HLA-DRB1 - CD4","MHC-II","Cell-Cell Contact","KEGG: hsa04514"
"NK","cDC2","HLA-DRB1","CD4",0.102286395734728,0,"HLA-DRB1_CD4","HLA-DRB1 - CD4","MHC-II","Cell-Cell Contact","KEGG: hsa04514"
"CD8_Cytotoxic","cDC2","HLA-DRB1","CD4",0.281012579975843,0,"HLA-DRB1_CD4","HLA-DRB1 - CD4","MHC-II","Cell-Cell Contact","KEGG: hsa04514"
"B_Cell","cDC2","HLA-DRB1","CD4",0.429400592470527,0,"HLA-DRB1_CD4","HLA-DRB1 - CD4","MHC-II","Cell-Cell Contact","KEGG: hsa04514"
"Inflammatory_Macrophage","cDC2","HLA-DRB1","CD4",0.413532033295031,0,"HLA-DRB1_CD4","HLA-DRB1 - CD4","MHC-II","Cell-Cell Contact","KEGG: hsa04514"
"CD8_TRM","cDC2","HLA-DRB1","CD4",0.270008532728266,0,"HLA-DRB1_CD4","HLA-DRB1 - CD4","MHC-II","Cell-Cell Contact","KEGG: hsa04514"
"cDC2","cDC2","HLA-DRB1","CD4",0.442523221048623,0,"HLA-DRB1_CD4","HLA-DRB1 - CD4","MHC-II","Cell-Cell Contact","KEGG: hsa04514"
"Stromal_1","cDC2","HLA-DRB1","CD4",0.104101463243425,0.01,"HLA-DRB1_CD4","HLA-DRB1 - CD4","MHC-II","Cell-Cell Contact","KEGG: hsa04514"
"Stromal_2","cDC2","HLA-DRB1","CD4",0.189004808953877,0,"HLA-DRB1_CD4","HLA-DRB1 - CD4","MHC-II","Cell-Cell Contact","KEGG: hsa04514"
"Cycling","cDC2","HLA-DRB1","CD4",0.311922024555222,0,"HLA-DRB1_CD4","HLA-DRB1 - CD4","MHC-II","Cell-Cell Contact","KEGG: hsa04514"
"CD8_Cytotoxic","LAMP3_DC","HLA-DRB1","CD4",0.266202418768067,0,"HLA-DRB1_CD4","HLA-DRB1 - CD4","MHC-II","Cell-Cell Contact","KEGG: hsa04514"
"B_Cell","LAMP3_DC","HLA-DRB1","CD4",0.411243077385492,0,"HLA-DRB1_CD4","HLA-DRB1 - CD4","MHC-II","Cell-Cell Contact","KEGG: hsa04514"
"Inflammatory_Macrophage","LAMP3_DC","HLA-DRB1","CD4",0.395580337144888,0,"HLA-DRB1_CD4","HLA-DRB1 - CD4","MHC-II","Cell-Cell Contact","KEGG: hsa04514"
"CD8_TRM","LAMP3_DC","HLA-DRB1","CD4",0.255572168253557,0,"HLA-DRB1_CD4","HLA-DRB1 - CD4","MHC-II","Cell-Cell Contact","KEGG: hsa04514"
"cDC2","LAMP3_DC","HLA-DRB1","CD4",0.424223357324743,0,"HLA-DRB1_CD4","HLA-DRB1 - CD4","MHC-II","Cell-Cell Contact","KEGG: hsa04514"
"Cycling","LAMP3_DC","HLA-DRB1","CD4",0.296153845947099,0,"HLA-DRB1_CD4","HLA-DRB1 - CD4","MHC-II","Cell-Cell Contact","KEGG: hsa04514"
"B_Cell","CD4_T","HLA-DRB5","CD4",0.102685381984096,0,"HLA-DRB5_CD4","HLA-DRB5 - CD4","MHC-II","Cell-Cell Contact","KEGG: hsa04514"
"Inflammatory_Macrophage","CD4_T","HLA-DRB5","CD4",0.242514106953724,0,"HLA-DRB5_CD4","HLA-DRB5 - CD4","MHC-II","Cell-Cell Contact","KEGG: hsa04514"
"cDC2","CD4_T","HLA-DRB5","CD4",0.308996646322378,0,"HLA-DRB5_CD4","HLA-DRB5 - CD4","MHC-II","Cell-Cell Contact","KEGG: hsa04514"
"Cycling","CD4_T","HLA-DRB5","CD4",0.0541242450331918,0,"HLA-DRB5_CD4","HLA-DRB5 - CD4","MHC-II","Cell-Cell Contact","KEGG: hsa04514"
"B_Cell","Inflammatory_Macrophage","HLA-DRB5","CD4",0.134763507959282,0,"HLA-DRB5_CD4","HLA-DRB5 - CD4","MHC-II","Cell-Cell Contact","KEGG: hsa04514"
"Inflammatory_Macrophage","Inflammatory_Macrophage","HLA-DRB5","CD4",0.303499261068078,0,"HLA-DRB5_CD4","HLA-DRB5 - CD4","MHC-II","Cell-Cell Contact","KEGG: hsa04514"
"cDC2","Inflammatory_Macrophage","HLA-DRB5","CD4",0.378349680309687,0,"HLA-DRB5_CD4","HLA-DRB5 - CD4","MHC-II","Cell-Cell Contact","KEGG: hsa04514"
"Cycling","Inflammatory_Macrophage","HLA-DRB5","CD4",0.0722537766612893,0,"HLA-DRB5_CD4","HLA-DRB5 - CD4","MHC-II","Cell-Cell Contact","KEGG: hsa04514"
"B_Cell","Treg","HLA-DRB5","CD4",0.139272240282895,0,"HLA-DRB5_CD4","HLA-DRB5 - CD4","MHC-II","Cell-Cell Contact","KEGG: hsa04514"
"Inflammatory_Macrophage","Treg","HLA-DRB5","CD4",0.311620123241928,0,"HLA-DRB5_CD4","HLA-DRB5 - CD4","MHC-II","Cell-Cell Contact","KEGG: hsa04514"
"cDC2","Treg","HLA-DRB5","CD4",0.387359485904966,0,"HLA-DRB5_CD4","HLA-DRB5 - CD4","MHC-II","Cell-Cell Contact","KEGG: hsa04514"
"Cycling","Treg","HLA-DRB5","CD4",0.074852069340007,0,"HLA-DRB5_CD4","HLA-DRB5 - CD4","MHC-II","Cell-Cell Contact","KEGG: hsa04514"
"B_Cell","cDC2","HLA-DRB5","CD4",0.134488279518436,0,"HLA-DRB5_CD4","HLA-DRB5 - CD4","MHC-II","Cell-Cell Contact","KEGG: hsa04514"
"Inflammatory_Macrophage","cDC2","HLA-DRB5","CD4",0.303000102648059,0,"HLA-DRB5_CD4","HLA-DRB5 - CD4","MHC-II","Cell-Cell Contact","KEGG: hsa04514"
"cDC2","cDC2","HLA-DRB5","CD4",0.37779419128606,0,"HLA-DRB5_CD4","HLA-DRB5 - CD4","MHC-II","Cell-Cell Contact","KEGG: hsa04514"
"Cycling","cDC2","HLA-DRB5","CD4",0.0720955747057686,0,"HLA-DRB5_CD4","HLA-DRB5 - CD4","MHC-II","Cell-Cell Contact","KEGG: hsa04514"
"B_Cell","LAMP3_DC","HLA-DRB5","CD4",0.126046568571484,0,"HLA-DRB5_CD4","HLA-DRB5 - CD4","MHC-II","Cell-Cell Contact","KEGG: hsa04514"
"Inflammatory_Macrophage","LAMP3_DC","HLA-DRB5","CD4",0.287494496567171,0,"HLA-DRB5_CD4","HLA-DRB5 - CD4","MHC-II","Cell-Cell Contact","KEGG: hsa04514"
"cDC2","LAMP3_DC","HLA-DRB5","CD4",0.360440413297289,0,"HLA-DRB5_CD4","HLA-DRB5 - CD4","MHC-II","Cell-Cell Contact","KEGG: hsa04514"
"Cycling","LAMP3_DC","HLA-DRB5","CD4",0.0672658292416135,0.03,"HLA-DRB5_CD4","HLA-DRB5 - CD4","MHC-II","Cell-Cell Contact","KEGG: hsa04514"
"cDC2","cDC2","MPZL1","MPZL1",0.0100310413215831,0,"MPZL1_MPZL1","MPZL1 - MPZL1","MPZ","Cell-Cell Contact","KEGG: hsa04514"
"Stromal_2","cDC2","MPZL1","MPZL1",0.0103546347520354,0,"MPZL1_MPZL1","MPZL1 - MPZL1","MPZ","Cell-Cell Contact","KEGG: hsa04514"
"cDC2","Stromal_2","MPZL1","MPZL1",0.0103546347520354,0,"MPZL1_MPZL1","MPZL1 - MPZL1","MPZ","Cell-Cell Contact","KEGG: hsa04514"
"Stromal_2","Stromal_2","MPZL1","MPZL1",0.01068855434272,0,"MPZL1_MPZL1","MPZL1 - MPZL1","MPZ","Cell-Cell Contact","KEGG: hsa04514"
"NK","Treg","NCAM1","FGFR1",0.0213863934721307,0,"NCAM1_FGFR1","NCAM1 - FGFR1","NCAM","Cell-Cell Contact","PMID: 12791257"
"Cycling","Treg","NCAM1","FGFR1",0.0404930112747561,0,"NCAM1_FGFR1","NCAM1 - FGFR1","NCAM","Cell-Cell Contact","PMID: 12791257"
"NK","NK","NCAM1","NCAM1",0.0255307219680464,0,"NCAM1_NCAM1","NCAM1 - NCAM1","NCAM","Cell-Cell Contact","KEGG: hsa04514"
"Cycling","NK","NCAM1","NCAM1",0.0481576828545254,0,"NCAM1_NCAM1","NCAM1 - NCAM1","NCAM","Cell-Cell Contact","KEGG: hsa04514"
"NK","Cycling","NCAM1","NCAM1",0.0481576828545254,0,"NCAM1_NCAM1","NCAM1 - NCAM1","NCAM","Cell-Cell Contact","KEGG: hsa04514"
"Cycling","Cycling","NCAM1","NCAM1",0.0890064546764319,0,"NCAM1_NCAM1","NCAM1 - NCAM1","NCAM","Cell-Cell Contact","KEGG: hsa04514"
"LAMP3_DC","Treg","CD274","PDCD1",0.0216253730255498,0,"CD274_PDCD1","CD274 - PDCD1","PD-L1","Cell-Cell Contact","PMID: 23954143"
"NK","NK","SELPLG","SELL",0.0731794205863505,0.01,"SELPLG_SELL","SELPLG - SELL","SELPLG","Cell-Cell Contact","PMC2431087; PMID:  8892633,PMID:  8896607"
"CD8_Cytotoxic","NK","SELPLG","SELL",0.0737621694062885,0.02,"SELPLG_SELL","SELPLG - SELL","SELPLG","Cell-Cell Contact","PMC2431087; PMID:  8892633,PMID:  8896607"
"NK","CD4_T","SELPLG","SELL",0.09069495620498,0,"SELPLG_SELL","SELPLG - SELL","SELPLG","Cell-Cell Contact","PMC2431087; PMID:  8892633,PMID:  8896607"
"CD4_T","CD4_T","SELPLG","SELL",0.0794848998017783,0,"SELPLG_SELL","SELPLG - SELL","SELPLG","Cell-Cell Contact","PMC2431087; PMID:  8892633,PMID:  8896607"
"CD8_Cytotoxic","CD4_T","SELPLG","SELL",0.0914034305841602,0,"SELPLG_SELL","SELPLG - SELL","SELPLG","Cell-Cell Contact","PMC2431087; PMID:  8892633,PMID:  8896607"
"Cycling","CD4_T","SELPLG","SELL",0.0872143463983844,0.02,"SELPLG_SELL","SELPLG - SELL","SELPLG","Cell-Cell Contact","PMC2431087; PMID:  8892633,PMID:  8896607"
"NK","CD8_Cytotoxic","SELPLG","SELL",0.0742655081942699,0.01,"SELPLG_SELL","SELPLG - SELL","SELPLG","Cell-Cell Contact","PMC2431087; PMID:  8892633,PMID:  8896607"
"CD8_Cytotoxic","CD8_Cytotoxic","SELPLG","SELL",0.0748562073058426,0,"SELPLG_SELL","SELPLG - SELL","SELPLG","Cell-Cell Contact","PMC2431087; PMID:  8892633,PMID:  8896607"
"NK","B_Cell","SELPLG","SELL",0.287049786415621,0,"SELPLG_SELL","SELPLG - SELL","SELPLG","Cell-Cell Contact","PMC2431087; PMID:  8892633,PMID:  8896607"
"CD4_T","B_Cell","SELPLG","SELL",0.258468581751825,0,"SELPLG_SELL","SELPLG - SELL","SELPLG","Cell-Cell Contact","PMC2431087; PMID:  8892633,PMID:  8896607"
"CD8_Cytotoxic","B_Cell","SELPLG","SELL",0.288804943044753,0,"SELPLG_SELL","SELPLG - SELL","SELPLG","Cell-Cell Contact","PMC2431087; PMID:  8892633,PMID:  8896607"
"Inflammatory_Macrophage","B_Cell","SELPLG","SELL",0.124525358027374,0,"SELPLG_SELL","SELPLG - SELL","SELPLG","Cell-Cell Contact","PMC2431087; PMID:  8892633,PMID:  8896607"
"CD8_TRM","B_Cell","SELPLG","SELL",0.120363840670232,0,"SELPLG_SELL","SELPLG - SELL","SELPLG","Cell-Cell Contact","PMC2431087; PMID:  8892633,PMID:  8896607"
"Treg","B_Cell","SELPLG","SELL",0.121314002895016,0,"SELPLG_SELL","SELPLG - SELL","SELPLG","Cell-Cell Contact","PMC2431087; PMID:  8892633,PMID:  8896607"
"cDC2","B_Cell","SELPLG","SELL",0.241191482237681,0,"SELPLG_SELL","SELPLG - SELL","SELPLG","Cell-Cell Contact","PMC2431087; PMID:  8892633,PMID:  8896607"
"Stromal_2","B_Cell","SELPLG","SELL",0.0935220242652945,0,"SELPLG_SELL","SELPLG - SELL","SELPLG","Cell-Cell Contact","PMC2431087; PMID:  8892633,PMID:  8896607"
"LAMP3_DC","B_Cell","SELPLG","SELL",0.114592565002593,0,"SELPLG_SELL","SELPLG - SELL","SELPLG","Cell-Cell Contact","PMC2431087; PMID:  8892633,PMID:  8896607"
"Cycling","B_Cell","SELPLG","SELL",0.278340289163059,0,"SELPLG_SELL","SELPLG - SELL","SELPLG","Cell-Cell Contact","PMC2431087; PMID:  8892633,PMID:  8896607"
"NK","Treg","SELPLG","SELL",0.26995771853176,0,"SELPLG_SELL","SELPLG - SELL","SELPLG","Cell-Cell Contact","PMC2431087; PMID:  8892633,PMID:  8896607"
"CD4_T","Treg","SELPLG","SELL",0.242499495990874,0,"SELPLG_SELL","SELPLG - SELL","SELPLG","Cell-Cell Contact","PMC2431087; PMID:  8892633,PMID:  8896607"
"CD8_Cytotoxic","Treg","SELPLG","SELL",0.27164818622923,0,"SELPLG_SELL","SELPLG - SELL","SELPLG","Cell-Cell Contact","PMC2431087; PMID:  8892633,PMID:  8896607"
"Inflammatory_Macrophage","Treg","SELPLG","SELL",0.115542299404391,0,"SELPLG_SELL","SELPLG - SELL","SELPLG","Cell-Cell Contact","PMC2431087; PMID:  8892633,PMID:  8896607"
"CD8_TRM","Treg","SELPLG","SELL",0.111642704293854,0.01,"SELPLG_SELL","SELPLG - SELL","SELPLG","Cell-Cell Contact","PMC2431087; PMID:  8892633,PMID:  8896607"
"Treg","Treg","SELPLG","SELL",0.112532828604442,0.01,"SELPLG_SELL","SELPLG - SELL","SELPLG","Cell-Cell Contact","PMC2431087; PMID:  8892633,PMID:  8896607"
"cDC2","Treg","SELPLG","SELL",0.225964558222757,0,"SELPLG_SELL","SELPLG - SELL","SELPLG","Cell-Cell Contact","PMC2431087; PMID:  8892633,PMID:  8896607"
"Stromal_2","Treg","SELPLG","SELL",0.0865543800986043,0.03,"SELPLG_SELL","SELPLG - SELL","SELPLG","Cell-Cell Contact","PMC2431087; PMID:  8892633,PMID:  8896607"
"LAMP3_DC","Treg","SELPLG","SELL",0.106239090255983,0.02,"SELPLG_SELL","SELPLG - SELL","SELPLG","Cell-Cell Contact","PMC2431087; PMID:  8892633,PMID:  8896607"
"Cycling","Treg","SELPLG","SELL",0.261576548946111,0,"SELPLG_SELL","SELPLG - SELL","SELPLG","Cell-Cell Contact","PMC2431087; PMID:  8892633,PMID:  8896607"
"NK","cDC2","SELPLG","SELL",0.0748403591857481,0.01,"SELPLG_SELL","SELPLG - SELL","SELPLG","Cell-Cell Contact","PMC2431087; PMID:  8892633,PMID:  8896607"
"CD8_Cytotoxic","cDC2","SELPLG","SELL",0.0754352580120128,0.02,"SELPLG_SELL","SELPLG - SELL","SELPLG","Cell-Cell Contact","PMC2431087; PMID:  8892633,PMID:  8896607"
"NK","LAMP3_DC","SELPLG","SELL",0.290715372648536,0,"SELPLG_SELL","SELPLG - SELL","SELPLG","Cell-Cell Contact","PMC2431087; PMID:  8892633,PMID:  8896607"
"CD4_T","LAMP3_DC","SELPLG","SELL",0.261903265137595,0,"SELPLG_SELL","SELPLG - SELL","SELPLG","Cell-Cell Contact","PMC2431087; PMID:  8892633,PMID:  8896607"
"CD8_Cytotoxic","LAMP3_DC","SELPLG","SELL",0.292483747536529,0,"SELPLG_SELL","SELPLG - SELL","SELPLG","Cell-Cell Contact","PMC2431087; PMID:  8892633,PMID:  8896607"
"Inflammatory_Macrophage","LAMP3_DC","SELPLG","SELL",0.126483726751043,0.04,"SELPLG_SELL","SELPLG - SELL","SELPLG","Cell-Cell Contact","PMC2431087; PMID:  8892633,PMID:  8896607"
"CD8_TRM","LAMP3_DC","SELPLG","SELL",0.122265902683553,0.01,"SELPLG_SELL","SELPLG - SELL","SELPLG","Cell-Cell Contact","PMC2431087; PMID:  8892633,PMID:  8896607"
"cDC2","LAMP3_DC","SELPLG","SELL",0.244472269280556,0,"SELPLG_SELL","SELPLG - SELL","SELPLG","Cell-Cell Contact","PMC2431087; PMID:  8892633,PMID:  8896607"
"Cycling","LAMP3_DC","SELPLG","SELL",0.281938638287325,0,"SELPLG_SELL","SELPLG - SELL","SELPLG","Cell-Cell Contact","PMC2431087; PMID:  8892633,PMID:  8896607"
"NK","Cycling","SELPLG","SELL",0.137832638594088,0.02,"SELPLG_SELL","SELPLG - SELL","SELPLG","Cell-Cell Contact","PMC2431087; PMID:  8892633,PMID:  8896607"
"CD8_Cytotoxic","Cycling","SELPLG","SELL",0.138853106218394,0.03,"SELPLG_SELL","SELPLG - SELL","SELPLG","Cell-Cell Contact","PMC2431087; PMID:  8892633,PMID:  8896607"
"cDC2","Cycling","SELPLG","SELL",0.112065782756856,0.04,"SELPLG_SELL","SELPLG - SELL","SELPLG","Cell-Cell Contact","PMC2431087; PMID:  8892633,PMID:  8896607"
"cDC2","Inflammatory_Macrophage","SEMA4A","PLXNB2",0.0407115079258686,0,"SEMA4A_PLXNB2","SEMA4A - PLXNB2","SEMA4","Cell-Cell Contact","PMID: 27533782"
"Stromal_2","Inflammatory_Macrophage","SEMA4A","PLXNB2",0.0474012201846234,0,"SEMA4A_PLXNB2","SEMA4A - PLXNB2","SEMA4","Cell-Cell Contact","PMID: 27533782"
"cDC2","cDC2","SEMA4A","PLXNB2",0.0348054842739706,0,"SEMA4A_PLXNB2","SEMA4A - PLXNB2","SEMA4","Cell-Cell Contact","PMID: 27533782"
"Stromal_2","cDC2","SEMA4A","PLXNB2",0.0405657580290183,0,"SEMA4A_PLXNB2","SEMA4A - PLXNB2","SEMA4","Cell-Cell Contact","PMID: 27533782"
"cDC2","Stromal_1","SEMA4A","PLXNB2",0.0144319746496751,0,"SEMA4A_PLXNB2","SEMA4A - PLXNB2","SEMA4","Cell-Cell Contact","PMID: 27533782"
"Stromal_2","Stromal_1","SEMA4A","PLXNB2",0.0168794187083068,0,"SEMA4A_PLXNB2","SEMA4A - PLXNB2","SEMA4","Cell-Cell Contact","PMID: 27533782"
"NK","Inflammatory_Macrophage","SEMA4D","PLXNB2",0.197432528107697,0,"SEMA4D_PLXNB2","SEMA4D - PLXNB2","SEMA4","Cell-Cell Contact","PMID: 27533782"
"CD4_T","Inflammatory_Macrophage","SEMA4D","PLXNB2",0.169119387623994,0,"SEMA4D_PLXNB2","SEMA4D - PLXNB2","SEMA4","Cell-Cell Contact","PMID: 27533782"
"CD8_Cytotoxic","Inflammatory_Macrophage","SEMA4D","PLXNB2",0.164256101761446,0,"SEMA4D_PLXNB2","SEMA4D - PLXNB2","SEMA4","Cell-Cell Contact","PMID: 27533782"
"B_Cell","Inflammatory_Macrophage","SEMA4D","PLXNB2",0.0606836613491344,0,"SEMA4D_PLXNB2","SEMA4D - PLXNB2","SEMA4","Cell-Cell Contact","PMID: 27533782"
"Inflammatory_Macrophage","Inflammatory_Macrophage","SEMA4D","PLXNB2",0.0516056634003702,0,"SEMA4D_PLXNB2","SEMA4D - PLXNB2","SEMA4","Cell-Cell Contact","PMID: 27533782"
"CD8_TRM","Inflammatory_Macrophage","SEMA4D","PLXNB2",0.172951693427859,0,"SEMA4D_PLXNB2","SEMA4D - PLXNB2","SEMA4","Cell-Cell Contact","PMID: 27533782"
"Treg","Inflammatory_Macrophage","SEMA4D","PLXNB2",0.160417514449418,0,"SEMA4D_PLXNB2","SEMA4D - PLXNB2","SEMA4","Cell-Cell Contact","PMID: 27533782"
"cDC2","Inflammatory_Macrophage","SEMA4D","PLXNB2",0.129756586600297,0,"SEMA4D_PLXNB2","SEMA4D - PLXNB2","SEMA4","Cell-Cell Contact","PMID: 27533782"
"Stromal_2","Inflammatory_Macrophage","SEMA4D","PLXNB2",0.119335660702479,0,"SEMA4D_PLXNB2","SEMA4D - PLXNB2","SEMA4","Cell-Cell Contact","PMID: 27533782"
"LAMP3_DC","Inflammatory_Macrophage","SEMA4D","PLXNB2",0.152126511938968,0,"SEMA4D_PLXNB2","SEMA4D - PLXNB2","SEMA4","Cell-Cell Contact","PMID: 27533782"
"Cycling","Inflammatory_Macrophage","SEMA4D","PLXNB2",0.179783410474056,0,"SEMA4D_PLXNB2","SEMA4D - PLXNB2","SEMA4","Cell-Cell Contact","PMID: 27533782"
"NK","cDC2","SEMA4D","PLXNB2",0.172888495695675,0,"SEMA4D_PLXNB2","SEMA4D - PLXNB2","SEMA4","Cell-Cell Contact","PMID: 27533782"
"CD4_T","cDC2","SEMA4D","PLXNB2",0.147448476047524,0,"SEMA4D_PLXNB2","SEMA4D - PLXNB2","SEMA4","Cell-Cell Contact","PMID: 27533782"
"CD8_Cytotoxic","cDC2","SEMA4D","PLXNB2",0.143101041126375,0,"SEMA4D_PLXNB2","SEMA4D - PLXNB2","SEMA4","Cell-Cell Contact","PMID: 27533782"
"B_Cell","cDC2","SEMA4D","PLXNB2",0.052037444837003,0,"SEMA4D_PLXNB2","SEMA4D - PLXNB2","SEMA4","Cell-Cell Contact","PMID: 27533782"
"Inflammatory_Macrophage","cDC2","SEMA4D","PLXNB2",0.0441920290720076,0,"SEMA4D_PLXNB2","SEMA4D - PLXNB2","SEMA4","Cell-Cell Contact","PMID: 27533782"
"CD8_TRM","cDC2","SEMA4D","PLXNB2",0.150878884327399,0,"SEMA4D_PLXNB2","SEMA4D - PLXNB2","SEMA4","Cell-Cell Contact","PMID: 27533782"
"Treg","cDC2","SEMA4D","PLXNB2",0.139674213374781,0,"SEMA4D_PLXNB2","SEMA4D - PLXNB2","SEMA4","Cell-Cell Contact","PMID: 27533782"
"cDC2","cDC2","SEMA4D","PLXNB2",0.112446993477798,0,"SEMA4D_PLXNB2","SEMA4D - PLXNB2","SEMA4","Cell-Cell Contact","PMID: 27533782"
"Stromal_2","cDC2","SEMA4D","PLXNB2",0.10325128712313,0,"SEMA4D_PLXNB2","SEMA4D - PLXNB2","SEMA4","Cell-Cell Contact","PMID: 27533782"
"LAMP3_DC","cDC2","SEMA4D","PLXNB2",0.132286384036104,0,"SEMA4D_PLXNB2","SEMA4D - PLXNB2","SEMA4","Cell-Cell Contact","PMID: 27533782"
"Cycling","cDC2","SEMA4D","PLXNB2",0.157004226639518,0,"SEMA4D_PLXNB2","SEMA4D - PLXNB2","SEMA4","Cell-Cell Contact","PMID: 27533782"
"NK","Stromal_1","SEMA4D","PLXNB2",0.0782395627625913,0,"SEMA4D_PLXNB2","SEMA4D - PLXNB2","SEMA4","Cell-Cell Contact","PMID: 27533782"
"CD4_T","Stromal_1","SEMA4D","PLXNB2",0.0656218746190934,0,"SEMA4D_PLXNB2","SEMA4D - PLXNB2","SEMA4","Cell-Cell Contact","PMID: 27533782"
"CD8_Cytotoxic","Stromal_1","SEMA4D","PLXNB2",0.0635073331833591,0,"SEMA4D_PLXNB2","SEMA4D - PLXNB2","SEMA4","Cell-Cell Contact","PMID: 27533782"
"B_Cell","Stromal_1","SEMA4D","PLXNB2",0.0218050218574563,0,"SEMA4D_PLXNB2","SEMA4D - PLXNB2","SEMA4","Cell-Cell Contact","PMID: 27533782"
"Inflammatory_Macrophage","Stromal_1","SEMA4D","PLXNB2",0.0184289816858217,0,"SEMA4D_PLXNB2","SEMA4D - PLXNB2","SEMA4","Cell-Cell Contact","PMID: 27533782"
"CD8_TRM","Stromal_1","SEMA4D","PLXNB2",0.0672988513134787,0,"SEMA4D_PLXNB2","SEMA4D - PLXNB2","SEMA4","Cell-Cell Contact","PMID: 27533782"
"Treg","Stromal_1","SEMA4D","PLXNB2",0.0618489564973522,0,"SEMA4D_PLXNB2","SEMA4D - PLXNB2","SEMA4","Cell-Cell Contact","PMID: 27533782"
"cDC2","Stromal_1","SEMA4D","PLXNB2",0.0489296927334473,0,"SEMA4D_PLXNB2","SEMA4D - PLXNB2","SEMA4","Cell-Cell Contact","PMID: 27533782"
"Stromal_2","Stromal_1","SEMA4D","PLXNB2",0.0446669041267058,0,"SEMA4D_PLXNB2","SEMA4D - PLXNB2","SEMA4","Cell-Cell Contact","PMID: 27533782"
"LAMP3_DC","Stromal_1","SEMA4D","PLXNB2",0.058298617746875,0,"SEMA4D_PLXNB2","SEMA4D - PLXNB2","SEMA4","Cell-Cell Contact","PMID: 27533782"
"Cycling","Stromal_1","SEMA4D","PLXNB2",0.0703120056495512,0,"SEMA4D_PLXNB2","SEMA4D - PLXNB2","SEMA4","Cell-Cell Contact","PMID: 27533782"
"Inflammatory_Macrophage","NK","SIGLEC1","SPN",0.120307485290219,0,"SIGLEC1_SPN","SIGLEC1 - SPN","SN","Cell-Cell Contact","KEGG: hsa04514; PMID: 11238599"
"Inflammatory_Macrophage","CD4_T","SIGLEC1","SPN",0.0837407175963835,0,"SIGLEC1_SPN","SIGLEC1 - SPN","SN","Cell-Cell Contact","KEGG: hsa04514; PMID: 11238599"
"Inflammatory_Macrophage","CD8_Cytotoxic","SIGLEC1","SPN",0.118063013675364,0,"SIGLEC1_SPN","SIGLEC1 - SPN","SN","Cell-Cell Contact","KEGG: hsa04514; PMID: 11238599"
"Inflammatory_Macrophage","Inflammatory_Macrophage","SIGLEC1","SPN",0.0875391052476008,0,"SIGLEC1_SPN","SIGLEC1 - SPN","SN","Cell-Cell Contact","KEGG: hsa04514; PMID: 11238599"
"Inflammatory_Macrophage","CD8_TRM","SIGLEC1","SPN",0.0844475610936824,0,"SIGLEC1_SPN","SIGLEC1 - SPN","SN","Cell-Cell Contact","KEGG: hsa04514; PMID: 11238599"
"Inflammatory_Macrophage","Treg","SIGLEC1","SPN",0.074403259964018,0,"SIGLEC1_SPN","SIGLEC1 - SPN","SN","Cell-Cell Contact","KEGG: hsa04514; PMID: 11238599"
"Inflammatory_Macrophage","cDC2","SIGLEC1","SPN",0.0663083228139401,0,"SIGLEC1_SPN","SIGLEC1 - SPN","SN","Cell-Cell Contact","KEGG: hsa04514; PMID: 11238599"
"Inflammatory_Macrophage","Stromal_2","SIGLEC1","SPN",0.0218721129304245,0,"SIGLEC1_SPN","SIGLEC1 - SPN","SN","Cell-Cell Contact","KEGG: hsa04514; PMID: 11238599"
"Inflammatory_Macrophage","LAMP3_DC","SIGLEC1","SPN",0.0861031684338187,0,"SIGLEC1_SPN","SIGLEC1 - SPN","SN","Cell-Cell Contact","KEGG: hsa04514; PMID: 11238599"
"Inflammatory_Macrophage","Cycling","SIGLEC1","SPN",0.111482812766608,0,"SIGLEC1_SPN","SIGLEC1 - SPN","SN","Cell-Cell Contact","KEGG: hsa04514; PMID: 11238599"
"Stromal_1","NK","THY1","ITGAM_ITGB2",0.109402804527067,0,"THY1_ITGAM_ITGB2","THY1 - (ITGAM+ITGB2)","THY1","Cell-Cell Contact","PMID: 15850796"
"Stromal_1","CD8_Cytotoxic","THY1","ITGAM_ITGB2",0.0650006587159632,0,"THY1_ITGAM_ITGB2","THY1 - (ITGAM+ITGB2)","THY1","Cell-Cell Contact","PMID: 15850796"
"Stromal_1","Inflammatory_Macrophage","THY1","ITGAM_ITGB2",0.0601694678544352,0,"THY1_ITGAM_ITGB2","THY1 - (ITGAM+ITGB2)","THY1","Cell-Cell Contact","PMID: 15850796"
"Stromal_1","cDC2","THY1","ITGAM_ITGB2",0.0585044440132632,0,"THY1_ITGAM_ITGB2","THY1 - (ITGAM+ITGB2)","THY1","Cell-Cell Contact","PMID: 15850796"
"Stromal_1","Cycling","THY1","ITGAM_ITGB2",0.0889736673050773,0,"THY1_ITGAM_ITGB2","THY1 - (ITGAM+ITGB2)","THY1","Cell-Cell Contact","PMID: 15850796"
"Stromal_1","NK","THY1","ITGAX_ITGB2",0.103271291169029,0,"THY1_ITGAX_ITGB2","THY1 - (ITGAX+ITGB2)","THY1","Cell-Cell Contact","PMID: 15850796"
"Stromal_1","Inflammatory_Macrophage","THY1","ITGAX_ITGB2",0.11376222730674,0,"THY1_ITGAX_ITGB2","THY1 - (ITGAX+ITGB2)","THY1","Cell-Cell Contact","PMID: 15850796"
"Stromal_1","cDC2","THY1","ITGAX_ITGB2",0.10081149376765,0,"THY1_ITGAX_ITGB2","THY1 - (ITGAX+ITGB2)","THY1","Cell-Cell Contact","PMID: 15850796"
"Stromal_1","Cycling","THY1","ITGAX_ITGB2",0.0561221437285787,0,"THY1_ITGAX_ITGB2","THY1 - (ITGAX+ITGB2)","THY1","Cell-Cell Contact","PMID: 15850796"
"Stromal_1","Stromal_1","CLDN2","CLDN2",0.201608589992571,0,"CLDN2_CLDN2","CLDN2 - CLDN2","CLDN","Cell-Cell Contact","PMID: 31942240"
"Stromal_1","Stromal_1","FLRT3","FLRT3",0.0139321917345535,0,"FLRT3_FLRT3","FLRT3 - FLRT3","FLRT","Cell-Cell Contact","PMID: 27091502"
"Stromal_1","cDC2","FLRT3","UNC5B",0.0121560624792559,0,"FLRT3_UNC5B","FLRT3 - UNC5B","UNC5","Cell-Cell Contact","PMID: 27091502"
"cDC2","NK","APP","SORL1",0.0556090012441122,0,"APP_SORL1","APP - SORL1","APP","Cell-Cell Contact","PMID: 24523320"
"Stromal_1","NK","APP","SORL1",0.0734813469745875,0,"APP_SORL1","APP - SORL1","APP","Cell-Cell Contact","PMID: 24523320"
"cDC2","CD4_T","APP","SORL1",0.0555407791515599,0,"APP_SORL1","APP - SORL1","APP","Cell-Cell Contact","PMID: 24523320"
"Stromal_1","CD4_T","APP","SORL1",0.07339290275358,0,"APP_SORL1","APP - SORL1","APP","Cell-Cell Contact","PMID: 24523320"
"cDC2","CD8_Cytotoxic","APP","SORL1",0.0196650212621799,0,"APP_SORL1","APP - SORL1","APP","Cell-Cell Contact","PMID: 24523320"
"Stromal_1","CD8_Cytotoxic","APP","SORL1",0.0263070194731285,0,"APP_SORL1","APP - SORL1","APP","Cell-Cell Contact","PMID: 24523320"
"cDC2","B_Cell","APP","SORL1",0.0170041844365262,0,"APP_SORL1","APP - SORL1","APP","Cell-Cell Contact","PMID: 24523320"
"Stromal_1","B_Cell","APP","SORL1",0.0227683391729612,0,"APP_SORL1","APP - SORL1","APP","Cell-Cell Contact","PMID: 24523320"
"cDC2","Inflammatory_Macrophage","APP","SORL1",0.0121929195602977,0,"APP_SORL1","APP - SORL1","APP","Cell-Cell Contact","PMID: 24523320"
"Stromal_1","Inflammatory_Macrophage","APP","SORL1",0.0163532627678246,0,"APP_SORL1","APP - SORL1","APP","Cell-Cell Contact","PMID: 24523320"
"cDC2","CD8_TRM","APP","SORL1",0.0189323074441399,0,"APP_SORL1","APP - SORL1","APP","Cell-Cell Contact","PMID: 24523320"
"Stromal_1","CD8_TRM","APP","SORL1",0.0253332216555386,0,"APP_SORL1","APP - SORL1","APP","Cell-Cell Contact","PMID: 24523320"
"cDC2","Treg","APP","SORL1",0.0192367539264393,0,"APP_SORL1","APP - SORL1","APP","Cell-Cell Contact","PMID: 24523320"
"Stromal_1","Treg","APP","SORL1",0.0257378995308574,0,"APP_SORL1","APP - SORL1","APP","Cell-Cell Contact","PMID: 24523320"
"cDC2","cDC2","APP","SORL1",0.0635519815502903,0,"APP_SORL1","APP - SORL1","APP","Cell-Cell Contact","PMID: 24523320"
"Stromal_1","cDC2","APP","SORL1",0.0837507560407596,0,"APP_SORL1","APP - SORL1","APP","Cell-Cell Contact","PMID: 24523320"
"cDC2","LAMP3_DC","APP","SORL1",0.0185686172663949,0,"APP_SORL1","APP - SORL1","APP","Cell-Cell Contact","PMID: 24523320"
"Stromal_1","LAMP3_DC","APP","SORL1",0.0248496842550377,0,"APP_SORL1","APP - SORL1","APP","Cell-Cell Contact","PMID: 24523320"
"cDC2","Cycling","APP","SORL1",0.0125527876794177,0,"APP_SORL1","APP - SORL1","APP","Cell-Cell Contact","PMID: 24523320"
"Stromal_1","Cycling","APP","SORL1",0.0168338288541849,0,"APP_SORL1","APP - SORL1","APP","Cell-Cell Contact","PMID: 24523320"
"cDC2","Stromal_1","APP","TNFRSF21",0.0167808532183778,0,"APP_TNFRSF21","APP - TNFRSF21","APP","Cell-Cell Contact","PMID: 33075465"
"Stromal_1","Stromal_1","APP","TNFRSF21",0.0224710327520512,0,"APP_TNFRSF21","APP - TNFRSF21","APP","Cell-Cell Contact","PMID: 33075465"
"cDC2","cDC2","APP","TREM2_TYROBP",0.0361315335209526,0,"APP_TREM2_TYROBP","APP - (TREM2+TYROBP)","APP","Cell-Cell Contact","PMID:27477013"
"Stromal_1","cDC2","APP","TREM2_TYROBP",0.0480625406813262,0,"APP_TREM2_TYROBP","APP - (TREM2+TYROBP)","APP","Cell-Cell Contact","PMID:27477013"
"cDC2","B_Cell","ADORA3","ENTPD1",0.0200340265228967,0,"ENTPD1_ADORA3","ADORA3 - ENTPD1","CD39","Cell-Cell Contact","uniprot"
"cDC2","Treg","ADORA3","ENTPD1",0.00412851429444521,0,"ENTPD1_ADORA3","ADORA3 - ENTPD1","CD39","Cell-Cell Contact","uniprot"
"cDC2","cDC2","ADORA3","ENTPD1",0.050797377983676,0,"ENTPD1_ADORA3","ADORA3 - ENTPD1","CD39","Cell-Cell Contact","uniprot"
"cDC2","Stromal_2","ADORA3","ENTPD1",0.0161667695499121,0,"ENTPD1_ADORA3","ADORA3 - ENTPD1","CD39","Cell-Cell Contact","uniprot"
"cDC2","cDC2","APOE","TREM2_TYROBP",0.0321036477175332,0,"APOE_TREM2_TYROBP","APOE - TREM2","ApoE","Cell-Cell Contact","uniprot;PMID:27477015"
"Stromal_1","cDC2","APOE","TREM2_TYROBP",0.210098051943964,0,"APOE_TREM2_TYROBP","APOE - TREM2","ApoE","Cell-Cell Contact","uniprot;PMID:27477015"
"CD8_TRM","cDC2","CRTAM","CADM1",0.0218755378796213,0,"CRTAM_CADM1","CRTAM - CADM1","CADM","Cell-Cell Contact","PMID: 26694968"
"CD8_TRM","Stromal_2","CRTAM","CADM1",0.0209143182803125,0,"CRTAM_CADM1","CRTAM - CADM1","CADM","Cell-Cell Contact","PMID: 26694968"
"NK","Inflammatory_Macrophage","LAIR1","LILRB4",0.0192702307317676,0,"LAIR1_LILRB4","LAIR1 - LILRB4","LAIR1","Cell-Cell Contact","PMID:19283782"
"Inflammatory_Macrophage","Inflammatory_Macrophage","LAIR1","LILRB4",0.0567778333255877,0,"LAIR1_LILRB4","LAIR1 - LILRB4","LAIR1","Cell-Cell Contact","PMID:19283782"
"cDC2","Inflammatory_Macrophage","LAIR1","LILRB4",0.0234573210584471,0,"LAIR1_LILRB4","LAIR1 - LILRB4","LAIR1","Cell-Cell Contact","PMID:19283782"
"NK","cDC2","LAIR1","LILRB4",0.039885946352545,0,"LAIR1_LILRB4","LAIR1 - LILRB4","LAIR1","Cell-Cell Contact","PMID:19283782"
"Inflammatory_Macrophage","cDC2","LAIR1","LILRB4",0.112900685349516,0,"LAIR1_LILRB4","LAIR1 - LILRB4","LAIR1","Cell-Cell Contact","PMID:19283782"
"cDC2","cDC2","LAIR1","LILRB4",0.0483317246978651,0,"LAIR1_LILRB4","LAIR1 - LILRB4","LAIR1","Cell-Cell Contact","PMID:19283782"
"CD4_T","NK","SIRPG","CD47",0.0864049589807774,0,"SIRPG_CD47","SIRPG - CD47","SIRP","Cell-Cell Contact","PMID:15294972"
"CD8_TRM","NK","SIRPG","CD47",0.0920765316977556,0,"SIRPG_CD47","SIRPG - CD47","SIRP","Cell-Cell Contact","PMID:15294972"
"Treg","NK","SIRPG","CD47",0.247295397326188,0,"SIRPG_CD47","SIRPG - CD47","SIRP","Cell-Cell Contact","PMID:15294972"
"LAMP3_DC","NK","SIRPG","CD47",0.0938967556824232,0,"SIRPG_CD47","SIRPG - CD47","SIRP","Cell-Cell Contact","PMID:15294972"
"CD4_T","CD4_T","SIRPG","CD47",0.0625714009775201,0,"SIRPG_CD47","SIRPG - CD47","SIRP","Cell-Cell Contact","PMID:15294972"
"CD8_TRM","CD4_T","SIRPG","CD47",0.0667929272351348,0,"SIRPG_CD47","SIRPG - CD47","SIRP","Cell-Cell Contact","PMID:15294972"
"Treg","CD4_T","SIRPG","CD47",0.188225905435538,0,"SIRPG_CD47","SIRPG - CD47","SIRP","Cell-Cell Contact","PMID:15294972"
"LAMP3_DC","CD4_T","SIRPG","CD47",0.0681508475538599,0,"SIRPG_CD47","SIRPG - CD47","SIRP","Cell-Cell Contact","PMID:15294972"
"CD4_T","CD8_Cytotoxic","SIRPG","CD47",0.0714633724661701,0,"SIRPG_CD47","SIRPG - CD47","SIRP","Cell-Cell Contact","PMID:15294972"
"CD8_TRM","CD8_Cytotoxic","SIRPG","CD47",0.0762360283447649,0,"SIRPG_CD47","SIRPG - CD47","SIRP","Cell-Cell Contact","PMID:15294972"
"Treg","CD8_Cytotoxic","SIRPG","CD47",0.210956128039392,0,"SIRPG_CD47","SIRPG - CD47","SIRP","Cell-Cell Contact","PMID:15294972"
"LAMP3_DC","CD8_Cytotoxic","SIRPG","CD47",0.0777699307776167,0,"SIRPG_CD47","SIRPG - CD47","SIRP","Cell-Cell Contact","PMID:15294972"
"CD4_T","B_Cell","SIRPG","CD47",0.08440313698909,0,"SIRPG_CD47","SIRPG - CD47","SIRP","Cell-Cell Contact","PMID:15294972"
"CD8_TRM","B_Cell","SIRPG","CD47",0.0899562492632856,0,"SIRPG_CD47","SIRPG - CD47","SIRP","Cell-Cell Contact","PMID:15294972"
"Treg","B_Cell","SIRPG","CD47",0.242555715178782,0,"SIRPG_CD47","SIRPG - CD47","SIRP","Cell-Cell Contact","PMID:15294972"
"LAMP3_DC","B_Cell","SIRPG","CD47",0.0917387934305142,0,"SIRPG_CD47","SIRPG - CD47","SIRP","Cell-Cell Contact","PMID:15294972"
"CD4_T","Inflammatory_Macrophage","SIRPG","CD47",0.0630600811956001,0,"SIRPG_CD47","SIRPG - CD47","SIRP","Cell-Cell Contact","PMID:15294972"
"CD8_TRM","Inflammatory_Macrophage","SIRPG","CD47",0.0673122099967891,0,"SIRPG_CD47","SIRPG - CD47","SIRP","Cell-Cell Contact","PMID:15294972"
"Treg","Inflammatory_Macrophage","SIRPG","CD47",0.189497564983021,0,"SIRPG_CD47","SIRPG - CD47","SIRP","Cell-Cell Contact","PMID:15294972"
"LAMP3_DC","Inflammatory_Macrophage","SIRPG","CD47",0.0686799105290403,0,"SIRPG_CD47","SIRPG - CD47","SIRP","Cell-Cell Contact","PMID:15294972"
"CD4_T","CD8_TRM","SIRPG","CD47",0.0567861633819022,0,"SIRPG_CD47","SIRPG - CD47","SIRP","Cell-Cell Contact","PMID:15294972"
"CD8_TRM","CD8_TRM","SIRPG","CD47",0.0606426246284153,0,"SIRPG_CD47","SIRPG - CD47","SIRP","Cell-Cell Contact","PMID:15294972"
"Treg","CD8_TRM","SIRPG","CD47",0.172966498494475,0,"SIRPG_CD47","SIRPG - CD47","SIRP","Cell-Cell Contact","PMID:15294972"
"LAMP3_DC","CD8_TRM","SIRPG","CD47",0.0618837990607187,0.02,"SIRPG_CD47","SIRPG - CD47","SIRP","Cell-Cell Contact","PMID:15294972"
"CD4_T","Treg","SIRPG","CD47",0.0525105763256405,0,"SIRPG_CD47","SIRPG - CD47","SIRP","Cell-Cell Contact","PMID:15294972"
"CD8_TRM","Treg","SIRPG","CD47",0.0560939421921289,0,"SIRPG_CD47","SIRPG - CD47","SIRP","Cell-Cell Contact","PMID:15294972"
"Treg","Treg","SIRPG","CD47",0.161440602962019,0,"SIRPG_CD47","SIRPG - CD47","SIRP","Cell-Cell Contact","PMID:15294972"
"LAMP3_DC","Treg","SIRPG","CD47",0.0572476923193254,0.02,"SIRPG_CD47","SIRPG - CD47","SIRP","Cell-Cell Contact","PMID:15294972"
"CD4_T","cDC2","SIRPG","CD47",0.0442443554190287,0,"SIRPG_CD47","SIRPG - CD47","SIRP","Cell-Cell Contact","PMID:15294972"
"CD8_TRM","cDC2","SIRPG","CD47",0.0472917828867766,0,"SIRPG_CD47","SIRPG - CD47","SIRP","Cell-Cell Contact","PMID:15294972"
"Treg","cDC2","SIRPG","CD47",0.138533806291773,0,"SIRPG_CD47","SIRPG - CD47","SIRP","Cell-Cell Contact","PMID:15294972"
"LAMP3_DC","cDC2","SIRPG","CD47",0.048273747711948,0.04,"SIRPG_CD47","SIRPG - CD47","SIRP","Cell-Cell Contact","PMID:15294972"
"CD4_T","Stromal_2","SIRPG","CD47",0.0515651193466975,0,"SIRPG_CD47","SIRPG - CD47","SIRP","Cell-Cell Contact","PMID:15294972"
"CD8_TRM","Stromal_2","SIRPG","CD47",0.0550877176025176,0,"SIRPG_CD47","SIRPG - CD47","SIRP","Cell-Cell Contact","PMID:15294972"
"Treg","Stromal_2","SIRPG","CD47",0.158862696624653,0,"SIRPG_CD47","SIRPG - CD47","SIRP","Cell-Cell Contact","PMID:15294972"
"LAMP3_DC","Stromal_2","SIRPG","CD47",0.0562220042552147,0.02,"SIRPG_CD47","SIRPG - CD47","SIRP","Cell-Cell Contact","PMID:15294972"
"CD4_T","LAMP3_DC","SIRPG","CD47",0.0926011294873256,0,"SIRPG_CD47","SIRPG - CD47","SIRP","Cell-Cell Contact","PMID:15294972"
"CD8_TRM","LAMP3_DC","SIRPG","CD47",0.0986355049030019,0,"SIRPG_CD47","SIRPG - CD47","SIRP","Cell-Cell Contact","PMID:15294972"
"Treg","LAMP3_DC","SIRPG","CD47",0.261723901169945,0,"SIRPG_CD47","SIRPG - CD47","SIRP","Cell-Cell Contact","PMID:15294972"
"LAMP3_DC","LAMP3_DC","SIRPG","CD47",0.100571027918728,0,"SIRPG_CD47","SIRPG - CD47","SIRP","Cell-Cell Contact","PMID:15294972"
"CD4_T","Cycling","SIRPG","CD47",0.0786612317024774,0,"SIRPG_CD47","SIRPG - CD47","SIRP","Cell-Cell Contact","PMID:15294972"
"CD8_TRM","Cycling","SIRPG","CD47",0.0838711736642452,0,"SIRPG_CD47","SIRPG - CD47","SIRP","Cell-Cell Contact","PMID:15294972"
"Treg","Cycling","SIRPG","CD47",0.228742687010948,0,"SIRPG_CD47","SIRPG - CD47","SIRP","Cell-Cell Contact","PMID:15294972"
"LAMP3_DC","Cycling","SIRPG","CD47",0.0855444724849714,0,"SIRPG_CD47","SIRPG - CD47","SIRP","Cell-Cell Contact","PMID:15294972"
